"","date","TempInSitu","AbsPressure","Depth","LoggerID"
"1",2022-03-29 20:00:00,29.652,103.085,0.211,"Pressure_877_CSled_20220329"
"2",2022-03-29 20:02:00,29.652,102.942,0.197,"Pressure_877_CSled_20220329"
"3",2022-03-29 20:04:00,29.652,103.157,0.218,"Pressure_877_CSled_20220329"
"4",2022-03-29 20:06:00,29.752,103.233,0.226,"Pressure_877_CSled_20220329"
"5",2022-03-29 20:08:00,29.752,103.269,0.229,"Pressure_877_CSled_20220329"
"6",2022-03-29 20:10:00,29.752,103.125,0.215,"Pressure_877_CSled_20220329"
"7",2022-03-29 20:12:00,29.752,103.305,0.233,"Pressure_877_CSled_20220329"
"8",2022-03-29 20:14:00,29.752,102.999,0.202,"Pressure_877_CSled_20220329"
"9",2022-03-29 20:16:00,29.752,103.917,0.294,"Pressure_877_CSled_20220329"
"10",2022-03-29 20:18:00,29.752,103.485,0.251,"Pressure_877_CSled_20220329"
"11",2022-03-29 20:20:00,29.752,103.323,0.235,"Pressure_877_CSled_20220329"
"12",2022-03-29 20:22:00,29.752,103.521,0.254,"Pressure_877_CSled_20220329"
"13",2022-03-29 20:24:00,29.752,103.449,0.247,"Pressure_877_CSled_20220329"
"14",2022-03-29 20:26:00,29.752,103.557,0.258,"Pressure_877_CSled_20220329"
"15",2022-03-29 20:28:00,29.752,103.593,0.262,"Pressure_877_CSled_20220329"
"16",2022-03-29 20:30:00,29.752,103.305,0.233,"Pressure_877_CSled_20220329"
"17",2022-03-29 20:32:00,29.752,103.593,0.262,"Pressure_877_CSled_20220329"
"18",2022-03-29 20:34:00,29.752,103.341,0.236,"Pressure_877_CSled_20220329"
"19",2022-03-29 20:36:00,29.752,103.557,0.258,"Pressure_877_CSled_20220329"
"20",2022-03-29 20:38:00,29.752,103.539,0.256,"Pressure_877_CSled_20220329"
"21",2022-03-29 20:40:00,29.752,103.359,0.238,"Pressure_877_CSled_20220329"
"22",2022-03-29 20:42:00,29.752,103.647,0.267,"Pressure_877_CSled_20220329"
"23",2022-03-29 20:44:00,29.752,103.503,0.253,"Pressure_877_CSled_20220329"
"24",2022-03-29 20:46:00,29.752,103.593,0.262,"Pressure_877_CSled_20220329"
"25",2022-03-29 20:48:00,29.752,103.647,0.267,"Pressure_877_CSled_20220329"
"26",2022-03-29 20:50:00,29.752,103.647,0.267,"Pressure_877_CSled_20220329"
"27",2022-03-29 20:52:00,29.752,103.845,0.287,"Pressure_877_CSled_20220329"
"28",2022-03-29 20:54:00,29.752,104.025,0.305,"Pressure_877_CSled_20220329"
"29",2022-03-29 20:56:00,29.752,103.593,0.262,"Pressure_877_CSled_20220329"
"30",2022-03-29 20:58:00,29.752,103.665,0.269,"Pressure_877_CSled_20220329"
"31",2022-03-29 21:00:00,29.752,103.809,0.283,"Pressure_877_CSled_20220329"
"32",2022-03-29 21:02:00,29.752,104.079,0.31,"Pressure_877_CSled_20220329"
"33",2022-03-29 21:04:00,29.752,103.989,0.301,"Pressure_877_CSled_20220329"
"34",2022-03-29 21:06:00,29.752,103.953,0.297,"Pressure_877_CSled_20220329"
"35",2022-03-29 21:08:00,29.752,104.583,0.36,"Pressure_877_CSled_20220329"
"36",2022-03-29 21:10:00,29.752,104.241,0.326,"Pressure_877_CSled_20220329"
"37",2022-03-29 21:12:00,29.752,103.863,0.288,"Pressure_877_CSled_20220329"
"38",2022-03-29 21:14:00,29.752,104.295,0.331,"Pressure_877_CSled_20220329"
"39",2022-03-29 21:16:00,29.652,104.093,0.311,"Pressure_877_CSled_20220329"
"40",2022-03-29 21:18:00,29.652,103.949,0.297,"Pressure_877_CSled_20220329"
"41",2022-03-29 21:20:00,29.652,104.327,0.335,"Pressure_877_CSled_20220329"
"42",2022-03-29 21:22:00,29.652,104.219,0.324,"Pressure_877_CSled_20220329"
"43",2022-03-29 21:24:00,29.652,104.075,0.309,"Pressure_877_CSled_20220329"
"44",2022-03-29 21:26:00,29.652,104.273,0.329,"Pressure_877_CSled_20220329"
"45",2022-03-29 21:28:00,29.652,104.67,0.369,"Pressure_877_CSled_20220329"
"46",2022-03-29 21:30:00,29.652,104.346,0.336,"Pressure_877_CSled_20220329"
"47",2022-03-29 21:32:00,29.652,104.436,0.345,"Pressure_877_CSled_20220329"
"48",2022-03-29 21:34:00,29.652,104.255,0.327,"Pressure_877_CSled_20220329"
"49",2022-03-29 21:36:00,29.652,104.58,0.36,"Pressure_877_CSled_20220329"
"50",2022-03-29 21:38:00,29.652,104.454,0.347,"Pressure_877_CSled_20220329"
"51",2022-03-29 21:40:00,29.652,104.58,0.36,"Pressure_877_CSled_20220329"
"52",2022-03-29 21:42:00,29.652,104.49,0.351,"Pressure_877_CSled_20220329"
"53",2022-03-29 21:44:00,29.652,104.562,0.358,"Pressure_877_CSled_20220329"
"54",2022-03-29 21:46:00,29.552,104.901,0.392,"Pressure_877_CSled_20220329"
"55",2022-03-29 21:48:00,29.552,104.63,0.365,"Pressure_877_CSled_20220329"
"56",2022-03-29 21:50:00,29.552,104.756,0.377,"Pressure_877_CSled_20220329"
"57",2022-03-29 21:52:00,29.552,104.486,0.35,"Pressure_877_CSled_20220329"
"58",2022-03-29 21:54:00,29.552,104.648,0.367,"Pressure_877_CSled_20220329"
"59",2022-03-29 21:56:00,29.552,104.576,0.359,"Pressure_877_CSled_20220329"
"60",2022-03-29 21:58:00,29.452,104.771,0.379,"Pressure_877_CSled_20220329"
"61",2022-03-29 22:00:00,29.452,104.951,0.397,"Pressure_877_CSled_20220329"
"62",2022-03-29 22:02:00,29.452,104.735,0.375,"Pressure_877_CSled_20220329"
"63",2022-03-29 22:04:00,29.452,104.879,0.389,"Pressure_877_CSled_20220329"
"64",2022-03-29 22:06:00,29.452,104.735,0.375,"Pressure_877_CSled_20220329"
"65",2022-03-29 22:08:00,29.452,104.717,0.373,"Pressure_877_CSled_20220329"
"66",2022-03-29 22:10:00,29.452,104.771,0.379,"Pressure_877_CSled_20220329"
"67",2022-03-29 22:12:00,29.452,105.113,0.413,"Pressure_877_CSled_20220329"
"68",2022-03-29 22:14:00,29.452,105.023,0.404,"Pressure_877_CSled_20220329"
"69",2022-03-29 22:16:00,29.452,104.735,0.375,"Pressure_877_CSled_20220329"
"70",2022-03-29 22:18:00,29.452,104.987,0.4,"Pressure_877_CSled_20220329"
"71",2022-03-29 22:20:00,29.352,105.056,0.407,"Pressure_877_CSled_20220329"
"72",2022-03-29 22:22:00,29.352,104.461,0.348,"Pressure_877_CSled_20220329"
"73",2022-03-29 22:24:00,29.352,105.128,0.414,"Pressure_877_CSled_20220329"
"74",2022-03-29 22:26:00,29.352,105.434,0.445,"Pressure_877_CSled_20220329"
"75",2022-03-29 22:28:00,29.352,105.074,0.409,"Pressure_877_CSled_20220329"
"76",2022-03-29 22:30:00,29.352,104.75,0.377,"Pressure_877_CSled_20220329"
"77",2022-03-29 22:32:00,29.252,104.8,0.382,"Pressure_877_CSled_20220329"
"78",2022-03-29 22:34:00,29.252,105.269,0.428,"Pressure_877_CSled_20220329"
"79",2022-03-29 22:36:00,29.352,104.984,0.4,"Pressure_877_CSled_20220329"
"80",2022-03-29 22:38:00,29.252,105.287,0.43,"Pressure_877_CSled_20220329"
"81",2022-03-29 22:40:00,29.252,105.125,0.414,"Pressure_877_CSled_20220329"
"82",2022-03-29 22:42:00,29.252,105.377,0.439,"Pressure_877_CSled_20220329"
"83",2022-03-29 22:44:00,29.252,105.088,0.41,"Pressure_877_CSled_20220329"
"84",2022-03-29 22:46:00,29.252,104.962,0.398,"Pressure_877_CSled_20220329"
"85",2022-03-29 22:48:00,29.252,105.377,0.439,"Pressure_877_CSled_20220329"
"86",2022-03-29 22:50:00,29.252,105.936,0.495,"Pressure_877_CSled_20220329"
"87",2022-03-29 22:52:00,29.252,105.431,0.444,"Pressure_877_CSled_20220329"
"88",2022-03-29 22:54:00,29.252,105.521,0.453,"Pressure_877_CSled_20220329"
"89",2022-03-29 22:56:00,29.252,104.944,0.396,"Pressure_877_CSled_20220329"
"90",2022-03-29 22:58:00,29.252,105.521,0.453,"Pressure_877_CSled_20220329"
"91",2022-03-29 23:00:00,29.252,104.872,0.389,"Pressure_877_CSled_20220329"
"92",2022-03-29 23:02:00,29.152,105.446,0.446,"Pressure_877_CSled_20220329"
"93",2022-03-29 23:04:00,29.152,105.355,0.437,"Pressure_877_CSled_20220329"
"94",2022-03-29 23:06:00,29.152,105.752,0.476,"Pressure_877_CSled_20220329"
"95",2022-03-29 23:08:00,29.152,105.391,0.44,"Pressure_877_CSled_20220329"
"96",2022-03-29 23:10:00,29.152,105.752,0.476,"Pressure_877_CSled_20220329"
"97",2022-03-29 23:12:00,29.152,105.391,0.44,"Pressure_877_CSled_20220329"
"98",2022-03-29 23:14:00,29.152,105.914,0.492,"Pressure_877_CSled_20220329"
"99",2022-03-29 23:16:00,29.152,105.265,0.428,"Pressure_877_CSled_20220329"
"100",2022-03-29 23:18:00,29.152,105.031,0.405,"Pressure_877_CSled_20220329"
"101",2022-03-29 23:20:00,29.053,105.64,0.465,"Pressure_877_CSled_20220329"
"102",2022-03-29 23:22:00,29.053,105.352,0.437,"Pressure_877_CSled_20220329"
"103",2022-03-29 23:24:00,29.053,105.28,0.429,"Pressure_877_CSled_20220329"
"104",2022-03-29 23:26:00,29.053,106.182,0.519,"Pressure_877_CSled_20220329"
"105",2022-03-29 23:28:00,29.053,105.1,0.411,"Pressure_877_CSled_20220329"
"106",2022-03-29 23:30:00,29.053,105.947,0.496,"Pressure_877_CSled_20220329"
"107",2022-03-29 23:32:00,29.053,106.091,0.51,"Pressure_877_CSled_20220329"
"108",2022-03-29 23:34:00,29.053,105.785,0.48,"Pressure_877_CSled_20220329"
"109",2022-03-29 23:36:00,29.053,105.28,0.429,"Pressure_877_CSled_20220329"
"110",2022-03-29 23:38:00,29.053,105.568,0.458,"Pressure_877_CSled_20220329"
"111",2022-03-29 23:40:00,29.053,105.749,0.476,"Pressure_877_CSled_20220329"
"112",2022-03-29 23:42:00,28.953,105.331,0.434,"Pressure_877_CSled_20220329"
"113",2022-03-29 23:44:00,28.953,105.529,0.454,"Pressure_877_CSled_20220329"
"114",2022-03-29 23:46:00,28.953,105.98,0.499,"Pressure_877_CSled_20220329"
"115",2022-03-29 23:48:00,28.953,105.691,0.47,"Pressure_877_CSled_20220329"
"116",2022-03-29 23:50:00,28.953,105.096,0.411,"Pressure_877_CSled_20220329"
"117",2022-03-29 23:52:00,28.953,105.385,0.44,"Pressure_877_CSled_20220329"
"118",2022-03-29 23:54:00,28.953,105.962,0.497,"Pressure_877_CSled_20220329"
"119",2022-03-29 23:56:00,28.953,106.106,0.512,"Pressure_877_CSled_20220329"
"120",2022-03-29 23:58:00,28.953,105.673,0.468,"Pressure_877_CSled_20220329"
"121",2022-03-30 00:00:00,28.953,105.493,0.451,"Pressure_877_CSled_20220329"
"122",2022-03-30 00:02:00,28.953,105.349,0.436,"Pressure_877_CSled_20220329"
"123",2022-03-30 00:04:00,28.953,105.475,0.449,"Pressure_877_CSled_20220329"
"124",2022-03-30 00:06:00,28.953,105.24,0.425,"Pressure_877_CSled_20220329"
"125",2022-03-30 00:08:00,28.853,105.057,0.407,"Pressure_877_CSled_20220329"
"126",2022-03-30 00:10:00,28.853,105.742,0.475,"Pressure_877_CSled_20220329"
"127",2022-03-30 00:12:00,28.853,105.471,0.448,"Pressure_877_CSled_20220329"
"128",2022-03-30 00:14:00,28.853,105.561,0.457,"Pressure_877_CSled_20220329"
"129",2022-03-30 00:16:00,28.853,105.598,0.461,"Pressure_877_CSled_20220329"
"130",2022-03-30 00:18:00,28.853,105.507,0.452,"Pressure_877_CSled_20220329"
"131",2022-03-30 00:20:00,28.853,105.814,0.482,"Pressure_877_CSled_20220329"
"132",2022-03-30 00:22:00,28.853,105.796,0.481,"Pressure_877_CSled_20220329"
"133",2022-03-30 00:24:00,28.853,106.048,0.506,"Pressure_877_CSled_20220329"
"134",2022-03-30 00:26:00,28.853,105.994,0.5,"Pressure_877_CSled_20220329"
"135",2022-03-30 00:28:00,28.853,105.543,0.456,"Pressure_877_CSled_20220329"
"136",2022-03-30 00:30:00,28.853,105.543,0.456,"Pressure_877_CSled_20220329"
"137",2022-03-30 00:32:00,28.754,105.72,0.473,"Pressure_877_CSled_20220329"
"138",2022-03-30 00:34:00,28.754,105.179,0.419,"Pressure_877_CSled_20220329"
"139",2022-03-30 00:36:00,28.754,105.955,0.497,"Pressure_877_CSled_20220329"
"140",2022-03-30 00:38:00,28.754,105.738,0.475,"Pressure_877_CSled_20220329"
"141",2022-03-30 00:40:00,28.754,105.576,0.459,"Pressure_877_CSled_20220329"
"142",2022-03-30 00:42:00,28.754,105.648,0.466,"Pressure_877_CSled_20220329"
"143",2022-03-30 00:44:00,28.754,105.865,0.488,"Pressure_877_CSled_20220329"
"144",2022-03-30 00:46:00,28.754,105.468,0.448,"Pressure_877_CSled_20220329"
"145",2022-03-30 00:48:00,28.754,105.666,0.468,"Pressure_877_CSled_20220329"
"146",2022-03-30 00:50:00,28.754,105.666,0.468,"Pressure_877_CSled_20220329"
"147",2022-03-30 00:52:00,28.754,105.432,0.444,"Pressure_877_CSled_20220329"
"148",2022-03-30 00:54:00,28.754,105.378,0.439,"Pressure_877_CSled_20220329"
"149",2022-03-30 00:56:00,28.754,105.45,0.446,"Pressure_877_CSled_20220329"
"150",2022-03-30 00:58:00,28.655,105.915,0.493,"Pressure_877_CSled_20220329"
"151",2022-03-30 01:00:00,28.655,105.374,0.439,"Pressure_877_CSled_20220329"
"152",2022-03-30 01:02:00,28.655,105.284,0.43,"Pressure_877_CSled_20220329"
"153",2022-03-30 01:04:00,28.655,105.176,0.419,"Pressure_877_CSled_20220329"
"154",2022-03-30 01:06:00,28.655,105.392,0.441,"Pressure_877_CSled_20220329"
"155",2022-03-30 01:08:00,28.655,105.555,0.457,"Pressure_877_CSled_20220329"
"156",2022-03-30 01:10:00,28.655,105.5,0.451,"Pressure_877_CSled_20220329"
"157",2022-03-30 01:12:00,28.655,105.951,0.496,"Pressure_877_CSled_20220329"
"158",2022-03-30 01:14:00,28.655,105.302,0.432,"Pressure_877_CSled_20220329"
"159",2022-03-30 01:16:00,28.655,105.519,0.453,"Pressure_877_CSled_20220329"
"160",2022-03-30 01:18:00,28.655,105.735,0.475,"Pressure_877_CSled_20220329"
"161",2022-03-30 01:20:00,28.655,105.627,0.464,"Pressure_877_CSled_20220329"
"162",2022-03-30 01:22:00,28.655,105.302,0.432,"Pressure_877_CSled_20220329"
"163",2022-03-30 01:24:00,28.655,105.32,0.433,"Pressure_877_CSled_20220329"
"164",2022-03-30 01:26:00,28.555,105.443,0.446,"Pressure_877_CSled_20220329"
"165",2022-03-30 01:28:00,28.555,105.173,0.419,"Pressure_877_CSled_20220329"
"166",2022-03-30 01:30:00,28.655,105.464,0.448,"Pressure_877_CSled_20220329"
"167",2022-03-30 01:32:00,28.655,105.5,0.451,"Pressure_877_CSled_20220329"
"168",2022-03-30 01:34:00,28.555,105.551,0.456,"Pressure_877_CSled_20220329"
"169",2022-03-30 01:36:00,28.555,105.245,0.426,"Pressure_877_CSled_20220329"
"170",2022-03-30 01:38:00,28.555,105.046,0.406,"Pressure_877_CSled_20220329"
"171",2022-03-30 01:40:00,28.555,105.191,0.421,"Pressure_877_CSled_20220329"
"172",2022-03-30 01:42:00,28.555,105.101,0.412,"Pressure_877_CSled_20220329"
"173",2022-03-30 01:44:00,28.555,105.749,0.476,"Pressure_877_CSled_20220329"
"174",2022-03-30 01:46:00,28.555,105.587,0.46,"Pressure_877_CSled_20220329"
"175",2022-03-30 01:48:00,28.555,104.776,0.379,"Pressure_877_CSled_20220329"
"176",2022-03-30 01:50:00,28.555,105.245,0.426,"Pressure_877_CSled_20220329"
"177",2022-03-30 01:52:00,28.555,105.461,0.447,"Pressure_877_CSled_20220329"
"178",2022-03-30 01:54:00,28.456,105.025,0.404,"Pressure_877_CSled_20220329"
"179",2022-03-30 01:56:00,28.456,104.989,0.4,"Pressure_877_CSled_20220329"
"180",2022-03-30 01:58:00,28.456,104.953,0.397,"Pressure_877_CSled_20220329"
"181",2022-03-30 02:00:00,28.456,105.007,0.402,"Pressure_877_CSled_20220329"
"182",2022-03-30 02:02:00,28.456,105.277,0.429,"Pressure_877_CSled_20220329"
"183",2022-03-30 02:04:00,28.456,105.764,0.478,"Pressure_877_CSled_20220329"
"184",2022-03-30 02:06:00,28.456,104.827,0.384,"Pressure_877_CSled_20220329"
"185",2022-03-30 02:08:00,28.456,105.061,0.408,"Pressure_877_CSled_20220329"
"186",2022-03-30 02:10:00,28.456,105.313,0.433,"Pressure_877_CSled_20220329"
"187",2022-03-30 02:12:00,28.456,105.043,0.406,"Pressure_877_CSled_20220329"
"188",2022-03-30 02:14:00,28.456,105.223,0.424,"Pressure_877_CSled_20220329"
"189",2022-03-30 02:16:00,28.456,106.107,0.512,"Pressure_877_CSled_20220329"
"190",2022-03-30 02:18:00,28.456,105.277,0.429,"Pressure_877_CSled_20220329"
"191",2022-03-30 02:20:00,28.456,104.809,0.383,"Pressure_877_CSled_20220329"
"192",2022-03-30 02:22:00,28.456,104.485,0.35,"Pressure_877_CSled_20220329"
"193",2022-03-30 02:24:00,28.456,104.629,0.365,"Pressure_877_CSled_20220329"
"194",2022-03-30 02:26:00,28.456,104.773,0.379,"Pressure_877_CSled_20220329"
"195",2022-03-30 02:28:00,28.357,104.787,0.38,"Pressure_877_CSled_20220329"
"196",2022-03-30 02:30:00,28.357,105.166,0.418,"Pressure_877_CSled_20220329"
"197",2022-03-30 02:32:00,28.357,104.625,0.364,"Pressure_877_CSled_20220329"
"198",2022-03-30 02:34:00,28.357,104.787,0.38,"Pressure_877_CSled_20220329"
"199",2022-03-30 02:36:00,28.357,104.553,0.357,"Pressure_877_CSled_20220329"
"200",2022-03-30 02:38:00,28.357,104.607,0.362,"Pressure_877_CSled_20220329"
"201",2022-03-30 02:40:00,28.357,105.04,0.405,"Pressure_877_CSled_20220329"
"202",2022-03-30 02:42:00,28.357,105.544,0.456,"Pressure_877_CSled_20220329"
"203",2022-03-30 02:44:00,28.357,105.4,0.441,"Pressure_877_CSled_20220329"
"204",2022-03-30 02:46:00,28.357,104.409,0.343,"Pressure_877_CSled_20220329"
"205",2022-03-30 02:48:00,28.357,105.418,0.443,"Pressure_877_CSled_20220329"
"206",2022-03-30 02:50:00,28.357,105.472,0.448,"Pressure_877_CSled_20220329"
"207",2022-03-30 02:52:00,28.357,104.787,0.38,"Pressure_877_CSled_20220329"
"208",2022-03-30 02:54:00,28.357,104.373,0.339,"Pressure_877_CSled_20220329"
"209",2022-03-30 02:56:00,28.357,104.391,0.341,"Pressure_877_CSled_20220329"
"210",2022-03-30 02:58:00,28.357,104.841,0.386,"Pressure_877_CSled_20220329"
"211",2022-03-30 03:00:00,28.357,104.679,0.37,"Pressure_877_CSled_20220329"
"212",2022-03-30 03:02:00,28.357,104.445,0.346,"Pressure_877_CSled_20220329"
"213",2022-03-30 03:04:00,28.357,104.589,0.361,"Pressure_877_CSled_20220329"
"214",2022-03-30 03:06:00,28.258,104.856,0.387,"Pressure_877_CSled_20220329"
"215",2022-03-30 03:08:00,28.357,104.139,0.316,"Pressure_877_CSled_20220329"
"216",2022-03-30 03:10:00,28.357,104.337,0.336,"Pressure_877_CSled_20220329"
"217",2022-03-30 03:12:00,28.357,104.571,0.359,"Pressure_877_CSled_20220329"
"218",2022-03-30 03:14:00,28.357,104.409,0.343,"Pressure_877_CSled_20220329"
"219",2022-03-30 03:16:00,28.357,104.391,0.341,"Pressure_877_CSled_20220329"
"220",2022-03-30 03:18:00,28.258,104.424,0.344,"Pressure_877_CSled_20220329"
"221",2022-03-30 03:20:00,28.258,104.316,0.333,"Pressure_877_CSled_20220329"
"222",2022-03-30 03:22:00,28.258,104.208,0.323,"Pressure_877_CSled_20220329"
"223",2022-03-30 03:24:00,28.258,103.974,0.299,"Pressure_877_CSled_20220329"
"224",2022-03-30 03:26:00,28.258,103.938,0.296,"Pressure_877_CSled_20220329"
"225",2022-03-30 03:28:00,28.258,103.956,0.298,"Pressure_877_CSled_20220329"
"226",2022-03-30 03:30:00,28.258,104.388,0.341,"Pressure_877_CSled_20220329"
"227",2022-03-30 03:32:00,28.357,104.409,0.343,"Pressure_877_CSled_20220329"
"228",2022-03-30 03:34:00,28.357,104.139,0.316,"Pressure_877_CSled_20220329"
"229",2022-03-30 03:36:00,28.357,103.815,0.284,"Pressure_877_CSled_20220329"
"230",2022-03-30 03:38:00,28.357,104.067,0.309,"Pressure_877_CSled_20220329"
"231",2022-03-30 03:40:00,28.258,103.668,0.269,"Pressure_877_CSled_20220329"
"232",2022-03-30 03:42:00,28.258,103.884,0.29,"Pressure_877_CSled_20220329"
"233",2022-03-30 03:44:00,28.258,103.776,0.28,"Pressure_877_CSled_20220329"
"234",2022-03-30 03:46:00,28.258,103.722,0.274,"Pressure_877_CSled_20220329"
"235",2022-03-30 03:48:00,28.258,103.974,0.299,"Pressure_877_CSled_20220329"
"236",2022-03-30 03:50:00,28.258,103.83,0.285,"Pressure_877_CSled_20220329"
"237",2022-03-30 03:52:00,28.258,103.794,0.282,"Pressure_877_CSled_20220329"
"238",2022-03-30 03:54:00,28.258,103.488,0.251,"Pressure_877_CSled_20220329"
"239",2022-03-30 03:56:00,28.258,103.848,0.287,"Pressure_877_CSled_20220329"
"240",2022-03-30 03:58:00,28.159,103.664,0.269,"Pressure_877_CSled_20220329"
"241",2022-03-30 04:00:00,28.159,103.449,0.247,"Pressure_877_CSled_20220329"
"242",2022-03-30 04:02:00,28.159,103.557,0.258,"Pressure_877_CSled_20220329"
"243",2022-03-30 04:04:00,28.159,103.323,0.235,"Pressure_877_CSled_20220329"
"244",2022-03-30 04:06:00,28.159,103.377,0.24,"Pressure_877_CSled_20220329"
"245",2022-03-30 04:08:00,28.06,103.337,0.236,"Pressure_877_CSled_20220329"
"246",2022-03-30 04:10:00,28.06,103.481,0.25,"Pressure_877_CSled_20220329"
"247",2022-03-30 04:12:00,28.06,103.409,0.243,"Pressure_877_CSled_20220329"
"248",2022-03-30 04:14:00,28.06,103.283,0.231,"Pressure_877_CSled_20220329"
"249",2022-03-30 04:16:00,28.06,103.122,0.215,"Pressure_877_CSled_20220329"
"250",2022-03-30 04:18:00,28.159,103.664,0.269,"Pressure_877_CSled_20220329"
"251",2022-03-30 04:20:00,28.159,103.251,0.228,"Pressure_877_CSled_20220329"
"252",2022-03-30 04:22:00,28.06,103.265,0.229,"Pressure_877_CSled_20220329"
"253",2022-03-30 04:24:00,28.06,103.175,0.22,"Pressure_877_CSled_20220329"
"254",2022-03-30 04:26:00,28.06,103.265,0.229,"Pressure_877_CSled_20220329"
"255",2022-03-30 04:28:00,28.06,102.906,0.193,"Pressure_877_CSled_20220329"
"256",2022-03-30 04:30:00,28.06,103.122,0.215,"Pressure_877_CSled_20220329"
"257",2022-03-30 04:32:00,28.06,103.175,0.22,"Pressure_877_CSled_20220329"
"258",2022-03-30 04:34:00,28.06,103.014,0.204,"Pressure_877_CSled_20220329"
"259",2022-03-30 04:36:00,28.06,102.978,0.2,"Pressure_877_CSled_20220329"
"260",2022-03-30 04:38:00,28.06,103.283,0.231,"Pressure_877_CSled_20220329"
"261",2022-03-30 04:40:00,28.06,103.122,0.215,"Pressure_877_CSled_20220329"
"262",2022-03-30 04:42:00,28.06,102.942,0.197,"Pressure_877_CSled_20220329"
"263",2022-03-30 04:44:00,27.961,103.136,0.216,"Pressure_877_CSled_20220329"
"264",2022-03-30 04:46:00,27.961,103.028,0.205,"Pressure_877_CSled_20220329"
"265",2022-03-30 04:48:00,28.06,103.14,0.216,"Pressure_877_CSled_20220329"
"266",2022-03-30 04:50:00,27.961,102.884,0.191,"Pressure_877_CSled_20220329"
"267",2022-03-30 04:52:00,27.961,102.884,0.191,"Pressure_877_CSled_20220329"
"268",2022-03-30 04:54:00,27.961,103.082,0.211,"Pressure_877_CSled_20220329"
"269",2022-03-30 04:56:00,27.961,102.956,0.198,"Pressure_877_CSled_20220329"
"270",2022-03-30 04:58:00,27.961,103.1,0.212,"Pressure_877_CSled_20220329"
"271",2022-03-30 05:00:00,27.961,102.992,0.202,"Pressure_877_CSled_20220329"
"272",2022-03-30 05:02:00,27.961,102.723,0.175,"Pressure_877_CSled_20220329"
"273",2022-03-30 05:04:00,27.961,102.777,0.18,"Pressure_877_CSled_20220329"
"274",2022-03-30 05:06:00,27.961,102.849,0.188,"Pressure_877_CSled_20220329"
"275",2022-03-30 05:08:00,27.961,102.669,0.17,"Pressure_877_CSled_20220329"
"276",2022-03-30 05:10:00,27.961,102.687,0.171,"Pressure_877_CSled_20220329"
"277",2022-03-30 05:12:00,27.961,102.561,0.159,"Pressure_877_CSled_20220329"
"278",2022-03-30 05:14:00,27.961,103.064,0.209,"Pressure_877_CSled_20220329"
"279",2022-03-30 05:16:00,27.961,102.687,0.171,"Pressure_877_CSled_20220329"
"280",2022-03-30 05:18:00,27.961,102.723,0.175,"Pressure_877_CSled_20220329"
"281",2022-03-30 05:20:00,27.961,102.633,0.166,"Pressure_877_CSled_20220329"
"282",2022-03-30 05:22:00,27.961,102.705,0.173,"Pressure_877_CSled_20220329"
"283",2022-03-30 05:24:00,27.961,102.813,0.184,"Pressure_877_CSled_20220329"
"284",2022-03-30 05:26:00,27.961,102.525,0.155,"Pressure_877_CSled_20220329"
"285",2022-03-30 05:28:00,27.961,102.471,0.15,"Pressure_877_CSled_20220329"
"286",2022-03-30 05:30:00,27.862,102.809,0.184,"Pressure_877_CSled_20220329"
"287",2022-03-30 05:32:00,27.862,102.558,0.159,"Pressure_877_CSled_20220329"
"288",2022-03-30 05:34:00,27.961,102.849,0.188,"Pressure_877_CSled_20220329"
"289",2022-03-30 05:36:00,27.961,102.561,0.159,"Pressure_877_CSled_20220329"
"290",2022-03-30 05:38:00,27.961,102.741,0.177,"Pressure_877_CSled_20220329"
"291",2022-03-30 05:40:00,27.862,102.486,0.151,"Pressure_877_CSled_20220329"
"292",2022-03-30 05:42:00,27.961,102.633,0.166,"Pressure_877_CSled_20220329"
"293",2022-03-30 05:44:00,27.862,102.612,0.164,"Pressure_877_CSled_20220329"
"294",2022-03-30 05:46:00,27.862,102.863,0.189,"Pressure_877_CSled_20220329"
"295",2022-03-30 05:48:00,27.862,102.486,0.151,"Pressure_877_CSled_20220329"
"296",2022-03-30 05:50:00,27.862,102.719,0.175,"Pressure_877_CSled_20220329"
"297",2022-03-30 05:52:00,27.862,102.755,0.178,"Pressure_877_CSled_20220329"
"298",2022-03-30 05:54:00,27.862,102.737,0.176,"Pressure_877_CSled_20220329"
"299",2022-03-30 05:56:00,27.862,102.863,0.189,"Pressure_877_CSled_20220329"
"300",2022-03-30 05:58:00,27.862,102.594,0.162,"Pressure_877_CSled_20220329"
"301",2022-03-30 06:00:00,27.862,102.701,0.173,"Pressure_877_CSled_20220329"
"302",2022-03-30 06:02:00,27.862,102.522,0.155,"Pressure_877_CSled_20220329"
"303",2022-03-30 06:04:00,27.862,102.378,0.141,"Pressure_877_CSled_20220329"
"304",2022-03-30 06:06:00,27.862,102.701,0.173,"Pressure_877_CSled_20220329"
"305",2022-03-30 06:08:00,27.862,102.378,0.141,"Pressure_877_CSled_20220329"
"306",2022-03-30 06:10:00,27.764,102.447,0.148,"Pressure_877_CSled_20220329"
"307",2022-03-30 06:12:00,27.862,102.468,0.15,"Pressure_877_CSled_20220329"
"308",2022-03-30 06:14:00,27.961,102.399,0.143,"Pressure_877_CSled_20220329"
"309",2022-03-30 06:16:00,27.862,102.63,0.166,"Pressure_877_CSled_20220329"
"310",2022-03-30 06:18:00,27.862,102.576,0.16,"Pressure_877_CSled_20220329"
"311",2022-03-30 06:20:00,27.764,102.482,0.151,"Pressure_877_CSled_20220329"
"312",2022-03-30 06:22:00,27.862,102.558,0.159,"Pressure_877_CSled_20220329"
"313",2022-03-30 06:24:00,27.862,102.468,0.15,"Pressure_877_CSled_20220329"
"314",2022-03-30 06:26:00,27.862,102.45,0.148,"Pressure_877_CSled_20220329"
"315",2022-03-30 06:28:00,27.862,102.612,0.164,"Pressure_877_CSled_20220329"
"316",2022-03-30 06:30:00,27.961,102.399,0.143,"Pressure_877_CSled_20220329"
"317",2022-03-30 06:32:00,27.961,102.453,0.148,"Pressure_877_CSled_20220329"
"318",2022-03-30 06:34:00,27.961,102.651,0.168,"Pressure_877_CSled_20220329"
"319",2022-03-30 06:36:00,27.961,102.381,0.141,"Pressure_877_CSled_20220329"
"320",2022-03-30 06:38:00,27.961,102.471,0.15,"Pressure_877_CSled_20220329"
"321",2022-03-30 06:40:00,27.862,102.522,0.155,"Pressure_877_CSled_20220329"
"322",2022-03-30 06:42:00,27.862,102.468,0.15,"Pressure_877_CSled_20220329"
"323",2022-03-30 06:44:00,27.862,102.45,0.148,"Pressure_877_CSled_20220329"
"324",2022-03-30 06:46:00,27.862,102.63,0.166,"Pressure_877_CSled_20220329"
"325",2022-03-30 06:48:00,27.862,102.594,0.162,"Pressure_877_CSled_20220329"
"326",2022-03-30 06:50:00,27.862,102.612,0.164,"Pressure_877_CSled_20220329"
"327",2022-03-30 06:52:00,27.862,102.54,0.157,"Pressure_877_CSled_20220329"
"328",2022-03-30 06:54:00,27.862,102.683,0.171,"Pressure_877_CSled_20220329"
"329",2022-03-30 06:56:00,27.961,102.741,0.177,"Pressure_877_CSled_20220329"
"330",2022-03-30 06:58:00,27.961,102.992,0.202,"Pressure_877_CSled_20220329"
"331",2022-03-30 07:00:00,27.862,102.719,0.175,"Pressure_877_CSled_20220329"
"332",2022-03-30 07:02:00,27.862,102.845,0.187,"Pressure_877_CSled_20220329"
"333",2022-03-30 07:04:00,27.862,102.845,0.187,"Pressure_877_CSled_20220329"
"334",2022-03-30 07:06:00,27.862,102.827,0.185,"Pressure_877_CSled_20220329"
"335",2022-03-30 07:08:00,27.862,102.953,0.198,"Pressure_877_CSled_20220329"
"336",2022-03-30 07:10:00,27.862,102.719,0.175,"Pressure_877_CSled_20220329"
"337",2022-03-30 07:12:00,27.862,103.061,0.209,"Pressure_877_CSled_20220329"
"338",2022-03-30 07:14:00,27.862,102.791,0.182,"Pressure_877_CSled_20220329"
"339",2022-03-30 07:16:00,27.862,102.63,0.166,"Pressure_877_CSled_20220329"
"340",2022-03-30 07:18:00,27.862,102.773,0.18,"Pressure_877_CSled_20220329"
"341",2022-03-30 07:20:00,27.862,102.701,0.173,"Pressure_877_CSled_20220329"
"342",2022-03-30 07:22:00,27.862,102.953,0.198,"Pressure_877_CSled_20220329"
"343",2022-03-30 07:24:00,27.862,102.755,0.178,"Pressure_877_CSled_20220329"
"344",2022-03-30 07:26:00,27.862,102.863,0.189,"Pressure_877_CSled_20220329"
"345",2022-03-30 07:28:00,27.862,102.683,0.171,"Pressure_877_CSled_20220329"
"346",2022-03-30 07:30:00,27.862,102.971,0.2,"Pressure_877_CSled_20220329"
"347",2022-03-30 07:32:00,27.961,102.884,0.191,"Pressure_877_CSled_20220329"
"348",2022-03-30 07:34:00,27.961,103.154,0.218,"Pressure_877_CSled_20220329"
"349",2022-03-30 07:36:00,27.961,103.154,0.218,"Pressure_877_CSled_20220329"
"350",2022-03-30 07:38:00,27.961,103.208,0.223,"Pressure_877_CSled_20220329"
"351",2022-03-30 07:40:00,27.961,103.172,0.22,"Pressure_877_CSled_20220329"
"352",2022-03-30 07:42:00,27.862,102.971,0.2,"Pressure_877_CSled_20220329"
"353",2022-03-30 07:44:00,27.862,102.935,0.196,"Pressure_877_CSled_20220329"
"354",2022-03-30 07:46:00,27.862,103.061,0.209,"Pressure_877_CSled_20220329"
"355",2022-03-30 07:48:00,27.961,103.136,0.216,"Pressure_877_CSled_20220329"
"356",2022-03-30 07:50:00,27.961,103.28,0.23,"Pressure_877_CSled_20220329"
"357",2022-03-30 07:52:00,27.961,103.244,0.227,"Pressure_877_CSled_20220329"
"358",2022-03-30 07:54:00,27.961,103.442,0.247,"Pressure_877_CSled_20220329"
"359",2022-03-30 07:56:00,27.961,103.244,0.227,"Pressure_877_CSled_20220329"
"360",2022-03-30 07:58:00,27.961,103.136,0.216,"Pressure_877_CSled_20220329"
"361",2022-03-30 08:00:00,27.961,103.28,0.23,"Pressure_877_CSled_20220329"
"362",2022-03-30 08:02:00,27.862,103.277,0.23,"Pressure_877_CSled_20220329"
"363",2022-03-30 08:04:00,27.961,103.28,0.23,"Pressure_877_CSled_20220329"
"364",2022-03-30 08:06:00,27.961,103.226,0.225,"Pressure_877_CSled_20220329"
"365",2022-03-30 08:08:00,27.961,103.064,0.209,"Pressure_877_CSled_20220329"
"366",2022-03-30 08:10:00,27.961,103.406,0.243,"Pressure_877_CSled_20220329"
"367",2022-03-30 08:12:00,27.961,103.19,0.221,"Pressure_877_CSled_20220329"
"368",2022-03-30 08:14:00,27.961,103.73,0.275,"Pressure_877_CSled_20220329"
"369",2022-03-30 08:16:00,28.06,103.445,0.247,"Pressure_877_CSled_20220329"
"370",2022-03-30 08:18:00,28.06,103.319,0.234,"Pressure_877_CSled_20220329"
"371",2022-03-30 08:20:00,28.06,103.373,0.24,"Pressure_877_CSled_20220329"
"372",2022-03-30 08:22:00,28.06,103.391,0.241,"Pressure_877_CSled_20220329"
"373",2022-03-30 08:24:00,28.06,103.355,0.238,"Pressure_877_CSled_20220329"
"374",2022-03-30 08:26:00,27.961,103.28,0.23,"Pressure_877_CSled_20220329"
"375",2022-03-30 08:28:00,28.06,103.769,0.279,"Pressure_877_CSled_20220329"
"376",2022-03-30 08:30:00,27.961,103.712,0.273,"Pressure_877_CSled_20220329"
"377",2022-03-30 08:32:00,27.961,103.532,0.255,"Pressure_877_CSled_20220329"
"378",2022-03-30 08:34:00,28.06,103.481,0.25,"Pressure_877_CSled_20220329"
"379",2022-03-30 08:36:00,28.06,103.445,0.247,"Pressure_877_CSled_20220329"
"380",2022-03-30 08:38:00,28.06,103.607,0.263,"Pressure_877_CSled_20220329"
"381",2022-03-30 08:40:00,28.06,103.661,0.268,"Pressure_877_CSled_20220329"
"382",2022-03-30 08:42:00,28.06,103.859,0.288,"Pressure_877_CSled_20220329"
"383",2022-03-30 08:44:00,28.06,103.463,0.249,"Pressure_877_CSled_20220329"
"384",2022-03-30 08:46:00,28.06,103.517,0.254,"Pressure_877_CSled_20220329"
"385",2022-03-30 08:48:00,27.961,103.658,0.268,"Pressure_877_CSled_20220329"
"386",2022-03-30 08:50:00,28.06,103.733,0.275,"Pressure_877_CSled_20220329"
"387",2022-03-30 08:52:00,28.06,104.219,0.324,"Pressure_877_CSled_20220329"
"388",2022-03-30 08:54:00,28.06,103.535,0.256,"Pressure_877_CSled_20220329"
"389",2022-03-30 08:56:00,28.06,103.769,0.279,"Pressure_877_CSled_20220329"
"390",2022-03-30 08:58:00,28.159,104.222,0.324,"Pressure_877_CSled_20220329"
"391",2022-03-30 09:00:00,28.159,103.952,0.297,"Pressure_877_CSled_20220329"
"392",2022-03-30 09:02:00,28.159,103.772,0.279,"Pressure_877_CSled_20220329"
"393",2022-03-30 09:04:00,28.159,104.366,0.338,"Pressure_877_CSled_20220329"
"394",2022-03-30 09:06:00,28.258,103.956,0.298,"Pressure_877_CSled_20220329"
"395",2022-03-30 09:08:00,28.258,104.082,0.31,"Pressure_877_CSled_20220329"
"396",2022-03-30 09:10:00,28.258,103.956,0.298,"Pressure_877_CSled_20220329"
"397",2022-03-30 09:12:00,28.258,104.046,0.307,"Pressure_877_CSled_20220329"
"398",2022-03-30 09:14:00,28.258,104.136,0.316,"Pressure_877_CSled_20220329"
"399",2022-03-30 09:16:00,28.258,103.866,0.289,"Pressure_877_CSled_20220329"
"400",2022-03-30 09:18:00,28.258,104.316,0.333,"Pressure_877_CSled_20220329"
"401",2022-03-30 09:20:00,28.357,103.977,0.3,"Pressure_877_CSled_20220329"
"402",2022-03-30 09:22:00,28.357,104.427,0.345,"Pressure_877_CSled_20220329"
"403",2022-03-30 09:24:00,28.357,104.787,0.38,"Pressure_877_CSled_20220329"
"404",2022-03-30 09:26:00,28.456,104.178,0.32,"Pressure_877_CSled_20220329"
"405",2022-03-30 09:28:00,28.456,104.359,0.338,"Pressure_877_CSled_20220329"
"406",2022-03-30 09:30:00,28.456,104.287,0.331,"Pressure_877_CSled_20220329"
"407",2022-03-30 09:32:00,28.456,104.431,0.345,"Pressure_877_CSled_20220329"
"408",2022-03-30 09:34:00,28.456,104.485,0.35,"Pressure_877_CSled_20220329"
"409",2022-03-30 09:36:00,28.456,104.737,0.375,"Pressure_877_CSled_20220329"
"410",2022-03-30 09:38:00,28.456,104.575,0.359,"Pressure_877_CSled_20220329"
"411",2022-03-30 09:40:00,28.456,104.737,0.375,"Pressure_877_CSled_20220329"
"412",2022-03-30 09:42:00,28.456,104.755,0.377,"Pressure_877_CSled_20220329"
"413",2022-03-30 09:44:00,28.456,104.521,0.354,"Pressure_877_CSled_20220329"
"414",2022-03-30 09:46:00,28.555,104.974,0.399,"Pressure_877_CSled_20220329"
"415",2022-03-30 09:48:00,28.555,104.47,0.349,"Pressure_877_CSled_20220329"
"416",2022-03-30 09:50:00,28.555,105.515,0.453,"Pressure_877_CSled_20220329"
"417",2022-03-30 09:52:00,28.655,104.329,0.335,"Pressure_877_CSled_20220329"
"418",2022-03-30 09:54:00,28.655,104.131,0.315,"Pressure_877_CSled_20220329"
"419",2022-03-30 09:56:00,28.754,104.873,0.389,"Pressure_877_CSled_20220329"
"420",2022-03-30 09:58:00,28.754,104.567,0.358,"Pressure_877_CSled_20220329"
"421",2022-03-30 10:00:00,28.754,104.711,0.373,"Pressure_877_CSled_20220329"
"422",2022-03-30 10:02:00,28.754,104.819,0.384,"Pressure_877_CSled_20220329"
"423",2022-03-30 10:04:00,28.853,105.021,0.404,"Pressure_877_CSled_20220329"
"424",2022-03-30 10:06:00,28.853,104.57,0.359,"Pressure_877_CSled_20220329"
"425",2022-03-30 10:08:00,28.853,104.877,0.389,"Pressure_877_CSled_20220329"
"426",2022-03-30 10:10:00,28.953,104.826,0.384,"Pressure_877_CSled_20220329"
"427",2022-03-30 10:12:00,28.953,104.592,0.361,"Pressure_877_CSled_20220329"
"428",2022-03-30 10:14:00,28.953,105.168,0.418,"Pressure_877_CSled_20220329"
"429",2022-03-30 10:16:00,29.053,105.388,0.44,"Pressure_877_CSled_20220329"
"430",2022-03-30 10:18:00,29.053,105.604,0.462,"Pressure_877_CSled_20220329"
"431",2022-03-30 10:20:00,29.053,104.649,0.367,"Pressure_877_CSled_20220329"
"432",2022-03-30 10:22:00,29.053,104.685,0.37,"Pressure_877_CSled_20220329"
"433",2022-03-30 10:24:00,29.053,104.847,0.386,"Pressure_877_CSled_20220329"
"434",2022-03-30 10:26:00,29.152,104.815,0.383,"Pressure_877_CSled_20220329"
"435",2022-03-30 10:28:00,29.152,104.995,0.401,"Pressure_877_CSled_20220329"
"436",2022-03-30 10:30:00,29.152,104.887,0.39,"Pressure_877_CSled_20220329"
"437",2022-03-30 10:32:00,29.152,105.121,0.414,"Pressure_877_CSled_20220329"
"438",2022-03-30 10:34:00,29.152,104.761,0.378,"Pressure_877_CSled_20220329"
"439",2022-03-30 10:36:00,29.152,105.121,0.414,"Pressure_877_CSled_20220329"
"440",2022-03-30 10:38:00,29.152,104.544,0.356,"Pressure_877_CSled_20220329"
"441",2022-03-30 10:40:00,29.152,105.518,0.453,"Pressure_877_CSled_20220329"
"442",2022-03-30 10:42:00,29.152,105.428,0.444,"Pressure_877_CSled_20220329"
"443",2022-03-30 10:44:00,29.152,105.464,0.448,"Pressure_877_CSled_20220329"
"444",2022-03-30 10:46:00,29.152,105.193,0.421,"Pressure_877_CSled_20220329"
"445",2022-03-30 10:48:00,29.152,104.689,0.371,"Pressure_877_CSled_20220329"
"446",2022-03-30 10:50:00,29.053,104.973,0.399,"Pressure_877_CSled_20220329"
"447",2022-03-30 10:52:00,29.053,105.154,0.417,"Pressure_877_CSled_20220329"
"448",2022-03-30 10:54:00,29.053,105.118,0.413,"Pressure_877_CSled_20220329"
"449",2022-03-30 10:56:00,29.053,105.496,0.451,"Pressure_877_CSled_20220329"
"450",2022-03-30 10:58:00,29.053,105.1,0.411,"Pressure_877_CSled_20220329"
"451",2022-03-30 11:00:00,29.053,105.226,0.424,"Pressure_877_CSled_20220329"
"452",2022-03-30 11:02:00,29.053,105.352,0.437,"Pressure_877_CSled_20220329"
"453",2022-03-30 11:04:00,29.053,105.713,0.472,"Pressure_877_CSled_20220329"
"454",2022-03-30 11:06:00,29.053,105.064,0.408,"Pressure_877_CSled_20220329"
"455",2022-03-30 11:08:00,29.053,105.262,0.428,"Pressure_877_CSled_20220329"
"456",2022-03-30 11:10:00,29.053,105.478,0.449,"Pressure_877_CSled_20220329"
"457",2022-03-30 11:12:00,29.053,105.37,0.438,"Pressure_877_CSled_20220329"
"458",2022-03-30 11:14:00,29.053,105.46,0.447,"Pressure_877_CSled_20220329"
"459",2022-03-30 11:16:00,29.053,105.316,0.433,"Pressure_877_CSled_20220329"
"460",2022-03-30 11:18:00,29.152,105.337,0.435,"Pressure_877_CSled_20220329"
"461",2022-03-30 11:20:00,29.053,104.883,0.39,"Pressure_877_CSled_20220329"
"462",2022-03-30 11:22:00,29.053,104.973,0.399,"Pressure_877_CSled_20220329"
"463",2022-03-30 11:24:00,29.053,105.172,0.419,"Pressure_877_CSled_20220329"
"464",2022-03-30 11:26:00,29.053,105.424,0.444,"Pressure_877_CSled_20220329"
"465",2022-03-30 11:28:00,29.053,105.604,0.462,"Pressure_877_CSled_20220329"
"466",2022-03-30 11:30:00,29.053,104.973,0.399,"Pressure_877_CSled_20220329"
"467",2022-03-30 11:32:00,29.053,104.883,0.39,"Pressure_877_CSled_20220329"
"468",2022-03-30 11:34:00,29.053,105.568,0.458,"Pressure_877_CSled_20220329"
"469",2022-03-30 11:36:00,29.053,105.334,0.435,"Pressure_877_CSled_20220329"
"470",2022-03-30 11:38:00,29.053,105.839,0.485,"Pressure_877_CSled_20220329"
"471",2022-03-30 11:40:00,29.053,105.406,0.442,"Pressure_877_CSled_20220329"
"472",2022-03-30 11:42:00,29.053,105.64,0.465,"Pressure_877_CSled_20220329"
"473",2022-03-30 11:44:00,29.053,105.64,0.465,"Pressure_877_CSled_20220329"
"474",2022-03-30 11:46:00,29.053,105.803,0.481,"Pressure_877_CSled_20220329"
"475",2022-03-30 11:48:00,29.053,105.64,0.465,"Pressure_877_CSled_20220329"
"476",2022-03-30 11:50:00,29.053,105.478,0.449,"Pressure_877_CSled_20220329"
"477",2022-03-30 11:52:00,29.053,105.19,0.42,"Pressure_877_CSled_20220329"
"478",2022-03-30 11:54:00,29.053,105.785,0.48,"Pressure_877_CSled_20220329"
"479",2022-03-30 11:56:00,29.053,105.677,0.469,"Pressure_877_CSled_20220329"
"480",2022-03-30 11:58:00,29.053,105.677,0.469,"Pressure_877_CSled_20220329"
"481",2022-03-30 12:00:00,29.053,106.362,0.537,"Pressure_877_CSled_20220329"
"482",2022-03-30 12:02:00,29.152,105.5,0.451,"Pressure_877_CSled_20220329"
"483",2022-03-30 12:04:00,29.152,105.265,0.428,"Pressure_877_CSled_20220329"
"484",2022-03-30 12:06:00,29.152,105.933,0.494,"Pressure_877_CSled_20220329"
"485",2022-03-30 12:08:00,29.252,106.044,0.505,"Pressure_877_CSled_20220329"
"486",2022-03-30 12:10:00,29.252,106.116,0.513,"Pressure_877_CSled_20220329"
"487",2022-03-30 12:12:00,29.252,105.629,0.464,"Pressure_877_CSled_20220329"
"488",2022-03-30 12:14:00,29.252,105.792,0.48,"Pressure_877_CSled_20220329"
"489",2022-03-30 12:16:00,29.152,105.355,0.437,"Pressure_877_CSled_20220329"
"490",2022-03-30 12:18:00,29.152,105.734,0.475,"Pressure_877_CSled_20220329"
"491",2022-03-30 12:20:00,29.152,105.211,0.423,"Pressure_877_CSled_20220329"
"492",2022-03-30 12:22:00,29.252,105.467,0.448,"Pressure_877_CSled_20220329"
"493",2022-03-30 12:24:00,29.252,105.413,0.443,"Pressure_877_CSled_20220329"
"494",2022-03-30 12:26:00,29.152,105.987,0.5,"Pressure_877_CSled_20220329"
"495",2022-03-30 12:28:00,29.152,105.68,0.469,"Pressure_877_CSled_20220329"
"496",2022-03-30 12:30:00,29.152,105.482,0.449,"Pressure_877_CSled_20220329"
"497",2022-03-30 12:32:00,29.152,104.959,0.397,"Pressure_877_CSled_20220329"
"498",2022-03-30 12:34:00,29.152,105.5,0.451,"Pressure_877_CSled_20220329"
"499",2022-03-30 12:36:00,29.152,105.572,0.458,"Pressure_877_CSled_20220329"
"500",2022-03-30 12:38:00,29.152,105.41,0.442,"Pressure_877_CSled_20220329"
"501",2022-03-30 12:40:00,29.152,105.247,0.426,"Pressure_877_CSled_20220329"
"502",2022-03-30 12:42:00,29.152,106.149,0.516,"Pressure_877_CSled_20220329"
"503",2022-03-30 12:44:00,29.152,105.301,0.431,"Pressure_877_CSled_20220329"
"504",2022-03-30 12:46:00,29.252,106.225,0.523,"Pressure_877_CSled_20220329"
"505",2022-03-30 12:48:00,29.152,105.391,0.44,"Pressure_877_CSled_20220329"
"506",2022-03-30 12:50:00,29.252,105.395,0.441,"Pressure_877_CSled_20220329"
"507",2022-03-30 12:52:00,29.252,105.287,0.43,"Pressure_877_CSled_20220329"
"508",2022-03-30 12:54:00,29.152,105.626,0.464,"Pressure_877_CSled_20220329"
"509",2022-03-30 12:56:00,29.152,105.608,0.462,"Pressure_877_CSled_20220329"
"510",2022-03-30 12:58:00,29.152,105.5,0.451,"Pressure_877_CSled_20220329"
"511",2022-03-30 13:00:00,29.152,105.301,0.431,"Pressure_877_CSled_20220329"
"512",2022-03-30 13:02:00,29.152,105.896,0.491,"Pressure_877_CSled_20220329"
"513",2022-03-30 13:04:00,29.152,105.969,0.498,"Pressure_877_CSled_20220329"
"514",2022-03-30 13:06:00,29.152,105.734,0.475,"Pressure_877_CSled_20220329"
"515",2022-03-30 13:08:00,29.152,106.239,0.525,"Pressure_877_CSled_20220329"
"516",2022-03-30 13:10:00,29.152,105.464,0.448,"Pressure_877_CSled_20220329"
"517",2022-03-30 13:12:00,29.152,105.446,0.446,"Pressure_877_CSled_20220329"
"518",2022-03-30 13:14:00,29.152,105.464,0.448,"Pressure_877_CSled_20220329"
"519",2022-03-30 13:16:00,29.252,105.413,0.443,"Pressure_877_CSled_20220329"
"520",2022-03-30 13:18:00,29.252,105.683,0.469,"Pressure_877_CSled_20220329"
"521",2022-03-30 13:20:00,29.252,105.936,0.495,"Pressure_877_CSled_20220329"
"522",2022-03-30 13:22:00,29.252,105.431,0.444,"Pressure_877_CSled_20220329"
"523",2022-03-30 13:24:00,29.352,105.795,0.481,"Pressure_877_CSled_20220329"
"524",2022-03-30 13:26:00,29.352,105.561,0.457,"Pressure_877_CSled_20220329"
"525",2022-03-30 13:28:00,29.352,105.056,0.407,"Pressure_877_CSled_20220329"
"526",2022-03-30 13:30:00,29.352,105.092,0.411,"Pressure_877_CSled_20220329"
"527",2022-03-30 13:32:00,29.452,105.42,0.443,"Pressure_877_CSled_20220329"
"528",2022-03-30 13:34:00,29.352,105.525,0.454,"Pressure_877_CSled_20220329"
"529",2022-03-30 13:36:00,29.452,105.023,0.404,"Pressure_877_CSled_20220329"
"530",2022-03-30 13:38:00,29.452,105.51,0.452,"Pressure_877_CSled_20220329"
"531",2022-03-30 13:40:00,29.452,105.059,0.407,"Pressure_877_CSled_20220329"
"532",2022-03-30 13:42:00,29.452,105.149,0.416,"Pressure_877_CSled_20220329"
"533",2022-03-30 13:44:00,29.552,105.279,0.429,"Pressure_877_CSled_20220329"
"534",2022-03-30 13:46:00,29.552,104.991,0.401,"Pressure_877_CSled_20220329"
"535",2022-03-30 13:48:00,29.552,104.847,0.386,"Pressure_877_CSled_20220329"
"536",2022-03-30 13:50:00,29.452,105.69,0.47,"Pressure_877_CSled_20220329"
"537",2022-03-30 13:52:00,29.452,105.925,0.494,"Pressure_877_CSled_20220329"
"538",2022-03-30 13:54:00,29.452,105.005,0.402,"Pressure_877_CSled_20220329"
"539",2022-03-30 13:56:00,29.452,104.789,0.381,"Pressure_877_CSled_20220329"
"540",2022-03-30 13:58:00,29.452,105.294,0.431,"Pressure_877_CSled_20220329"
"541",2022-03-30 14:00:00,29.452,104.951,0.397,"Pressure_877_CSled_20220329"
"542",2022-03-30 14:02:00,29.452,104.753,0.377,"Pressure_877_CSled_20220329"
"543",2022-03-30 14:04:00,29.452,105.582,0.459,"Pressure_877_CSled_20220329"
"544",2022-03-30 14:06:00,29.452,105.186,0.42,"Pressure_877_CSled_20220329"
"545",2022-03-30 14:08:00,29.452,105.168,0.418,"Pressure_877_CSled_20220329"
"546",2022-03-30 14:10:00,29.452,104.789,0.381,"Pressure_877_CSled_20220329"
"547",2022-03-30 14:12:00,29.552,105.027,0.404,"Pressure_877_CSled_20220329"
"548",2022-03-30 14:14:00,29.552,105.279,0.429,"Pressure_877_CSled_20220329"
"549",2022-03-30 14:16:00,29.552,104.955,0.397,"Pressure_877_CSled_20220329"
"550",2022-03-30 14:18:00,29.652,105.319,0.433,"Pressure_877_CSled_20220329"
"551",2022-03-30 14:20:00,29.652,105.535,0.455,"Pressure_877_CSled_20220329"
"552",2022-03-30 14:22:00,29.652,105.697,0.471,"Pressure_877_CSled_20220329"
"553",2022-03-30 14:24:00,29.652,105.427,0.444,"Pressure_877_CSled_20220329"
"554",2022-03-30 14:26:00,29.652,104.94,0.396,"Pressure_877_CSled_20220329"
"555",2022-03-30 14:28:00,29.752,104.871,0.389,"Pressure_877_CSled_20220329"
"556",2022-03-30 14:30:00,29.752,104.998,0.401,"Pressure_877_CSled_20220329"
"557",2022-03-30 14:32:00,29.853,104.803,0.382,"Pressure_877_CSled_20220329"
"558",2022-03-30 14:34:00,29.953,104.59,0.361,"Pressure_877_CSled_20220329"
"559",2022-03-30 14:36:00,30.054,105.08,0.409,"Pressure_877_CSled_20220329"
"560",2022-03-30 14:38:00,30.054,105.351,0.436,"Pressure_877_CSled_20220329"
"561",2022-03-30 14:40:00,30.154,104.507,0.352,"Pressure_877_CSled_20220329"
"562",2022-03-30 14:42:00,30.154,104.489,0.351,"Pressure_877_CSled_20220329"
"563",2022-03-30 14:44:00,30.154,104.813,0.383,"Pressure_877_CSled_20220329"
"564",2022-03-30 14:46:00,30.154,104.976,0.399,"Pressure_877_CSled_20220329"
"565",2022-03-30 14:48:00,30.154,104.597,0.361,"Pressure_877_CSled_20220329"
"566",2022-03-30 14:50:00,30.255,104.24,0.326,"Pressure_877_CSled_20220329"
"567",2022-03-30 14:52:00,30.154,104.435,0.345,"Pressure_877_CSled_20220329"
"568",2022-03-30 14:54:00,30.154,104.525,0.354,"Pressure_877_CSled_20220329"
"569",2022-03-30 14:56:00,30.255,104.474,0.349,"Pressure_877_CSled_20220329"
"570",2022-03-30 14:58:00,30.255,104.276,0.329,"Pressure_877_CSled_20220329"
"571",2022-03-30 15:00:00,30.255,104.222,0.324,"Pressure_877_CSled_20220329"
"572",2022-03-30 15:02:00,30.154,104.903,0.392,"Pressure_877_CSled_20220329"
"573",2022-03-30 15:04:00,30.154,104.453,0.347,"Pressure_877_CSled_20220329"
"574",2022-03-30 15:06:00,30.255,104.384,0.34,"Pressure_877_CSled_20220329"
"575",2022-03-30 15:08:00,30.255,104.366,0.338,"Pressure_877_CSled_20220329"
"576",2022-03-30 15:10:00,30.255,104.528,0.355,"Pressure_877_CSled_20220329"
"577",2022-03-30 15:12:00,30.255,104.673,0.369,"Pressure_877_CSled_20220329"
"578",2022-03-30 15:14:00,30.255,104.096,0.312,"Pressure_877_CSled_20220329"
"579",2022-03-30 15:16:00,30.255,104.186,0.321,"Pressure_877_CSled_20220329"
"580",2022-03-30 15:18:00,30.356,104.154,0.317,"Pressure_877_CSled_20220329"
"581",2022-03-30 15:20:00,30.356,104.352,0.337,"Pressure_877_CSled_20220329"
"582",2022-03-30 15:22:00,30.356,104.568,0.359,"Pressure_877_CSled_20220329"
"583",2022-03-30 15:24:00,30.356,104.424,0.344,"Pressure_877_CSled_20220329"
"584",2022-03-30 15:26:00,30.356,104.01,0.303,"Pressure_877_CSled_20220329"
"585",2022-03-30 15:28:00,30.356,104.838,0.385,"Pressure_877_CSled_20220329"
"586",2022-03-30 15:30:00,30.356,103.937,0.296,"Pressure_877_CSled_20220329"
"587",2022-03-30 15:32:00,30.356,104.514,0.353,"Pressure_877_CSled_20220329"
"588",2022-03-30 15:34:00,30.356,103.973,0.299,"Pressure_877_CSled_20220329"
"589",2022-03-30 15:36:00,30.356,104.298,0.332,"Pressure_877_CSled_20220329"
"590",2022-03-30 15:38:00,30.356,104.082,0.31,"Pressure_877_CSled_20220329"
"591",2022-03-30 15:40:00,30.255,104.186,0.321,"Pressure_877_CSled_20220329"
"592",2022-03-30 15:42:00,30.255,104.186,0.321,"Pressure_877_CSled_20220329"
"593",2022-03-30 15:44:00,30.255,103.97,0.299,"Pressure_877_CSled_20220329"
"594",2022-03-30 15:46:00,30.154,104.489,0.351,"Pressure_877_CSled_20220329"
"595",2022-03-30 15:48:00,30.154,104.075,0.309,"Pressure_877_CSled_20220329"
"596",2022-03-30 15:50:00,30.154,104.057,0.308,"Pressure_877_CSled_20220329"
"597",2022-03-30 15:52:00,30.154,104.399,0.342,"Pressure_877_CSled_20220329"
"598",2022-03-30 15:54:00,30.154,104.111,0.313,"Pressure_877_CSled_20220329"
"599",2022-03-30 15:56:00,30.154,104.183,0.32,"Pressure_877_CSled_20220329"
"600",2022-03-30 15:58:00,30.154,103.732,0.275,"Pressure_877_CSled_20220329"
"601",2022-03-30 16:00:00,30.154,103.768,0.279,"Pressure_877_CSled_20220329"
"602",2022-03-30 16:02:00,30.154,104.147,0.317,"Pressure_877_CSled_20220329"
"603",2022-03-30 16:04:00,30.154,103.822,0.284,"Pressure_877_CSled_20220329"
"604",2022-03-30 16:06:00,30.154,103.534,0.256,"Pressure_877_CSled_20220329"
"605",2022-03-30 16:08:00,30.154,104.003,0.302,"Pressure_877_CSled_20220329"
"606",2022-03-30 16:10:00,30.154,103.895,0.292,"Pressure_877_CSled_20220329"
"607",2022-03-30 16:12:00,30.154,104.057,0.308,"Pressure_877_CSled_20220329"
"608",2022-03-30 16:14:00,30.154,103.804,0.283,"Pressure_877_CSled_20220329"
"609",2022-03-30 16:16:00,30.154,103.336,0.236,"Pressure_877_CSled_20220329"
"610",2022-03-30 16:18:00,30.154,103.768,0.279,"Pressure_877_CSled_20220329"
"611",2022-03-30 16:20:00,30.154,103.877,0.29,"Pressure_877_CSled_20220329"
"612",2022-03-30 16:22:00,30.154,103.696,0.272,"Pressure_877_CSled_20220329"
"613",2022-03-30 16:24:00,30.154,103.732,0.275,"Pressure_877_CSled_20220329"
"614",2022-03-30 16:26:00,30.154,104.039,0.306,"Pressure_877_CSled_20220329"
"615",2022-03-30 16:28:00,30.154,103.696,0.272,"Pressure_877_CSled_20220329"
"616",2022-03-30 16:30:00,30.154,103.696,0.272,"Pressure_877_CSled_20220329"
"617",2022-03-30 16:32:00,30.154,103.39,0.241,"Pressure_877_CSled_20220329"
"618",2022-03-30 16:34:00,30.154,103.139,0.216,"Pressure_877_CSled_20220329"
"619",2022-03-30 16:36:00,30.154,103.462,0.249,"Pressure_877_CSled_20220329"
"620",2022-03-30 16:38:00,30.154,103.336,0.236,"Pressure_877_CSled_20220329"
"621",2022-03-30 16:40:00,30.154,103.48,0.25,"Pressure_877_CSled_20220329"
"622",2022-03-30 16:42:00,30.154,104.003,0.302,"Pressure_877_CSled_20220329"
"623",2022-03-30 16:44:00,30.154,103.282,0.231,"Pressure_877_CSled_20220329"
"624",2022-03-30 16:46:00,30.154,103.84,0.286,"Pressure_877_CSled_20220329"
"625",2022-03-30 16:48:00,30.154,103.804,0.283,"Pressure_877_CSled_20220329"
"626",2022-03-30 16:50:00,30.154,103.372,0.24,"Pressure_877_CSled_20220329"
"627",2022-03-30 16:52:00,30.154,103.157,0.218,"Pressure_877_CSled_20220329"
"628",2022-03-30 16:54:00,30.054,103.495,0.252,"Pressure_877_CSled_20220329"
"629",2022-03-30 16:56:00,30.054,103.171,0.22,"Pressure_877_CSled_20220329"
"630",2022-03-30 16:58:00,29.953,103.366,0.239,"Pressure_877_CSled_20220329"
"631",2022-03-30 17:00:00,29.953,103.24,0.226,"Pressure_877_CSled_20220329"
"632",2022-03-30 17:02:00,29.953,103.78,0.28,"Pressure_877_CSled_20220329"
"633",2022-03-30 17:04:00,29.953,103.672,0.269,"Pressure_877_CSled_20220329"
"634",2022-03-30 17:06:00,29.953,103.942,0.296,"Pressure_877_CSled_20220329"
"635",2022-03-30 17:08:00,29.953,103.132,0.216,"Pressure_877_CSled_20220329"
"636",2022-03-30 17:10:00,29.853,103.506,0.253,"Pressure_877_CSled_20220329"
"637",2022-03-30 17:12:00,29.853,103.362,0.239,"Pressure_877_CSled_20220329"
"638",2022-03-30 17:14:00,29.853,103.254,0.228,"Pressure_877_CSled_20220329"
"639",2022-03-30 17:16:00,29.853,103.632,0.265,"Pressure_877_CSled_20220329"
"640",2022-03-30 17:18:00,29.853,103.506,0.253,"Pressure_877_CSled_20220329"
"641",2022-03-30 17:20:00,29.853,103.452,0.248,"Pressure_877_CSled_20220329"
"642",2022-03-30 17:22:00,29.853,103.416,0.244,"Pressure_877_CSled_20220329"
"643",2022-03-30 17:24:00,29.853,103.578,0.26,"Pressure_877_CSled_20220329"
"644",2022-03-30 17:26:00,29.853,103.83,0.285,"Pressure_877_CSled_20220329"
"645",2022-03-30 17:28:00,29.853,103.668,0.269,"Pressure_877_CSled_20220329"
"646",2022-03-30 17:30:00,29.853,103.02,0.205,"Pressure_877_CSled_20220329"
"647",2022-03-30 17:32:00,29.853,103.416,0.244,"Pressure_877_CSled_20220329"
"648",2022-03-30 17:34:00,29.853,103.02,0.205,"Pressure_877_CSled_20220329"
"649",2022-03-30 17:36:00,29.853,103.11,0.213,"Pressure_877_CSled_20220329"
"650",2022-03-30 17:38:00,29.853,103.146,0.217,"Pressure_877_CSled_20220329"
"651",2022-03-30 17:40:00,29.752,103.485,0.251,"Pressure_877_CSled_20220329"
"652",2022-03-30 17:42:00,29.752,103.071,0.21,"Pressure_877_CSled_20220329"
"653",2022-03-30 17:44:00,29.752,102.873,0.19,"Pressure_877_CSled_20220329"
"654",2022-03-30 17:46:00,29.652,102.816,0.184,"Pressure_877_CSled_20220329"
"655",2022-03-30 17:48:00,29.652,103.517,0.254,"Pressure_877_CSled_20220329"
"656",2022-03-30 17:50:00,29.652,103.013,0.204,"Pressure_877_CSled_20220329"
"657",2022-03-30 17:52:00,29.652,103.193,0.222,"Pressure_877_CSled_20220329"
"658",2022-03-30 17:54:00,29.652,102.726,0.175,"Pressure_877_CSled_20220329"
"659",2022-03-30 17:56:00,29.552,103.226,0.225,"Pressure_877_CSled_20220329"
"660",2022-03-30 17:58:00,29.652,102.906,0.193,"Pressure_877_CSled_20220329"
"661",2022-03-30 18:00:00,29.552,102.992,0.202,"Pressure_877_CSled_20220329"
"662",2022-03-30 18:02:00,29.552,102.794,0.182,"Pressure_877_CSled_20220329"
"663",2022-03-30 18:04:00,29.552,102.884,0.191,"Pressure_877_CSled_20220329"
"664",2022-03-30 18:06:00,29.552,103.136,0.216,"Pressure_877_CSled_20220329"
"665",2022-03-30 18:08:00,29.452,102.953,0.198,"Pressure_877_CSled_20220329"
"666",2022-03-30 18:10:00,29.452,102.935,0.196,"Pressure_877_CSled_20220329"
"667",2022-03-30 18:12:00,29.552,102.83,0.186,"Pressure_877_CSled_20220329"
"668",2022-03-30 18:14:00,29.552,103.154,0.218,"Pressure_877_CSled_20220329"
"669",2022-03-30 18:16:00,29.552,103.514,0.254,"Pressure_877_CSled_20220329"
"670",2022-03-30 18:18:00,29.452,102.611,0.164,"Pressure_877_CSled_20220329"
"671",2022-03-30 18:20:00,29.452,102.683,0.171,"Pressure_877_CSled_20220329"
"672",2022-03-30 18:22:00,29.452,103.169,0.219,"Pressure_877_CSled_20220329"
"673",2022-03-30 18:24:00,29.452,102.845,0.187,"Pressure_877_CSled_20220329"
"674",2022-03-30 18:26:00,29.452,102.629,0.166,"Pressure_877_CSled_20220329"
"675",2022-03-30 18:28:00,29.452,102.953,0.198,"Pressure_877_CSled_20220329"
"676",2022-03-30 18:30:00,29.452,103.259,0.228,"Pressure_877_CSled_20220329"
"677",2022-03-30 18:32:00,29.352,102.841,0.187,"Pressure_877_CSled_20220329"
"678",2022-03-30 18:34:00,29.352,102.823,0.185,"Pressure_877_CSled_20220329"
"679",2022-03-30 18:36:00,29.452,103.331,0.235,"Pressure_877_CSled_20220329"
"680",2022-03-30 18:38:00,29.452,102.809,0.184,"Pressure_877_CSled_20220329"
"681",2022-03-30 18:40:00,29.452,103.582,0.26,"Pressure_877_CSled_20220329"
"682",2022-03-30 18:42:00,29.452,103.151,0.218,"Pressure_877_CSled_20220329"
"683",2022-03-30 18:44:00,29.452,103.241,0.227,"Pressure_877_CSled_20220329"
"684",2022-03-30 18:46:00,29.452,103.043,0.207,"Pressure_877_CSled_20220329"
"685",2022-03-30 18:48:00,29.452,103.061,0.209,"Pressure_877_CSled_20220329"
"686",2022-03-30 18:50:00,29.452,103.528,0.255,"Pressure_877_CSled_20220329"
"687",2022-03-30 18:52:00,29.452,103.097,0.212,"Pressure_877_CSled_20220329"
"688",2022-03-30 18:54:00,29.452,103.205,0.223,"Pressure_877_CSled_20220329"
"689",2022-03-30 18:56:00,29.452,103.906,0.293,"Pressure_877_CSled_20220329"
"690",2022-03-30 18:58:00,29.452,103.528,0.255,"Pressure_877_CSled_20220329"
"691",2022-03-30 19:00:00,29.452,103.187,0.221,"Pressure_877_CSled_20220329"
"692",2022-03-30 19:02:00,29.352,103.165,0.219,"Pressure_877_CSled_20220329"
"693",2022-03-30 19:04:00,29.452,103.223,0.225,"Pressure_877_CSled_20220329"
"694",2022-03-30 19:06:00,29.452,103.582,0.26,"Pressure_877_CSled_20220329"
"695",2022-03-30 19:08:00,29.452,104.339,0.336,"Pressure_877_CSled_20220329"
"696",2022-03-30 19:10:00,29.452,103.331,0.235,"Pressure_877_CSled_20220329"
"697",2022-03-30 19:12:00,29.352,103.651,0.267,"Pressure_877_CSled_20220329"
"698",2022-03-30 19:14:00,29.452,103.834,0.286,"Pressure_877_CSled_20220329"
"699",2022-03-30 19:16:00,29.352,104.083,0.31,"Pressure_877_CSled_20220329"
"700",2022-03-30 19:18:00,29.352,103.525,0.255,"Pressure_877_CSled_20220329"
"701",2022-03-30 19:20:00,29.352,103.345,0.237,"Pressure_877_CSled_20220329"
"702",2022-03-30 19:22:00,29.352,102.913,0.194,"Pressure_877_CSled_20220329"
"703",2022-03-30 19:24:00,29.352,103.291,0.232,"Pressure_877_CSled_20220329"
"704",2022-03-30 19:26:00,29.352,103.381,0.24,"Pressure_877_CSled_20220329"
"705",2022-03-30 19:28:00,29.452,103.726,0.275,"Pressure_877_CSled_20220329"
"706",2022-03-30 19:30:00,29.352,103.579,0.26,"Pressure_877_CSled_20220329"
"707",2022-03-30 19:32:00,29.352,103.579,0.26,"Pressure_877_CSled_20220329"
"708",2022-03-30 19:34:00,29.352,103.813,0.283,"Pressure_877_CSled_20220329"
"709",2022-03-30 19:36:00,29.352,103.633,0.266,"Pressure_877_CSled_20220329"
"710",2022-03-30 19:38:00,29.352,104.065,0.309,"Pressure_877_CSled_20220329"
"711",2022-03-30 19:40:00,29.352,104.425,0.344,"Pressure_877_CSled_20220329"
"712",2022-03-30 19:42:00,29.352,103.489,0.251,"Pressure_877_CSled_20220329"
"713",2022-03-30 19:44:00,29.252,104.008,0.303,"Pressure_877_CSled_20220329"
"714",2022-03-30 19:46:00,29.352,104.443,0.346,"Pressure_877_CSled_20220329"
"715",2022-03-30 19:48:00,29.352,104.659,0.368,"Pressure_877_CSled_20220329"
"716",2022-03-30 19:50:00,29.352,103.435,0.246,"Pressure_877_CSled_20220329"
"717",2022-03-30 19:52:00,29.352,104.101,0.312,"Pressure_877_CSled_20220329"
"718",2022-03-30 19:54:00,29.352,103.813,0.283,"Pressure_877_CSled_20220329"
"719",2022-03-30 19:56:00,29.352,103.507,0.253,"Pressure_877_CSled_20220329"
"720",2022-03-30 19:58:00,29.352,104.047,0.307,"Pressure_877_CSled_20220329"
"721",2022-03-30 20:00:00,29.352,104.641,0.366,"Pressure_877_CSled_20220329"
"722",2022-03-30 20:02:00,29.352,104.966,0.398,"Pressure_877_CSled_20220329"
"723",2022-03-30 20:04:00,29.352,104.299,0.332,"Pressure_877_CSled_20220329"
"724",2022-03-30 20:06:00,29.352,103.831,0.285,"Pressure_877_CSled_20220329"
"725",2022-03-30 20:08:00,29.352,104.515,0.353,"Pressure_877_CSled_20220329"
"726",2022-03-30 20:10:00,29.352,104.299,0.332,"Pressure_877_CSled_20220329"
"727",2022-03-30 20:12:00,29.352,103.813,0.283,"Pressure_877_CSled_20220329"
"728",2022-03-30 20:14:00,29.352,103.669,0.269,"Pressure_877_CSled_20220329"
"729",2022-03-30 20:16:00,29.352,104.101,0.312,"Pressure_877_CSled_20220329"
"730",2022-03-30 20:18:00,29.352,104.732,0.375,"Pressure_877_CSled_20220329"
"731",2022-03-30 20:20:00,29.352,104.227,0.325,"Pressure_877_CSled_20220329"
"732",2022-03-30 20:22:00,29.252,103.612,0.263,"Pressure_877_CSled_20220329"
"733",2022-03-30 20:24:00,29.252,103.936,0.296,"Pressure_877_CSled_20220329"
"734",2022-03-30 20:26:00,29.252,104.746,0.376,"Pressure_877_CSled_20220329"
"735",2022-03-30 20:28:00,29.252,104.548,0.357,"Pressure_877_CSled_20220329"
"736",2022-03-30 20:30:00,29.252,104.602,0.362,"Pressure_877_CSled_20220329"
"737",2022-03-30 20:32:00,29.252,104.494,0.351,"Pressure_877_CSled_20220329"
"738",2022-03-30 20:34:00,29.252,104.926,0.394,"Pressure_877_CSled_20220329"
"739",2022-03-30 20:36:00,29.252,104.026,0.305,"Pressure_877_CSled_20220329"
"740",2022-03-30 20:38:00,29.252,105.197,0.421,"Pressure_877_CSled_20220329"
"741",2022-03-30 20:40:00,29.252,104.026,0.305,"Pressure_877_CSled_20220329"
"742",2022-03-30 20:42:00,29.252,104.422,0.344,"Pressure_877_CSled_20220329"
"743",2022-03-30 20:44:00,29.252,104.224,0.324,"Pressure_877_CSled_20220329"
"744",2022-03-30 20:46:00,29.252,105.034,0.405,"Pressure_877_CSled_20220329"
"745",2022-03-30 20:48:00,29.252,104.566,0.358,"Pressure_877_CSled_20220329"
"746",2022-03-30 20:50:00,29.252,105.052,0.407,"Pressure_877_CSled_20220329"
"747",2022-03-30 20:52:00,29.252,105.161,0.418,"Pressure_877_CSled_20220329"
"748",2022-03-30 20:54:00,29.252,105.107,0.412,"Pressure_877_CSled_20220329"
"749",2022-03-30 20:56:00,29.252,105.07,0.408,"Pressure_877_CSled_20220329"
"750",2022-03-30 20:58:00,29.252,104.71,0.373,"Pressure_877_CSled_20220329"
"751",2022-03-30 21:00:00,29.252,104.782,0.38,"Pressure_877_CSled_20220329"
"752",2022-03-30 21:02:00,29.252,105.287,0.43,"Pressure_877_CSled_20220329"
"753",2022-03-30 21:04:00,29.252,105.197,0.421,"Pressure_877_CSled_20220329"
"754",2022-03-30 21:06:00,29.252,105.431,0.444,"Pressure_877_CSled_20220329"
"755",2022-03-30 21:08:00,29.252,105.413,0.443,"Pressure_877_CSled_20220329"
"756",2022-03-30 21:10:00,29.252,105.016,0.403,"Pressure_877_CSled_20220329"
"757",2022-03-30 21:12:00,29.252,104.602,0.362,"Pressure_877_CSled_20220329"
"758",2022-03-30 21:14:00,29.252,104.566,0.358,"Pressure_877_CSled_20220329"
"759",2022-03-30 21:16:00,29.252,105.828,0.484,"Pressure_877_CSled_20220329"
"760",2022-03-30 21:18:00,29.252,105.052,0.407,"Pressure_877_CSled_20220329"
"761",2022-03-30 21:20:00,29.252,104.926,0.394,"Pressure_877_CSled_20220329"
"762",2022-03-30 21:22:00,29.252,105.287,0.43,"Pressure_877_CSled_20220329"
"763",2022-03-30 21:24:00,29.252,105.179,0.419,"Pressure_877_CSled_20220329"
"764",2022-03-30 21:26:00,29.252,105.034,0.405,"Pressure_877_CSled_20220329"
"765",2022-03-30 21:28:00,29.252,105.179,0.419,"Pressure_877_CSled_20220329"
"766",2022-03-30 21:30:00,29.252,104.782,0.38,"Pressure_877_CSled_20220329"
"767",2022-03-30 21:32:00,29.252,105.972,0.498,"Pressure_877_CSled_20220329"
"768",2022-03-30 21:34:00,29.252,105.593,0.461,"Pressure_877_CSled_20220329"
"769",2022-03-30 21:36:00,29.252,105.918,0.493,"Pressure_877_CSled_20220329"
"770",2022-03-30 21:38:00,29.252,105.485,0.45,"Pressure_877_CSled_20220329"
"771",2022-03-30 21:40:00,29.252,104.944,0.396,"Pressure_877_CSled_20220329"
"772",2022-03-30 21:42:00,29.152,104.851,0.387,"Pressure_877_CSled_20220329"
"773",2022-03-30 21:44:00,29.152,105.157,0.417,"Pressure_877_CSled_20220329"
"774",2022-03-30 21:46:00,29.152,105.644,0.466,"Pressure_877_CSled_20220329"
"775",2022-03-30 21:48:00,29.152,105.175,0.419,"Pressure_877_CSled_20220329"
"776",2022-03-30 21:50:00,29.152,105.698,0.471,"Pressure_877_CSled_20220329"
"777",2022-03-30 21:52:00,29.152,105.969,0.498,"Pressure_877_CSled_20220329"
"778",2022-03-30 21:54:00,29.152,105.626,0.464,"Pressure_877_CSled_20220329"
"779",2022-03-30 21:56:00,29.152,105.247,0.426,"Pressure_877_CSled_20220329"
"780",2022-03-30 21:58:00,29.152,105.896,0.491,"Pressure_877_CSled_20220329"
"781",2022-03-30 22:00:00,29.152,106.203,0.521,"Pressure_877_CSled_20220329"
"782",2022-03-30 22:02:00,29.152,105.788,0.48,"Pressure_877_CSled_20220329"
"783",2022-03-30 22:04:00,29.152,105.572,0.458,"Pressure_877_CSled_20220329"
"784",2022-03-30 22:06:00,29.152,105.608,0.462,"Pressure_877_CSled_20220329"
"785",2022-03-30 22:08:00,29.053,106.543,0.555,"Pressure_877_CSled_20220329"
"786",2022-03-30 22:10:00,29.053,106.073,0.508,"Pressure_877_CSled_20220329"
"787",2022-03-30 22:12:00,29.053,105.965,0.498,"Pressure_877_CSled_20220329"
"788",2022-03-30 22:14:00,29.053,105.64,0.465,"Pressure_877_CSled_20220329"
"789",2022-03-30 22:16:00,29.053,105.28,0.429,"Pressure_877_CSled_20220329"
"790",2022-03-30 22:18:00,29.053,106.164,0.517,"Pressure_877_CSled_20220329"
"791",2022-03-30 22:20:00,29.053,105.442,0.445,"Pressure_877_CSled_20220329"
"792",2022-03-30 22:22:00,28.953,105.294,0.431,"Pressure_877_CSled_20220329"
"793",2022-03-30 22:24:00,28.953,105.367,0.438,"Pressure_877_CSled_20220329"
"794",2022-03-30 22:26:00,29.053,105.803,0.481,"Pressure_877_CSled_20220329"
"795",2022-03-30 22:28:00,29.053,106.055,0.506,"Pressure_877_CSled_20220329"
"796",2022-03-30 22:30:00,29.053,105.514,0.453,"Pressure_877_CSled_20220329"
"797",2022-03-30 22:32:00,28.953,106.07,0.508,"Pressure_877_CSled_20220329"
"798",2022-03-30 22:34:00,29.053,105.568,0.458,"Pressure_877_CSled_20220329"
"799",2022-03-30 22:36:00,29.053,105.442,0.445,"Pressure_877_CSled_20220329"
"800",2022-03-30 22:38:00,29.053,106.723,0.573,"Pressure_877_CSled_20220329"
"801",2022-03-30 22:40:00,28.953,105.637,0.465,"Pressure_877_CSled_20220329"
"802",2022-03-30 22:42:00,28.953,106.503,0.551,"Pressure_877_CSled_20220329"
"803",2022-03-30 22:44:00,28.953,106.431,0.544,"Pressure_877_CSled_20220329"
"804",2022-03-30 22:46:00,28.953,105.799,0.481,"Pressure_877_CSled_20220329"
"805",2022-03-30 22:48:00,28.953,106.124,0.513,"Pressure_877_CSled_20220329"
"806",2022-03-30 22:50:00,28.953,105.763,0.477,"Pressure_877_CSled_20220329"
"807",2022-03-30 22:52:00,28.953,105.853,0.486,"Pressure_877_CSled_20220329"
"808",2022-03-30 22:54:00,28.953,105.727,0.474,"Pressure_877_CSled_20220329"
"809",2022-03-30 22:56:00,28.953,106.196,0.521,"Pressure_877_CSled_20220329"
"810",2022-03-30 22:58:00,28.953,105.98,0.499,"Pressure_877_CSled_20220329"
"811",2022-03-30 23:00:00,28.953,105.908,0.492,"Pressure_877_CSled_20220329"
"812",2022-03-30 23:02:00,28.853,105.778,0.479,"Pressure_877_CSled_20220329"
"813",2022-03-30 23:04:00,28.953,106.178,0.519,"Pressure_877_CSled_20220329"
"814",2022-03-30 23:06:00,28.853,105.724,0.474,"Pressure_877_CSled_20220329"
"815",2022-03-30 23:08:00,28.853,106.139,0.515,"Pressure_877_CSled_20220329"
"816",2022-03-30 23:10:00,28.853,106.157,0.517,"Pressure_877_CSled_20220329"
"817",2022-03-30 23:12:00,28.853,105.958,0.497,"Pressure_877_CSled_20220329"
"818",2022-03-30 23:14:00,28.853,106.066,0.508,"Pressure_877_CSled_20220329"
"819",2022-03-30 23:16:00,28.853,107.023,0.603,"Pressure_877_CSled_20220329"
"820",2022-03-30 23:18:00,28.853,106.084,0.509,"Pressure_877_CSled_20220329"
"821",2022-03-30 23:20:00,28.853,105.832,0.484,"Pressure_877_CSled_20220329"
"822",2022-03-30 23:22:00,28.853,106.608,0.561,"Pressure_877_CSled_20220329"
"823",2022-03-30 23:24:00,28.853,106.193,0.52,"Pressure_877_CSled_20220329"
"824",2022-03-30 23:26:00,28.853,106.373,0.538,"Pressure_877_CSled_20220329"
"825",2022-03-30 23:28:00,28.754,106.261,0.527,"Pressure_877_CSled_20220329"
"826",2022-03-30 23:30:00,28.754,106.496,0.55,"Pressure_877_CSled_20220329"
"827",2022-03-30 23:32:00,28.754,106.063,0.507,"Pressure_877_CSled_20220329"
"828",2022-03-30 23:34:00,28.754,106.081,0.509,"Pressure_877_CSled_20220329"
"829",2022-03-30 23:36:00,28.754,107.092,0.61,"Pressure_877_CSled_20220329"
"830",2022-03-30 23:38:00,28.754,105.973,0.498,"Pressure_877_CSled_20220329"
"831",2022-03-30 23:40:00,28.754,106.388,0.54,"Pressure_877_CSled_20220329"
"832",2022-03-30 23:42:00,28.754,105.594,0.461,"Pressure_877_CSled_20220329"
"833",2022-03-30 23:44:00,28.754,106.135,0.514,"Pressure_877_CSled_20220329"
"834",2022-03-30 23:46:00,28.754,106.839,0.584,"Pressure_877_CSled_20220329"
"835",2022-03-30 23:48:00,28.754,106.117,0.513,"Pressure_877_CSled_20220329"
"836",2022-03-30 23:50:00,28.655,105.609,0.462,"Pressure_877_CSled_20220329"
"837",2022-03-30 23:52:00,28.655,106.312,0.532,"Pressure_877_CSled_20220329"
"838",2022-03-30 23:54:00,28.655,105.717,0.473,"Pressure_877_CSled_20220329"
"839",2022-03-30 23:56:00,28.655,107.142,0.615,"Pressure_877_CSled_20220329"
"840",2022-03-30 23:58:00,28.655,106.114,0.512,"Pressure_877_CSled_20220329"
"841",2022-03-31 00:00:00,28.655,107.197,0.62,"Pressure_877_CSled_20220329"
"842",2022-03-31 00:02:00,28.655,106.673,0.568,"Pressure_877_CSled_20220329"
"843",2022-03-31 00:04:00,28.655,107.648,0.665,"Pressure_877_CSled_20220329"
"844",2022-03-31 00:06:00,28.655,106.456,0.546,"Pressure_877_CSled_20220329"
"845",2022-03-31 00:08:00,28.655,105.933,0.494,"Pressure_877_CSled_20220329"
"846",2022-03-31 00:10:00,28.555,105.749,0.476,"Pressure_877_CSled_20220329"
"847",2022-03-31 00:12:00,28.555,105.93,0.494,"Pressure_877_CSled_20220329"
"848",2022-03-31 00:14:00,28.555,106.399,0.541,"Pressure_877_CSled_20220329"
"849",2022-03-31 00:16:00,28.555,106.453,0.546,"Pressure_877_CSled_20220329"
"850",2022-03-31 00:18:00,28.555,106.182,0.519,"Pressure_877_CSled_20220329"
"851",2022-03-31 00:20:00,28.555,106.2,0.521,"Pressure_877_CSled_20220329"
"852",2022-03-31 00:22:00,28.555,107.103,0.611,"Pressure_877_CSled_20220329"
"853",2022-03-31 00:24:00,28.555,106.182,0.519,"Pressure_877_CSled_20220329"
"854",2022-03-31 00:26:00,28.555,106.435,0.544,"Pressure_877_CSled_20220329"
"855",2022-03-31 00:28:00,28.555,106.597,0.56,"Pressure_877_CSled_20220329"
"856",2022-03-31 00:30:00,28.555,106.092,0.51,"Pressure_877_CSled_20220329"
"857",2022-03-31 00:32:00,28.555,105.84,0.485,"Pressure_877_CSled_20220329"
"858",2022-03-31 00:34:00,28.555,106.128,0.514,"Pressure_877_CSled_20220329"
"859",2022-03-31 00:36:00,28.555,105.731,0.474,"Pressure_877_CSled_20220329"
"860",2022-03-31 00:38:00,28.555,106.038,0.505,"Pressure_877_CSled_20220329"
"861",2022-03-31 00:40:00,28.555,105.677,0.469,"Pressure_877_CSled_20220329"
"862",2022-03-31 00:42:00,28.555,106.2,0.521,"Pressure_877_CSled_20220329"
"863",2022-03-31 00:44:00,28.555,105.966,0.498,"Pressure_877_CSled_20220329"
"864",2022-03-31 00:46:00,28.555,105.948,0.496,"Pressure_877_CSled_20220329"
"865",2022-03-31 00:48:00,28.555,105.569,0.458,"Pressure_877_CSled_20220329"
"866",2022-03-31 00:50:00,28.555,106.11,0.512,"Pressure_877_CSled_20220329"
"867",2022-03-31 00:52:00,28.555,106.633,0.564,"Pressure_877_CSled_20220329"
"868",2022-03-31 00:54:00,28.555,106.128,0.514,"Pressure_877_CSled_20220329"
"869",2022-03-31 00:56:00,28.555,105.731,0.474,"Pressure_877_CSled_20220329"
"870",2022-03-31 00:58:00,28.555,105.767,0.478,"Pressure_877_CSled_20220329"
"871",2022-03-31 01:00:00,28.555,105.479,0.449,"Pressure_877_CSled_20220329"
"872",2022-03-31 01:02:00,28.555,105.353,0.437,"Pressure_877_CSled_20220329"
"873",2022-03-31 01:04:00,28.555,105.767,0.478,"Pressure_877_CSled_20220329"
"874",2022-03-31 01:06:00,28.555,106.435,0.544,"Pressure_877_CSled_20220329"
"875",2022-03-31 01:08:00,28.555,106.814,0.582,"Pressure_877_CSled_20220329"
"876",2022-03-31 01:10:00,28.555,107.013,0.602,"Pressure_877_CSled_20220329"
"877",2022-03-31 01:12:00,28.555,105.894,0.49,"Pressure_877_CSled_20220329"
"878",2022-03-31 01:14:00,28.555,107.32,0.632,"Pressure_877_CSled_20220329"
"879",2022-03-31 01:16:00,28.456,106.54,0.555,"Pressure_877_CSled_20220329"
"880",2022-03-31 01:18:00,28.456,106.377,0.539,"Pressure_877_CSled_20220329"
"881",2022-03-31 01:20:00,28.456,105.926,0.494,"Pressure_877_CSled_20220329"
"882",2022-03-31 01:22:00,28.456,105.71,0.472,"Pressure_877_CSled_20220329"
"883",2022-03-31 01:24:00,28.456,105.999,0.501,"Pressure_877_CSled_20220329"
"884",2022-03-31 01:26:00,28.456,105.71,0.472,"Pressure_877_CSled_20220329"
"885",2022-03-31 01:28:00,28.456,107.172,0.618,"Pressure_877_CSled_20220329"
"886",2022-03-31 01:30:00,28.456,106.341,0.535,"Pressure_877_CSled_20220329"
"887",2022-03-31 01:32:00,28.456,106.431,0.544,"Pressure_877_CSled_20220329"
"888",2022-03-31 01:34:00,28.456,106.233,0.524,"Pressure_877_CSled_20220329"
"889",2022-03-31 01:36:00,28.456,106.071,0.508,"Pressure_877_CSled_20220329"
"890",2022-03-31 01:38:00,28.456,106.45,0.546,"Pressure_877_CSled_20220329"
"891",2022-03-31 01:40:00,28.456,107.063,0.607,"Pressure_877_CSled_20220329"
"892",2022-03-31 01:42:00,28.357,106.193,0.52,"Pressure_877_CSled_20220329"
"893",2022-03-31 01:44:00,28.456,106.811,0.582,"Pressure_877_CSled_20220329"
"894",2022-03-31 01:46:00,28.357,106.374,0.538,"Pressure_877_CSled_20220329"
"895",2022-03-31 01:48:00,28.357,105.905,0.492,"Pressure_877_CSled_20220329"
"896",2022-03-31 01:50:00,28.357,106.302,0.531,"Pressure_877_CSled_20220329"
"897",2022-03-31 01:52:00,28.357,106.374,0.538,"Pressure_877_CSled_20220329"
"898",2022-03-31 01:54:00,28.357,105.634,0.465,"Pressure_877_CSled_20220329"
"899",2022-03-31 01:56:00,28.357,105.761,0.477,"Pressure_877_CSled_20220329"
"900",2022-03-31 01:58:00,28.357,105.58,0.459,"Pressure_877_CSled_20220329"
"901",2022-03-31 02:00:00,28.357,106.861,0.587,"Pressure_877_CSled_20220329"
"902",2022-03-31 02:02:00,28.357,106.103,0.511,"Pressure_877_CSled_20220329"
"903",2022-03-31 02:04:00,28.357,105.779,0.479,"Pressure_877_CSled_20220329"
"904",2022-03-31 02:06:00,28.357,106.356,0.536,"Pressure_877_CSled_20220329"
"905",2022-03-31 02:08:00,28.357,105.797,0.481,"Pressure_877_CSled_20220329"
"906",2022-03-31 02:10:00,28.357,105.941,0.495,"Pressure_877_CSled_20220329"
"907",2022-03-31 02:12:00,28.357,105.941,0.495,"Pressure_877_CSled_20220329"
"908",2022-03-31 02:14:00,28.357,105.4,0.441,"Pressure_877_CSled_20220329"
"909",2022-03-31 02:16:00,28.258,105.721,0.473,"Pressure_877_CSled_20220329"
"910",2022-03-31 02:18:00,28.258,105.577,0.459,"Pressure_877_CSled_20220329"
"911",2022-03-31 02:20:00,28.357,106.843,0.585,"Pressure_877_CSled_20220329"
"912",2022-03-31 02:22:00,28.357,106.482,0.549,"Pressure_877_CSled_20220329"
"913",2022-03-31 02:24:00,28.357,106.518,0.553,"Pressure_877_CSled_20220329"
"914",2022-03-31 02:26:00,28.357,105.346,0.436,"Pressure_877_CSled_20220329"
"915",2022-03-31 02:28:00,28.357,106.248,0.526,"Pressure_877_CSled_20220329"
"916",2022-03-31 02:30:00,28.357,106.32,0.533,"Pressure_877_CSled_20220329"
"917",2022-03-31 02:32:00,28.357,105.364,0.438,"Pressure_877_CSled_20220329"
"918",2022-03-31 02:34:00,28.357,105.346,0.436,"Pressure_877_CSled_20220329"
"919",2022-03-31 02:36:00,28.357,105.508,0.452,"Pressure_877_CSled_20220329"
"920",2022-03-31 02:38:00,28.357,106.266,0.527,"Pressure_877_CSled_20220329"
"921",2022-03-31 02:40:00,28.357,105.761,0.477,"Pressure_877_CSled_20220329"
"922",2022-03-31 02:42:00,28.357,104.859,0.387,"Pressure_877_CSled_20220329"
"923",2022-03-31 02:44:00,28.357,105.13,0.414,"Pressure_877_CSled_20220329"
"924",2022-03-31 02:46:00,28.357,105.13,0.414,"Pressure_877_CSled_20220329"
"925",2022-03-31 02:48:00,28.357,105.508,0.452,"Pressure_877_CSled_20220329"
"926",2022-03-31 02:50:00,28.357,105.598,0.461,"Pressure_877_CSled_20220329"
"927",2022-03-31 02:52:00,28.357,105.058,0.407,"Pressure_877_CSled_20220329"
"928",2022-03-31 02:54:00,28.357,105.292,0.431,"Pressure_877_CSled_20220329"
"929",2022-03-31 02:56:00,28.258,104.91,0.393,"Pressure_877_CSled_20220329"
"930",2022-03-31 02:58:00,28.258,104.856,0.387,"Pressure_877_CSled_20220329"
"931",2022-03-31 03:00:00,28.258,104.874,0.389,"Pressure_877_CSled_20220329"
"932",2022-03-31 03:02:00,28.258,105.451,0.446,"Pressure_877_CSled_20220329"
"933",2022-03-31 03:04:00,28.258,105.18,0.419,"Pressure_877_CSled_20220329"
"934",2022-03-31 03:06:00,28.258,105.198,0.421,"Pressure_877_CSled_20220329"
"935",2022-03-31 03:08:00,28.258,105.793,0.48,"Pressure_877_CSled_20220329"
"936",2022-03-31 03:10:00,28.258,105.865,0.488,"Pressure_877_CSled_20220329"
"937",2022-03-31 03:12:00,28.258,105.18,0.419,"Pressure_877_CSled_20220329"
"938",2022-03-31 03:14:00,28.159,104.799,0.382,"Pressure_877_CSled_20220329"
"939",2022-03-31 03:16:00,28.159,105.231,0.425,"Pressure_877_CSled_20220329"
"940",2022-03-31 03:18:00,28.159,104.492,0.351,"Pressure_877_CSled_20220329"
"941",2022-03-31 03:20:00,28.159,104.51,0.353,"Pressure_877_CSled_20220329"
"942",2022-03-31 03:22:00,28.159,104.51,0.353,"Pressure_877_CSled_20220329"
"943",2022-03-31 03:24:00,28.159,105.537,0.455,"Pressure_877_CSled_20220329"
"944",2022-03-31 03:26:00,28.159,105.303,0.432,"Pressure_877_CSled_20220329"
"945",2022-03-31 03:28:00,28.159,105.141,0.416,"Pressure_877_CSled_20220329"
"946",2022-03-31 03:30:00,28.159,104.655,0.367,"Pressure_877_CSled_20220329"
"947",2022-03-31 03:32:00,28.159,104.276,0.329,"Pressure_877_CSled_20220329"
"948",2022-03-31 03:34:00,28.159,104.817,0.383,"Pressure_877_CSled_20220329"
"949",2022-03-31 03:36:00,28.159,104.528,0.355,"Pressure_877_CSled_20220329"
"950",2022-03-31 03:38:00,28.159,105.159,0.417,"Pressure_877_CSled_20220329"
"951",2022-03-31 03:40:00,28.159,104.727,0.374,"Pressure_877_CSled_20220329"
"952",2022-03-31 03:42:00,28.06,104.381,0.34,"Pressure_877_CSled_20220329"
"953",2022-03-31 03:44:00,28.06,104.399,0.342,"Pressure_877_CSled_20220329"
"954",2022-03-31 03:46:00,28.06,104.345,0.336,"Pressure_877_CSled_20220329"
"955",2022-03-31 03:48:00,28.06,104.561,0.358,"Pressure_877_CSled_20220329"
"956",2022-03-31 03:50:00,28.06,104.435,0.345,"Pressure_877_CSled_20220329"
"957",2022-03-31 03:52:00,28.06,105.39,0.44,"Pressure_877_CSled_20220329"
"958",2022-03-31 03:54:00,28.06,104.597,0.361,"Pressure_877_CSled_20220329"
"959",2022-03-31 03:56:00,28.06,104.237,0.326,"Pressure_877_CSled_20220329"
"960",2022-03-31 03:58:00,27.961,104.27,0.329,"Pressure_877_CSled_20220329"
"961",2022-03-31 04:00:00,28.06,104.201,0.322,"Pressure_877_CSled_20220329"
"962",2022-03-31 04:02:00,28.06,104.363,0.338,"Pressure_877_CSled_20220329"
"963",2022-03-31 04:04:00,28.06,104.273,0.329,"Pressure_877_CSled_20220329"
"964",2022-03-31 04:06:00,28.06,104.309,0.333,"Pressure_877_CSled_20220329"
"965",2022-03-31 04:08:00,28.06,104.561,0.358,"Pressure_877_CSled_20220329"
"966",2022-03-31 04:10:00,28.06,104.651,0.367,"Pressure_877_CSled_20220329"
"967",2022-03-31 04:12:00,28.06,104.057,0.308,"Pressure_877_CSled_20220329"
"968",2022-03-31 04:14:00,28.06,104.021,0.304,"Pressure_877_CSled_20220329"
"969",2022-03-31 04:16:00,28.06,104.705,0.372,"Pressure_877_CSled_20220329"
"970",2022-03-31 04:18:00,28.06,104.183,0.32,"Pressure_877_CSled_20220329"
"971",2022-03-31 04:20:00,28.06,104.183,0.32,"Pressure_877_CSled_20220329"
"972",2022-03-31 04:22:00,28.06,104.273,0.329,"Pressure_877_CSled_20220329"
"973",2022-03-31 04:24:00,27.961,103.928,0.295,"Pressure_877_CSled_20220329"
"974",2022-03-31 04:26:00,27.961,104.792,0.381,"Pressure_877_CSled_20220329"
"975",2022-03-31 04:28:00,27.961,104.36,0.338,"Pressure_877_CSled_20220329"
"976",2022-03-31 04:30:00,27.961,103.892,0.291,"Pressure_877_CSled_20220329"
"977",2022-03-31 04:32:00,27.961,103.874,0.289,"Pressure_877_CSled_20220329"
"978",2022-03-31 04:34:00,27.961,104,0.302,"Pressure_877_CSled_20220329"
"979",2022-03-31 04:36:00,27.961,104.144,0.316,"Pressure_877_CSled_20220329"
"980",2022-03-31 04:38:00,27.961,104.306,0.332,"Pressure_877_CSled_20220329"
"981",2022-03-31 04:40:00,27.961,103.91,0.293,"Pressure_877_CSled_20220329"
"982",2022-03-31 04:42:00,27.961,103.784,0.281,"Pressure_877_CSled_20220329"
"983",2022-03-31 04:44:00,27.961,103.784,0.281,"Pressure_877_CSled_20220329"
"984",2022-03-31 04:46:00,27.961,103.316,0.234,"Pressure_877_CSled_20220329"
"985",2022-03-31 04:48:00,27.961,103.622,0.264,"Pressure_877_CSled_20220329"
"986",2022-03-31 04:50:00,27.961,103.73,0.275,"Pressure_877_CSled_20220329"
"987",2022-03-31 04:52:00,27.961,103.406,0.243,"Pressure_877_CSled_20220329"
"988",2022-03-31 04:54:00,27.961,103.982,0.3,"Pressure_877_CSled_20220329"
"989",2022-03-31 04:56:00,27.961,103.442,0.247,"Pressure_877_CSled_20220329"
"990",2022-03-31 04:58:00,27.961,103.982,0.3,"Pressure_877_CSled_20220329"
"991",2022-03-31 05:00:00,27.961,103.55,0.257,"Pressure_877_CSled_20220329"
"992",2022-03-31 05:02:00,27.862,103.762,0.278,"Pressure_877_CSled_20220329"
"993",2022-03-31 05:04:00,27.862,103.403,0.243,"Pressure_877_CSled_20220329"
"994",2022-03-31 05:06:00,27.862,103.385,0.241,"Pressure_877_CSled_20220329"
"995",2022-03-31 05:08:00,27.862,103.061,0.209,"Pressure_877_CSled_20220329"
"996",2022-03-31 05:10:00,27.862,103.331,0.235,"Pressure_877_CSled_20220329"
"997",2022-03-31 05:12:00,27.862,103.331,0.235,"Pressure_877_CSled_20220329"
"998",2022-03-31 05:14:00,27.862,103.133,0.216,"Pressure_877_CSled_20220329"
"999",2022-03-31 05:16:00,27.862,103.043,0.207,"Pressure_877_CSled_20220329"
"1000",2022-03-31 05:18:00,27.764,103.076,0.21,"Pressure_877_CSled_20220329"
"1001",2022-03-31 05:20:00,27.764,103.687,0.271,"Pressure_877_CSled_20220329"
"1002",2022-03-31 05:22:00,27.764,103.435,0.246,"Pressure_877_CSled_20220329"
"1003",2022-03-31 05:24:00,27.764,103.363,0.239,"Pressure_877_CSled_20220329"
"1004",2022-03-31 05:26:00,27.764,102.986,0.201,"Pressure_877_CSled_20220329"
"1005",2022-03-31 05:28:00,27.665,103.09,0.212,"Pressure_877_CSled_20220329"
"1006",2022-03-31 05:30:00,27.665,102.911,0.194,"Pressure_877_CSled_20220329"
"1007",2022-03-31 05:32:00,27.665,103.018,0.204,"Pressure_877_CSled_20220329"
"1008",2022-03-31 05:34:00,27.665,102.911,0.194,"Pressure_877_CSled_20220329"
"1009",2022-03-31 05:36:00,27.665,103.18,0.22,"Pressure_877_CSled_20220329"
"1010",2022-03-31 05:38:00,27.665,102.964,0.199,"Pressure_877_CSled_20220329"
"1011",2022-03-31 05:40:00,27.665,103.342,0.237,"Pressure_877_CSled_20220329"
"1012",2022-03-31 05:42:00,27.665,102.713,0.174,"Pressure_877_CSled_20220329"
"1013",2022-03-31 05:44:00,27.567,102.817,0.184,"Pressure_877_CSled_20220329"
"1014",2022-03-31 05:46:00,27.665,102.497,0.153,"Pressure_877_CSled_20220329"
"1015",2022-03-31 05:48:00,27.665,102.677,0.17,"Pressure_877_CSled_20220329"
"1016",2022-03-31 05:50:00,27.665,102.641,0.167,"Pressure_877_CSled_20220329"
"1017",2022-03-31 05:52:00,27.665,102.803,0.183,"Pressure_877_CSled_20220329"
"1018",2022-03-31 05:54:00,27.567,102.494,0.152,"Pressure_877_CSled_20220329"
"1019",2022-03-31 05:56:00,27.567,102.602,0.163,"Pressure_877_CSled_20220329"
"1020",2022-03-31 05:58:00,27.567,102.71,0.174,"Pressure_877_CSled_20220329"
"1021",2022-03-31 06:00:00,27.665,102.659,0.169,"Pressure_877_CSled_20220329"
"1022",2022-03-31 06:02:00,27.665,102.587,0.161,"Pressure_877_CSled_20220329"
"1023",2022-03-31 06:04:00,27.567,102.458,0.149,"Pressure_877_CSled_20220329"
"1024",2022-03-31 06:06:00,27.665,102.641,0.167,"Pressure_877_CSled_20220329"
"1025",2022-03-31 06:08:00,27.665,102.605,0.163,"Pressure_877_CSled_20220329"
"1026",2022-03-31 06:10:00,27.567,102.512,0.154,"Pressure_877_CSled_20220329"
"1027",2022-03-31 06:12:00,27.665,102.353,0.138,"Pressure_877_CSled_20220329"
"1028",2022-03-31 06:14:00,27.665,102.623,0.165,"Pressure_877_CSled_20220329"
"1029",2022-03-31 06:16:00,27.665,102.443,0.147,"Pressure_877_CSled_20220329"
"1030",2022-03-31 06:18:00,27.665,102.425,0.145,"Pressure_877_CSled_20220329"
"1031",2022-03-31 06:20:00,27.665,102.407,0.144,"Pressure_877_CSled_20220329"
"1032",2022-03-31 06:22:00,27.665,102.749,0.178,"Pressure_877_CSled_20220329"
"1033",2022-03-31 06:24:00,27.665,102.749,0.178,"Pressure_877_CSled_20220329"
"1034",2022-03-31 06:26:00,27.665,102.659,0.169,"Pressure_877_CSled_20220329"
"1035",2022-03-31 06:28:00,27.665,102.641,0.167,"Pressure_877_CSled_20220329"
"1036",2022-03-31 06:30:00,27.665,102.407,0.144,"Pressure_877_CSled_20220329"
"1037",2022-03-31 06:32:00,27.764,102.518,0.155,"Pressure_877_CSled_20220329"
"1038",2022-03-31 06:34:00,27.665,102.893,0.192,"Pressure_877_CSled_20220329"
"1039",2022-03-31 06:36:00,27.665,102.533,0.156,"Pressure_877_CSled_20220329"
"1040",2022-03-31 06:38:00,27.665,102.371,0.14,"Pressure_877_CSled_20220329"
"1041",2022-03-31 06:40:00,27.665,102.443,0.147,"Pressure_877_CSled_20220329"
"1042",2022-03-31 06:42:00,27.764,102.303,0.133,"Pressure_877_CSled_20220329"
"1043",2022-03-31 06:44:00,27.764,102.5,0.153,"Pressure_877_CSled_20220329"
"1044",2022-03-31 06:46:00,27.764,102.698,0.173,"Pressure_877_CSled_20220329"
"1045",2022-03-31 06:48:00,27.764,102.896,0.192,"Pressure_877_CSled_20220329"
"1046",2022-03-31 06:50:00,27.764,102.806,0.183,"Pressure_877_CSled_20220329"
"1047",2022-03-31 06:52:00,27.764,102.393,0.142,"Pressure_877_CSled_20220329"
"1048",2022-03-31 06:54:00,27.665,102.353,0.138,"Pressure_877_CSled_20220329"
"1049",2022-03-31 06:56:00,27.665,102.551,0.158,"Pressure_877_CSled_20220329"
"1050",2022-03-31 06:58:00,27.764,102.572,0.16,"Pressure_877_CSled_20220329"
"1051",2022-03-31 07:00:00,27.764,102.536,0.156,"Pressure_877_CSled_20220329"
"1052",2022-03-31 07:02:00,27.764,102.932,0.196,"Pressure_877_CSled_20220329"
"1053",2022-03-31 07:04:00,27.764,103.291,0.232,"Pressure_877_CSled_20220329"
"1054",2022-03-31 07:06:00,27.665,102.533,0.156,"Pressure_877_CSled_20220329"
"1055",2022-03-31 07:08:00,27.665,102.407,0.144,"Pressure_877_CSled_20220329"
"1056",2022-03-31 07:10:00,27.764,102.68,0.171,"Pressure_877_CSled_20220329"
"1057",2022-03-31 07:12:00,27.764,102.842,0.187,"Pressure_877_CSled_20220329"
"1058",2022-03-31 07:14:00,27.764,102.842,0.187,"Pressure_877_CSled_20220329"
"1059",2022-03-31 07:16:00,27.764,102.77,0.18,"Pressure_877_CSled_20220329"
"1060",2022-03-31 07:18:00,27.764,102.518,0.155,"Pressure_877_CSled_20220329"
"1061",2022-03-31 07:20:00,27.764,102.608,0.164,"Pressure_877_CSled_20220329"
"1062",2022-03-31 07:22:00,27.764,102.267,0.13,"Pressure_877_CSled_20220329"
"1063",2022-03-31 07:24:00,27.764,102.716,0.174,"Pressure_877_CSled_20220329"
"1064",2022-03-31 07:26:00,27.862,102.612,0.164,"Pressure_877_CSled_20220329"
"1065",2022-03-31 07:28:00,27.764,103.04,0.207,"Pressure_877_CSled_20220329"
"1066",2022-03-31 07:30:00,27.764,102.716,0.174,"Pressure_877_CSled_20220329"
"1067",2022-03-31 07:32:00,27.764,102.608,0.164,"Pressure_877_CSled_20220329"
"1068",2022-03-31 07:34:00,27.862,102.683,0.171,"Pressure_877_CSled_20220329"
"1069",2022-03-31 07:36:00,27.862,102.845,0.187,"Pressure_877_CSled_20220329"
"1070",2022-03-31 07:38:00,27.764,103.004,0.203,"Pressure_877_CSled_20220329"
"1071",2022-03-31 07:40:00,27.862,103.421,0.244,"Pressure_877_CSled_20220329"
"1072",2022-03-31 07:42:00,27.862,102.755,0.178,"Pressure_877_CSled_20220329"
"1073",2022-03-31 07:44:00,27.862,102.773,0.18,"Pressure_877_CSled_20220329"
"1074",2022-03-31 07:46:00,27.862,102.845,0.187,"Pressure_877_CSled_20220329"
"1075",2022-03-31 07:48:00,27.862,102.917,0.194,"Pressure_877_CSled_20220329"
"1076",2022-03-31 07:50:00,27.862,103.115,0.214,"Pressure_877_CSled_20220329"
"1077",2022-03-31 07:52:00,27.862,102.612,0.164,"Pressure_877_CSled_20220329"
"1078",2022-03-31 07:54:00,27.862,102.63,0.166,"Pressure_877_CSled_20220329"
"1079",2022-03-31 07:56:00,27.862,103.169,0.219,"Pressure_877_CSled_20220329"
"1080",2022-03-31 07:58:00,27.862,102.737,0.176,"Pressure_877_CSled_20220329"
"1081",2022-03-31 08:00:00,27.862,102.827,0.185,"Pressure_877_CSled_20220329"
"1082",2022-03-31 08:02:00,27.862,103.457,0.248,"Pressure_877_CSled_20220329"
"1083",2022-03-31 08:04:00,27.764,103.112,0.214,"Pressure_877_CSled_20220329"
"1084",2022-03-31 08:06:00,27.862,103.025,0.205,"Pressure_877_CSled_20220329"
"1085",2022-03-31 08:08:00,27.862,102.935,0.196,"Pressure_877_CSled_20220329"
"1086",2022-03-31 08:10:00,27.862,102.863,0.189,"Pressure_877_CSled_20220329"
"1087",2022-03-31 08:12:00,27.862,103.115,0.214,"Pressure_877_CSled_20220329"
"1088",2022-03-31 08:14:00,27.862,103.205,0.223,"Pressure_877_CSled_20220329"
"1089",2022-03-31 08:16:00,27.862,103.133,0.216,"Pressure_877_CSled_20220329"
"1090",2022-03-31 08:18:00,27.961,103.064,0.209,"Pressure_877_CSled_20220329"
"1091",2022-03-31 08:20:00,27.961,103.154,0.218,"Pressure_877_CSled_20220329"
"1092",2022-03-31 08:22:00,27.961,103.964,0.298,"Pressure_877_CSled_20220329"
"1093",2022-03-31 08:24:00,27.961,102.974,0.2,"Pressure_877_CSled_20220329"
"1094",2022-03-31 08:26:00,27.961,103.154,0.218,"Pressure_877_CSled_20220329"
"1095",2022-03-31 08:28:00,27.862,103.025,0.205,"Pressure_877_CSled_20220329"
"1096",2022-03-31 08:30:00,27.961,103.136,0.216,"Pressure_877_CSled_20220329"
"1097",2022-03-31 08:32:00,27.961,103.226,0.225,"Pressure_877_CSled_20220329"
"1098",2022-03-31 08:34:00,27.961,102.902,0.193,"Pressure_877_CSled_20220329"
"1099",2022-03-31 08:36:00,27.862,103.043,0.207,"Pressure_877_CSled_20220329"
"1100",2022-03-31 08:38:00,27.961,103.442,0.247,"Pressure_877_CSled_20220329"
"1101",2022-03-31 08:40:00,27.961,103.676,0.27,"Pressure_877_CSled_20220329"
"1102",2022-03-31 08:42:00,27.961,103.352,0.238,"Pressure_877_CSled_20220329"
"1103",2022-03-31 08:44:00,28.06,103.553,0.258,"Pressure_877_CSled_20220329"
"1104",2022-03-31 08:46:00,28.06,103.409,0.243,"Pressure_877_CSled_20220329"
"1105",2022-03-31 08:48:00,28.06,103.553,0.258,"Pressure_877_CSled_20220329"
"1106",2022-03-31 08:50:00,28.06,103.445,0.247,"Pressure_877_CSled_20220329"
"1107",2022-03-31 08:52:00,28.06,103.589,0.261,"Pressure_877_CSled_20220329"
"1108",2022-03-31 08:54:00,28.06,103.535,0.256,"Pressure_877_CSled_20220329"
"1109",2022-03-31 08:56:00,28.159,103.431,0.245,"Pressure_877_CSled_20220329"
"1110",2022-03-31 08:58:00,28.258,104.208,0.323,"Pressure_877_CSled_20220329"
"1111",2022-03-31 09:00:00,28.159,103.593,0.262,"Pressure_877_CSled_20220329"
"1112",2022-03-31 09:02:00,28.258,103.398,0.242,"Pressure_877_CSled_20220329"
"1113",2022-03-31 09:04:00,28.258,103.2,0.222,"Pressure_877_CSled_20220329"
"1114",2022-03-31 09:06:00,28.357,103.563,0.259,"Pressure_877_CSled_20220329"
"1115",2022-03-31 09:08:00,28.357,103.851,0.287,"Pressure_877_CSled_20220329"
"1116",2022-03-31 09:10:00,28.357,103.635,0.266,"Pressure_877_CSled_20220329"
"1117",2022-03-31 09:12:00,28.357,103.725,0.275,"Pressure_877_CSled_20220329"
"1118",2022-03-31 09:14:00,28.357,103.401,0.242,"Pressure_877_CSled_20220329"
"1119",2022-03-31 09:16:00,28.357,104.049,0.307,"Pressure_877_CSled_20220329"
"1120",2022-03-31 09:18:00,28.357,104.067,0.309,"Pressure_877_CSled_20220329"
"1121",2022-03-31 09:20:00,28.357,104.589,0.361,"Pressure_877_CSled_20220329"
"1122",2022-03-31 09:22:00,28.357,104.265,0.328,"Pressure_877_CSled_20220329"
"1123",2022-03-31 09:24:00,28.258,103.596,0.262,"Pressure_877_CSled_20220329"
"1124",2022-03-31 09:26:00,28.357,103.977,0.3,"Pressure_877_CSled_20220329"
"1125",2022-03-31 09:28:00,28.357,103.833,0.285,"Pressure_877_CSled_20220329"
"1126",2022-03-31 09:30:00,28.357,104.463,0.348,"Pressure_877_CSled_20220329"
"1127",2022-03-31 09:32:00,28.357,104.157,0.318,"Pressure_877_CSled_20220329"
"1128",2022-03-31 09:34:00,28.357,103.635,0.266,"Pressure_877_CSled_20220329"
"1129",2022-03-31 09:36:00,28.357,104.157,0.318,"Pressure_877_CSled_20220329"
"1130",2022-03-31 09:38:00,28.357,104.679,0.37,"Pressure_877_CSled_20220329"
"1131",2022-03-31 09:40:00,28.357,104.067,0.309,"Pressure_877_CSled_20220329"
"1132",2022-03-31 09:42:00,28.357,104.013,0.303,"Pressure_877_CSled_20220329"
"1133",2022-03-31 09:44:00,28.357,104.265,0.328,"Pressure_877_CSled_20220329"
"1134",2022-03-31 09:46:00,28.357,104.445,0.346,"Pressure_877_CSled_20220329"
"1135",2022-03-31 09:48:00,28.456,104.178,0.32,"Pressure_877_CSled_20220329"
"1136",2022-03-31 09:50:00,28.456,104.305,0.332,"Pressure_877_CSled_20220329"
"1137",2022-03-31 09:52:00,28.456,103.801,0.282,"Pressure_877_CSled_20220329"
"1138",2022-03-31 09:54:00,28.456,103.836,0.286,"Pressure_877_CSled_20220329"
"1139",2022-03-31 09:56:00,28.456,104.305,0.332,"Pressure_877_CSled_20220329"
"1140",2022-03-31 09:58:00,28.555,104.074,0.309,"Pressure_877_CSled_20220329"
"1141",2022-03-31 10:00:00,28.555,104.722,0.374,"Pressure_877_CSled_20220329"
"1142",2022-03-31 10:02:00,28.555,103.912,0.293,"Pressure_877_CSled_20220329"
"1143",2022-03-31 10:04:00,28.555,103.894,0.291,"Pressure_877_CSled_20220329"
"1144",2022-03-31 10:06:00,28.655,104.275,0.329,"Pressure_877_CSled_20220329"
"1145",2022-03-31 10:08:00,28.655,104.221,0.324,"Pressure_877_CSled_20220329"
"1146",2022-03-31 10:10:00,28.655,104.96,0.398,"Pressure_877_CSled_20220329"
"1147",2022-03-31 10:12:00,28.655,104.744,0.376,"Pressure_877_CSled_20220329"
"1148",2022-03-31 10:14:00,28.754,104.909,0.392,"Pressure_877_CSled_20220329"
"1149",2022-03-31 10:16:00,28.754,104.387,0.341,"Pressure_877_CSled_20220329"
"1150",2022-03-31 10:18:00,28.754,104.549,0.357,"Pressure_877_CSled_20220329"
"1151",2022-03-31 10:20:00,28.853,104.534,0.355,"Pressure_877_CSled_20220329"
"1152",2022-03-31 10:22:00,28.853,104.534,0.355,"Pressure_877_CSled_20220329"
"1153",2022-03-31 10:24:00,28.853,104.66,0.368,"Pressure_877_CSled_20220329"
"1154",2022-03-31 10:26:00,28.853,104.57,0.359,"Pressure_877_CSled_20220329"
"1155",2022-03-31 10:28:00,28.853,104.498,0.352,"Pressure_877_CSled_20220329"
"1156",2022-03-31 10:30:00,28.853,104.408,0.343,"Pressure_877_CSled_20220329"
"1157",2022-03-31 10:32:00,28.953,104.267,0.329,"Pressure_877_CSled_20220329"
"1158",2022-03-31 10:34:00,28.953,104.7,0.372,"Pressure_877_CSled_20220329"
"1159",2022-03-31 10:36:00,28.953,104.952,0.397,"Pressure_877_CSled_20220329"
"1160",2022-03-31 10:38:00,28.953,104.448,0.347,"Pressure_877_CSled_20220329"
"1161",2022-03-31 10:40:00,29.053,104.811,0.383,"Pressure_877_CSled_20220329"
"1162",2022-03-31 10:42:00,29.053,104.847,0.386,"Pressure_877_CSled_20220329"
"1163",2022-03-31 10:44:00,29.053,104.883,0.39,"Pressure_877_CSled_20220329"
"1164",2022-03-31 10:46:00,29.152,104.635,0.365,"Pressure_877_CSled_20220329"
"1165",2022-03-31 10:48:00,29.152,104.689,0.371,"Pressure_877_CSled_20220329"
"1166",2022-03-31 10:50:00,29.252,104.116,0.314,"Pressure_877_CSled_20220329"
"1167",2022-03-31 10:52:00,29.252,104.35,0.337,"Pressure_877_CSled_20220329"
"1168",2022-03-31 10:54:00,29.252,104.584,0.36,"Pressure_877_CSled_20220329"
"1169",2022-03-31 10:56:00,29.352,104.479,0.35,"Pressure_877_CSled_20220329"
"1170",2022-03-31 10:58:00,29.352,105.02,0.404,"Pressure_877_CSled_20220329"
"1171",2022-03-31 11:00:00,29.352,104.93,0.395,"Pressure_877_CSled_20220329"
"1172",2022-03-31 11:02:00,29.352,104.479,0.35,"Pressure_877_CSled_20220329"
"1173",2022-03-31 11:04:00,29.352,104.587,0.36,"Pressure_877_CSled_20220329"
"1174",2022-03-31 11:06:00,29.452,104.753,0.377,"Pressure_877_CSled_20220329"
"1175",2022-03-31 11:08:00,29.452,104.897,0.391,"Pressure_877_CSled_20220329"
"1176",2022-03-31 11:10:00,29.552,104.612,0.363,"Pressure_877_CSled_20220329"
"1177",2022-03-31 11:12:00,29.552,104.486,0.35,"Pressure_877_CSled_20220329"
"1178",2022-03-31 11:14:00,29.552,104.72,0.374,"Pressure_877_CSled_20220329"
"1179",2022-03-31 11:16:00,29.652,104.436,0.345,"Pressure_877_CSled_20220329"
"1180",2022-03-31 11:18:00,29.652,104.814,0.383,"Pressure_877_CSled_20220329"
"1181",2022-03-31 11:20:00,29.652,104.652,0.367,"Pressure_877_CSled_20220329"
"1182",2022-03-31 11:22:00,29.752,104.871,0.389,"Pressure_877_CSled_20220329"
"1183",2022-03-31 11:24:00,29.752,104.709,0.373,"Pressure_877_CSled_20220329"
"1184",2022-03-31 11:26:00,29.752,104.691,0.371,"Pressure_877_CSled_20220329"
"1185",2022-03-31 11:28:00,29.853,105.055,0.407,"Pressure_877_CSled_20220329"
"1186",2022-03-31 11:30:00,29.853,105.001,0.402,"Pressure_877_CSled_20220329"
"1187",2022-03-31 11:32:00,29.853,104.677,0.369,"Pressure_877_CSled_20220329"
"1188",2022-03-31 11:34:00,29.953,104.518,0.354,"Pressure_877_CSled_20220329"
"1189",2022-03-31 11:36:00,29.953,105.041,0.406,"Pressure_877_CSled_20220329"
"1190",2022-03-31 11:38:00,29.953,105.6,0.461,"Pressure_877_CSled_20220329"
"1191",2022-03-31 11:40:00,30.054,104.9,0.392,"Pressure_877_CSled_20220329"
"1192",2022-03-31 11:42:00,30.054,104.882,0.39,"Pressure_877_CSled_20220329"
"1193",2022-03-31 11:44:00,30.054,104.521,0.354,"Pressure_877_CSled_20220329"
"1194",2022-03-31 11:46:00,30.154,104.976,0.399,"Pressure_877_CSled_20220329"
"1195",2022-03-31 11:48:00,30.154,104.777,0.379,"Pressure_877_CSled_20220329"
"1196",2022-03-31 11:50:00,30.154,105.066,0.408,"Pressure_877_CSled_20220329"
"1197",2022-03-31 11:52:00,30.255,105.141,0.416,"Pressure_877_CSled_20220329"
"1198",2022-03-31 11:54:00,30.255,105.268,0.428,"Pressure_877_CSled_20220329"
"1199",2022-03-31 11:56:00,30.255,104.871,0.389,"Pressure_877_CSled_20220329"
"1200",2022-03-31 11:58:00,30.255,105.448,0.446,"Pressure_877_CSled_20220329"
"1201",2022-03-31 12:00:00,30.356,105.127,0.414,"Pressure_877_CSled_20220329"
"1202",2022-03-31 12:02:00,30.356,105.433,0.445,"Pressure_877_CSled_20220329"
"1203",2022-03-31 12:04:00,30.356,105.722,0.473,"Pressure_877_CSled_20220329"
"1204",2022-03-31 12:06:00,30.356,104.73,0.375,"Pressure_877_CSled_20220329"
"1205",2022-03-31 12:08:00,30.457,105.22,0.423,"Pressure_877_CSled_20220329"
"1206",2022-03-31 12:10:00,30.457,105.257,0.427,"Pressure_877_CSled_20220329"
"1207",2022-03-31 12:12:00,30.457,105.076,0.409,"Pressure_877_CSled_20220329"
"1208",2022-03-31 12:14:00,30.457,104.608,0.363,"Pressure_877_CSled_20220329"
"1209",2022-03-31 12:16:00,30.558,104.647,0.366,"Pressure_877_CSled_20220329"
"1210",2022-03-31 12:18:00,30.558,104.935,0.395,"Pressure_877_CSled_20220329"
"1211",2022-03-31 12:20:00,30.558,105.458,0.447,"Pressure_877_CSled_20220329"
"1212",2022-03-31 12:22:00,30.659,105.246,0.426,"Pressure_877_CSled_20220329"
"1213",2022-03-31 12:24:00,30.659,104.885,0.39,"Pressure_877_CSled_20220329"
"1214",2022-03-31 12:26:00,30.76,104.87,0.389,"Pressure_877_CSled_20220329"
"1215",2022-03-31 12:28:00,30.76,104.906,0.392,"Pressure_877_CSled_20220329"
"1216",2022-03-31 12:30:00,30.76,104.564,0.358,"Pressure_877_CSled_20220329"
"1217",2022-03-31 12:32:00,30.862,104.766,0.378,"Pressure_877_CSled_20220329"
"1218",2022-03-31 12:34:00,30.862,104.712,0.373,"Pressure_877_CSled_20220329"
"1219",2022-03-31 12:36:00,30.862,105.144,0.416,"Pressure_877_CSled_20220329"
"1220",2022-03-31 12:38:00,30.862,105.415,0.443,"Pressure_877_CSled_20220329"
"1221",2022-03-31 12:40:00,30.862,104.748,0.376,"Pressure_877_CSled_20220329"
"1222",2022-03-31 12:42:00,30.862,104.964,0.398,"Pressure_877_CSled_20220329"
"1223",2022-03-31 12:44:00,30.963,105.31,0.432,"Pressure_877_CSled_20220329"
"1224",2022-03-31 12:46:00,30.963,105.112,0.413,"Pressure_877_CSled_20220329"
"1225",2022-03-31 12:48:00,30.963,104.859,0.387,"Pressure_877_CSled_20220329"
"1226",2022-03-31 12:50:00,30.963,106.303,0.531,"Pressure_877_CSled_20220329"
"1227",2022-03-31 12:52:00,31.064,105.061,0.408,"Pressure_877_CSled_20220329"
"1228",2022-03-31 12:54:00,31.064,104.899,0.391,"Pressure_877_CSled_20220329"
"1229",2022-03-31 12:56:00,31.166,105.137,0.415,"Pressure_877_CSled_20220329"
"1230",2022-03-31 12:58:00,31.166,105.065,0.408,"Pressure_877_CSled_20220329"
"1231",2022-03-31 13:00:00,31.166,105.029,0.404,"Pressure_877_CSled_20220329"
