date,PAR,Temperature
2022-08-22T13:01:31Z,809.93215,26.623
2022-08-22T13:03:31Z,1072.97453,26.656
2022-08-22T13:05:31Z,1044.47358,26.681
2022-08-22T13:07:31Z,971.15577,26.681
2022-08-22T13:09:31Z,1037.80353,26.698
2022-08-22T13:11:31Z,984.35031,26.706
2022-08-22T13:13:31Z,1009.25923,26.731
2022-08-22T13:15:31Z,1022.05741,26.756
2022-08-22T13:17:31Z,1024.95271,26.78
2022-08-22T13:19:31Z,1051.11265,26.772
2022-08-22T13:21:31Z,1101.38259,26.814
2022-08-22T13:23:31Z,1145.56154,26.805
2022-08-22T13:25:31Z,1007.4756,26.838
2022-08-22T13:27:31Z,992.34879,26.847
2022-08-22T13:29:31Z,1021.37926,26.855
2022-08-22T13:31:31Z,964.52908,26.888
2022-08-22T13:33:31Z,387.35999,26.896
2022-08-22T13:35:31Z,968.51129,26.921
2022-08-22T13:37:31Z,947.81992,26.888
2022-08-22T13:39:31Z,1028.10813,26.913
2022-08-22T13:41:31Z,449.27617,26.913
2022-08-22T13:43:31Z,609.05678,26.938
2022-08-22T13:45:31Z,878.32949,26.962
2022-08-22T13:47:31Z,890.75608,26.954
2022-08-22T13:49:31Z,835.54709,26.987
2022-08-22T13:51:31Z,943.9399,26.987
2022-08-22T13:53:31Z,558.14895,26.987
2022-08-22T13:55:31Z,866.28687,26.979
2022-08-22T13:57:31Z,849.25566,26.962
2022-08-22T13:59:31Z,855.08653,26.995
2022-08-22T14:01:31Z,421.02914,26.971
2022-08-22T14:03:31Z,358.44409,27.012
2022-08-22T14:05:31Z,709.97444,26.987
2022-08-22T14:07:31Z,352.41814,27.012
2022-08-22T14:09:31Z,208.93485,27.012
2022-08-22T14:11:31Z,186.27715,26.995
2022-08-22T14:13:31Z,754.20913,26.995
2022-08-22T14:15:31Z,420.76902,26.979
2022-08-22T14:17:31Z,273.17347,26.987
2022-08-22T14:19:31Z,756.48512,26.962
2022-08-22T14:21:31Z,268.34899,26.971
2022-08-22T14:23:31Z,229.60144,26.954
2022-08-22T14:25:31Z,781.63247,26.954
2022-08-22T14:27:31Z,741.60913,26.946
2022-08-22T14:29:31Z,522.74261,26.946
2022-08-22T14:31:31Z,315.79485,26.962
2022-08-22T14:33:31Z,781.04722,26.946
2022-08-22T14:35:31Z,364.56913,26.938
2022-08-22T14:37:31Z,360.69221,26.921
2022-08-22T14:39:31Z,761.04948,26.946
2022-08-22T14:41:31Z,308.60768,26.921
2022-08-22T14:43:31Z,260.44651,26.921
2022-08-22T14:45:31Z,490.75181,26.904
2022-08-22T14:47:31Z,627.30185,26.88
2022-08-22T14:49:31Z,762.90124,26.904
2022-08-22T14:51:31Z,863.2739,26.888
2022-08-22T14:53:31Z,347.11988,26.913
2022-08-22T14:55:31Z,348.15724,26.929
2022-08-22T14:57:31Z,336.26636,26.913
2022-08-22T14:59:31Z,721.94273,26.904
2022-08-22T15:01:31Z,392.35168,26.904
2022-08-22T15:03:31Z,479.32232,26.888
2022-08-22T15:05:31Z,377.89063,26.871
2022-08-22T15:07:31Z,578.73194,26.896
2022-08-22T15:09:31Z,246.30751,26.871
2022-08-22T15:11:31Z,218.19053,26.855
2022-08-22T15:13:31Z,183.12482,26.847
2022-08-22T15:15:31Z,200.84347,26.855
2022-08-22T15:17:31Z,177.77702,26.871
2022-08-22T15:19:31Z,196.64451,26.871
2022-08-22T15:21:31Z,469.68266,26.863
2022-08-22T15:23:31Z,577.04121,26.83
2022-08-22T15:25:31Z,273.85472,26.814
2022-08-22T15:27:31Z,235.73578,26.78
2022-08-22T15:29:31Z,173.58115,26.789
2022-08-22T15:31:31Z,235.21245,26.789
2022-08-22T15:33:31Z,549.28343,26.764
2022-08-22T15:35:31Z,554.39589,26.747
2022-08-22T15:37:31Z,629.32082,26.756
2022-08-22T15:39:31Z,285.35853,26.756
2022-08-22T15:41:31Z,211.56075,26.764
2022-08-22T15:43:31Z,199.24254,26.731
2022-08-22T15:45:31Z,233.17181,26.723
2022-08-22T15:47:31Z,204.07011,26.731
2022-08-22T15:49:31Z,168.49037,26.698
2022-08-22T15:51:31Z,162.83291,26.706
2022-08-22T15:53:31Z,171.5467,26.689
2022-08-22T15:55:31Z,391.2462,26.689
2022-08-22T15:57:31Z,364.01484,26.673
2022-08-22T15:59:31Z,159.72704,26.648
2022-08-22T16:01:31Z,230.1898,26.64
2022-08-22T16:03:31Z,260.12447,26.632
2022-08-22T16:05:31Z,266.22164,26.582
2022-08-22T16:07:31Z,274.22631,26.598
2022-08-22T16:09:31Z,375.93669,26.59
2022-08-22T16:11:31Z,217.2244,26.549
2022-08-22T16:13:31Z,288.22287,26.549
2022-08-22T16:15:31Z,194.91352,26.541
2022-08-22T16:17:31Z,112.9036,26.524
2022-08-22T16:19:31Z,101.16755,26.507
2022-08-22T16:21:31Z,139.49396,26.524
2022-08-22T16:23:31Z,149.14292,26.483
2022-08-22T16:25:31Z,184.65144,26.491
2022-08-22T16:27:31Z,207.8851,26.491
2022-08-22T16:29:31Z,178.86392,26.499
2022-08-22T16:31:31Z,105.45941,26.499
2022-08-22T16:33:31Z,99.54804,26.483
2022-08-22T16:35:31Z,105.0197,26.491
2022-08-22T16:37:31Z,119.83375,26.466
2022-08-22T16:39:31Z,120.39424,26.458
2022-08-22T16:41:31Z,153.20873,26.458
2022-08-22T16:43:31Z,156.1381,26.441
2022-08-22T16:45:31Z,209.33431,26.416
2022-08-22T16:47:31Z,146.83906,26.425
2022-08-22T16:49:31Z,153.85901,26.408
2022-08-22T16:51:31Z,153.92095,26.408
2022-08-22T16:53:31Z,163.19521,26.408
2022-08-22T16:55:31Z,106.07873,26.416
2022-08-22T16:57:31Z,88.6109,26.408
2022-08-22T16:59:31Z,75.42875,26.383
2022-08-22T17:01:31Z,66.90695,26.367
2022-08-22T17:03:31Z,70.04689,26.375
2022-08-22T17:05:31Z,72.89265,26.342
2022-08-22T17:07:31Z,77.87195,26.325
2022-08-22T17:09:31Z,66.82334,26.3
2022-08-22T17:11:31Z,70.94489,26.3
2022-08-22T17:13:31Z,66.21641,26.309
2022-08-22T17:15:31Z,84.1766,26.292
2022-08-22T17:17:31Z,88.45917,26.275
2022-08-22T17:19:31Z,79.58127,26.259
2022-08-22T17:21:31Z,67.56033,26.251
2022-08-22T17:23:31Z,66.81715,26.226
2022-08-22T17:25:31Z,71.00373,26.209
2022-08-22T17:27:31Z,77.76047,26.217
2022-08-22T17:29:31Z,68.60388,26.168
2022-08-22T17:31:31Z,49.96554,26.159
2022-08-22T17:33:31Z,51.67795,26.159
2022-08-22T17:35:31Z,31.45417,26.168
2022-08-22T17:37:31Z,29.27727,26.126
2022-08-22T17:39:31Z,27.85903,26.11
2022-08-22T17:41:31Z,28.09128,26.093
2022-08-22T17:43:31Z,21.64419,26.118
2022-08-22T17:45:31Z,13.42586,26.093
2022-08-22T17:47:31Z,9.53345,26.085
2022-08-22T17:49:31Z,6.91994,26.085
2022-08-22T17:51:31Z,5.46454,26.052
2022-08-22T17:53:31Z,3.83574,26.052
2022-08-22T17:55:31Z,2.76432,26.027
2022-08-22T17:57:31Z,2.01804,26.027
2022-08-22T17:59:31Z,1.65265,26.027
2022-08-22T18:01:31Z,1.27177,26.002
2022-08-22T18:03:31Z,0.68961,26.002
2022-08-22T18:05:31Z,0.42021,26.01
2022-08-22T18:07:31Z,0.17558000000000001,25.994
2022-08-22T18:09:31Z,0.09197,25.985
2022-08-22T18:11:31Z,0.04552,25.96
2022-08-22T18:13:31Z,0.02384,25.944
2022-08-22T18:15:31Z,0.05481,25.927
2022-08-22T18:17:31Z,0.00217,25.927
2022-08-22T18:19:31Z,0.01455,25.927
2022-08-22T18:21:31Z,-0.0257,25.911
2022-08-22T18:23:31Z,-0.01332,25.911
2022-08-22T18:25:31Z,-0.01332,25.877
2022-08-22T18:27:31Z,-0.01022,25.894
2022-08-22T18:29:31Z,-0.02261,25.886
2022-08-22T18:31:31Z,-0.0257,25.886
2022-08-22T18:33:31Z,-0.05357,25.869
2022-08-22T18:35:31Z,-0.04428,25.869
2022-08-22T18:37:31Z,0.01455,25.852
2022-08-22T18:39:31Z,-0.05357,25.852
2022-08-22T18:41:31Z,-0.0257,25.861
2022-08-22T18:43:31Z,-0.05357,25.811
2022-08-22T18:45:31Z,-0.01332,25.836
2022-08-22T18:47:31Z,-0.00403,25.803
2022-08-22T18:49:31Z,0.00217,25.794
2022-08-22T18:51:31Z,0.00836,25.778
2022-08-22T18:53:31Z,-0.00093000000000000005,25.786
2022-08-22T18:55:31Z,-0.00712,25.761
2022-08-22T18:57:31Z,0.02075,25.753
2022-08-22T18:59:31Z,-0.00712,25.761
2022-08-22T19:01:31Z,-0.04118,25.745
2022-08-22T19:03:31Z,-0.0288,25.753
2022-08-22T19:05:31Z,-0.03809,25.745
2022-08-22T19:07:31Z,-0.01641,25.728
2022-08-22T19:09:31Z,-0.01332,25.703
2022-08-22T19:11:31Z,-0.09692,25.686
2022-08-22T19:13:31Z,-0.0257,25.67
2022-08-22T19:15:31Z,-0.0257,25.653
2022-08-22T19:17:31Z,-0.01022,25.653
2022-08-22T19:19:31Z,-0.01022,25.661
2022-08-22T19:21:31Z,-0.00403,25.645
2022-08-22T19:23:31Z,-0.03809,25.645
2022-08-22T19:25:31Z,-0.0257,25.637
2022-08-22T19:27:31Z,-0.01641,25.637
2022-08-22T19:29:31Z,0.03933,25.62
2022-08-22T19:31:31Z,-0.00712,25.612
2022-08-22T19:33:31Z,-0.03189,25.62
2022-08-22T19:35:31Z,-0.03809,25.578
2022-08-22T19:37:31Z,0.03004,25.562
2022-08-22T19:39:31Z,-0.01641,25.57
2022-08-22T19:41:31Z,-0.04428,25.57
2022-08-22T19:43:31Z,-0.01641,25.562
2022-08-22T19:45:31Z,-0.02261,25.578
2022-08-22T19:47:31Z,-0.01951,25.578
2022-08-22T19:49:31Z,-0.00403,25.537
2022-08-22T19:51:31Z,-0.00403,25.587
2022-08-22T19:53:31Z,-0.03499,25.553
2022-08-22T19:55:31Z,-0.05357,25.537
2022-08-22T19:57:31Z,-0.05976,25.57
2022-08-22T19:59:31Z,-0.02261,25.57
2022-08-22T20:01:31Z,-0.02261,25.545
2022-08-22T20:03:31Z,-0.04428,25.537
2022-08-22T20:05:31Z,-0.01641,25.562
2022-08-22T20:07:31Z,-0.03189,25.562
2022-08-22T20:09:31Z,-0.00403,25.553
2022-08-22T20:11:31Z,-0.04118,25.553
2022-08-22T20:13:31Z,-0.01332,25.562
2022-08-22T20:15:31Z,-0.07834,25.537
2022-08-22T20:17:31Z,-0.0257,25.537
2022-08-22T20:19:31Z,-0.00712,25.537
2022-08-22T20:21:31Z,0.04552,25.537
2022-08-22T20:23:31Z,-0.0257,25.495
2022-08-22T20:25:31Z,-0.03499,25.52
2022-08-22T20:27:31Z,0.01146,25.512
2022-08-22T20:29:31Z,-0.0257,25.512
2022-08-22T20:31:31Z,0.00836,25.504
2022-08-22T20:33:31Z,-0.04738,25.512
2022-08-22T20:35:31Z,-0.01951,25.487
2022-08-22T20:37:31Z,-0.01951,25.512
2022-08-22T20:39:31Z,-0.0257,25.52
2022-08-22T20:41:31Z,-0.02261,25.495
2022-08-22T20:43:31Z,0.01455,25.529
2022-08-22T20:45:31Z,-0.0257,25.479
2022-08-22T20:47:31Z,-0.01641,25.52
2022-08-22T20:49:31Z,-0.01022,25.512
2022-08-22T20:51:31Z,0.03313,25.52
2022-08-22T20:53:31Z,0.03004,25.52
2022-08-22T20:55:31Z,-0.06596,25.504
2022-08-22T20:57:31Z,-0.0288,25.495
2022-08-22T20:59:31Z,-0.00403,25.512
2022-08-22T21:01:31Z,-0.05976,25.479
2022-08-22T21:03:31Z,-0.03809,25.479
2022-08-22T21:05:31Z,0.00836,25.487
2022-08-22T21:07:31Z,0.01455,25.479
2022-08-22T21:09:31Z,-0.03809,25.487
2022-08-22T21:11:31Z,-0.00403,25.479
2022-08-22T21:13:31Z,-0.01022,25.479
2022-08-22T21:15:31Z,0.00526,25.462
2022-08-22T21:17:31Z,-0.00712,25.454
2022-08-22T21:19:31Z,-0.01332,25.429
2022-08-22T21:21:31Z,0.02075,25.454
2022-08-22T21:23:31Z,-0.0288,25.462
2022-08-22T21:25:31Z,0.01146,25.454
2022-08-22T21:27:31Z,-0.01022,25.445
2022-08-22T21:29:31Z,-0.06905,25.445
2022-08-22T21:31:31Z,-0.05667,25.437
2022-08-22T21:33:31Z,-0.00403,25.437
2022-08-22T21:35:31Z,-0.08144,25.429
2022-08-22T21:37:31Z,0.02694,25.429
2022-08-22T21:39:31Z,-0.04428,25.421
2022-08-22T21:41:31Z,-0.01951,25.396
2022-08-22T21:43:31Z,-0.05667,25.429
2022-08-22T21:45:31Z,-0.03499,25.421
2022-08-22T21:47:31Z,-0.04428,25.412
2022-08-22T21:49:31Z,-0.01332,25.437
2022-08-22T21:51:31Z,-0.03189,25.429
2022-08-22T21:53:31Z,-0.00712,25.412
2022-08-22T21:55:31Z,-0.00712,25.404
2022-08-22T21:57:31Z,0.00526,25.437
2022-08-22T21:59:31Z,-0.02261,25.445
2022-08-22T22:01:31Z,-0.0288,25.429
2022-08-22T22:03:31Z,-0.00093000000000000005,25.437
2022-08-22T22:05:31Z,0.00836,25.445
2022-08-22T22:07:31Z,-0.0257,25.429
2022-08-22T22:09:31Z,0.01146,25.445
2022-08-22T22:11:31Z,-0.00403,25.462
2022-08-22T22:13:31Z,0.00217,25.454
2022-08-22T22:15:31Z,-0.04428,25.47
2022-08-22T22:17:31Z,-0.05357,25.421
2022-08-22T22:19:31Z,-0.05047,25.454
2022-08-22T22:21:31Z,-0.03189,25.462
2022-08-22T22:23:31Z,-0.03499,25.421
2022-08-22T22:25:31Z,0.02075,25.421
2022-08-22T22:27:31Z,0.01765,25.404
2022-08-22T22:29:31Z,0.02384,25.421
2022-08-22T22:31:31Z,-0.06286,25.396
2022-08-22T22:33:31Z,-0.0257,25.404
2022-08-22T22:35:31Z,0.00836,25.387
2022-08-22T22:37:31Z,-0.01332,25.387
2022-08-22T22:39:31Z,0.00217,25.379
2022-08-22T22:41:31Z,-0.01641,25.396
2022-08-22T22:43:31Z,-0.04738,25.371
2022-08-22T22:45:31Z,-0.01951,25.396
2022-08-22T22:47:31Z,-0.03189,25.362
2022-08-22T22:49:31Z,0.00217,25.362
2022-08-22T22:51:31Z,-0.03189,25.354
2022-08-22T22:53:31Z,-0.03809,25.362
2022-08-22T22:55:31Z,-0.00093000000000000005,25.362
2022-08-22T22:57:31Z,-0.0288,25.362
2022-08-22T22:59:31Z,-0.05667,25.362
2022-08-22T23:01:31Z,-0.05976,25.371
2022-08-22T23:03:31Z,0.00836,25.371
2022-08-22T23:05:31Z,-0.00712,25.362
2022-08-22T23:07:31Z,-0.0288,25.379
2022-08-22T23:09:31Z,-0.0288,25.396
2022-08-22T23:11:31Z,-0.07215,25.379
2022-08-22T23:13:31Z,-0.01022,25.396
2022-08-22T23:15:31Z,-0.00403,25.404
2022-08-22T23:17:31Z,-0.04118,25.396
2022-08-22T23:19:31Z,-0.0257,25.379
2022-08-22T23:21:31Z,-0.0257,25.371
2022-08-22T23:23:31Z,-0.04738,25.396
2022-08-22T23:25:31Z,-0.00403,25.404
2022-08-22T23:27:31Z,-0.01332,25.387
2022-08-22T23:29:31Z,0.01146,25.379
2022-08-22T23:31:31Z,-0.0257,25.371
2022-08-22T23:33:31Z,0.01455,25.379
2022-08-22T23:35:31Z,0.01146,25.354
2022-08-22T23:37:31Z,-0.01951,25.371
2022-08-22T23:39:31Z,-0.03809,25.337
2022-08-22T23:41:31Z,0.01146,25.362
2022-08-22T23:43:31Z,-0.02261,25.346
2022-08-22T23:45:31Z,-0.07215,25.337
2022-08-22T23:47:31Z,-0.01951,25.346
2022-08-22T23:49:31Z,-0.0288,25.354
2022-08-22T23:51:31Z,0.00836,25.354
2022-08-22T23:53:31Z,-0.03809,25.329
2022-08-22T23:55:31Z,-0.00403,25.337
2022-08-22T23:57:31Z,-0.05976,25.346
2022-08-22T23:59:31Z,-0.0288,25.312
2022-08-23T00:01:31Z,-0.04118,25.321
2022-08-23T00:03:31Z,-0.02261,25.312
2022-08-23T00:05:31Z,-0.00093000000000000005,25.312
2022-08-23T00:07:31Z,0.00836,25.321
2022-08-23T00:09:31Z,-0.03189,25.321
2022-08-23T00:11:31Z,-0.0257,25.337
2022-08-23T00:13:31Z,0.00836,25.346
2022-08-23T00:15:31Z,0.00836,25.354
2022-08-23T00:17:31Z,-0.03809,25.362
2022-08-23T00:19:31Z,0.01455,25.371
2022-08-23T00:21:31Z,-0.00403,25.362
2022-08-23T00:23:31Z,-0.0257,25.404
2022-08-23T00:25:31Z,-0.01332,25.371
2022-08-23T00:27:31Z,-0.03809,25.371
2022-08-23T00:29:31Z,-0.01332,25.387
2022-08-23T00:31:31Z,-0.02261,25.404
2022-08-23T00:33:31Z,-0.00712,25.379
2022-08-23T00:35:31Z,-0.04118,25.396
2022-08-23T00:37:31Z,-0.01332,25.362
2022-08-23T00:39:31Z,0.04242,25.387
2022-08-23T00:41:31Z,0.00217,25.404
2022-08-23T00:43:31Z,-0.04118,25.396
2022-08-23T00:45:31Z,0.01455,25.387
2022-08-23T00:47:31Z,-0.03809,25.379
2022-08-23T00:49:31Z,-0.02261,25.371
2022-08-23T00:51:31Z,0.01146,25.396
2022-08-23T00:53:31Z,-0.05667,25.362
2022-08-23T00:55:31Z,-0.03189,25.371
2022-08-23T00:57:31Z,-0.03189,25.362
2022-08-23T00:59:31Z,-0.0257,25.387
2022-08-23T01:01:31Z,-0.04118,25.379
2022-08-23T01:03:31Z,-0.04738,25.379
2022-08-23T01:05:31Z,-0.00712,25.354
2022-08-23T01:07:31Z,-0.05357,25.371
2022-08-23T01:09:31Z,0.01765,25.371
2022-08-23T01:11:31Z,0.03004,25.371
2022-08-23T01:13:31Z,-0.06286,25.379
2022-08-23T01:15:31Z,0.03623,25.396
2022-08-23T01:17:31Z,0.01455,25.387
2022-08-23T01:19:31Z,-0.0257,25.387
2022-08-23T01:21:31Z,0.00526,25.387
2022-08-23T01:23:31Z,-0.05976,25.404
2022-08-23T01:25:31Z,-0.01332,25.362
2022-08-23T01:27:31Z,-0.03499,25.396
2022-08-23T01:29:31Z,-0.00403,25.379
2022-08-23T01:31:31Z,-0.00403,25.387
2022-08-23T01:33:31Z,-0.02261,25.354
2022-08-23T01:35:31Z,-0.02261,25.387
2022-08-23T01:37:31Z,-0.0288,25.404
2022-08-23T01:39:31Z,0.02075,25.387
2022-08-23T01:41:31Z,-0.03809,25.387
2022-08-23T01:43:31Z,-0.03499,25.396
2022-08-23T01:45:31Z,-0.01951,25.396
2022-08-23T01:47:31Z,-0.05047,25.387
2022-08-23T01:49:31Z,0.00217,25.371
2022-08-23T01:51:31Z,-0.02261,25.387
2022-08-23T01:53:31Z,-0.03499,25.371
2022-08-23T01:55:31Z,-0.01332,25.396
2022-08-23T01:57:31Z,-0.04738,25.387
2022-08-23T01:59:31Z,-0.02261,25.387
2022-08-23T02:01:31Z,-0.04118,25.379
2022-08-23T02:03:31Z,-0.05667,25.396
2022-08-23T02:05:31Z,-0.01641,25.379
2022-08-23T02:07:31Z,-0.05047,25.396
2022-08-23T02:09:31Z,-0.00093000000000000005,25.396
2022-08-23T02:11:31Z,-0.05357,25.412
2022-08-23T02:13:31Z,-0.02261,25.404
2022-08-23T02:15:31Z,-0.00093000000000000005,25.387
2022-08-23T02:17:31Z,-0.03499,25.396
2022-08-23T02:19:31Z,-0.0288,25.396
2022-08-23T02:21:31Z,-0.04118,25.404
2022-08-23T02:23:31Z,0.02694,25.387
2022-08-23T02:25:31Z,-0.03809,25.362
2022-08-23T02:27:31Z,-0.01951,25.379
2022-08-23T02:29:31Z,-0.0257,25.379
2022-08-23T02:31:31Z,-0.02261,25.354
2022-08-23T02:33:31Z,-0.01641,25.371
2022-08-23T02:35:31Z,-0.01332,25.371
2022-08-23T02:37:31Z,0.00526,25.371
2022-08-23T02:39:31Z,-0.04428,25.371
2022-08-23T02:41:31Z,-0.05667,25.371
2022-08-23T02:43:31Z,-0.03809,25.379
2022-08-23T02:45:31Z,-0.00093000000000000005,25.354
2022-08-23T02:47:31Z,-0.00403,25.362
2022-08-23T02:49:31Z,0.01455,25.346
2022-08-23T02:51:31Z,-0.07215,25.362
2022-08-23T02:53:31Z,-0.03189,25.362
2022-08-23T02:55:31Z,0.02694,25.329
2022-08-23T02:57:31Z,-0.01951,25.321
2022-08-23T02:59:31Z,-0.03499,25.329
2022-08-23T03:01:31Z,0.01765,25.321
2022-08-23T03:03:31Z,-0.03499,25.346
2022-08-23T03:05:31Z,0.00526,25.321
2022-08-23T03:07:31Z,-0.06286,25.337
2022-08-23T03:09:31Z,-0.03499,25.312
2022-08-23T03:11:31Z,-0.01022,25.321
2022-08-23T03:13:31Z,-0.01332,25.312
2022-08-23T03:15:31Z,0.01455,25.279
2022-08-23T03:17:31Z,-0.02261,25.304
2022-08-23T03:19:31Z,-0.06905,25.312
2022-08-23T03:21:31Z,-0.01022,25.296
2022-08-23T03:23:31Z,0.01765,25.296
2022-08-23T03:25:31Z,-0.01332,25.312
2022-08-23T03:27:31Z,-0.03189,25.312
2022-08-23T03:29:31Z,-0.03809,25.304
2022-08-23T03:31:31Z,0.03004,25.296
2022-08-23T03:33:31Z,-0.04428,25.279
2022-08-23T03:35:31Z,-0.04428,25.287
2022-08-23T03:37:31Z,-0.0288,25.296
2022-08-23T03:39:31Z,0.00217,25.287
2022-08-23T03:41:31Z,-0.03809,25.271
2022-08-23T03:43:31Z,-0.03809,25.271
2022-08-23T03:45:31Z,-0.00712,25.263
2022-08-23T03:47:31Z,-0.00403,25.254
2022-08-23T03:49:31Z,0.01455,25.238
2022-08-23T03:51:31Z,-0.09073,25.246
2022-08-23T03:53:31Z,-0.01951,25.246
2022-08-23T03:55:31Z,-0.03809,25.246
2022-08-23T03:57:31Z,-0.01641,25.246
2022-08-23T03:59:31Z,0.01765,25.229
2022-08-23T04:01:31Z,-0.0288,25.221
2022-08-23T04:03:31Z,-0.0257,25.229
2022-08-23T04:05:31Z,-0.06596,25.221
2022-08-23T04:07:31Z,-0.09073,25.229
2022-08-23T04:09:31Z,-0.03809,25.221
2022-08-23T04:11:31Z,-0.01641,25.229
2022-08-23T04:13:31Z,-0.01332,25.229
2022-08-23T04:15:31Z,-0.04738,25.221
2022-08-23T04:17:31Z,-0.01332,25.204
2022-08-23T04:19:31Z,-0.01641,25.213
2022-08-23T04:21:31Z,-0.00403,25.204
2022-08-23T04:23:31Z,-0.0288,25.196
2022-08-23T04:25:31Z,-0.04738,25.213
2022-08-23T04:27:31Z,-0.05667,25.204
2022-08-23T04:29:31Z,0.03004,25.213
2022-08-23T04:31:31Z,-0.01641,25.204
2022-08-23T04:33:31Z,-0.0288,25.188
2022-08-23T04:35:31Z,-0.03499,25.196
2022-08-23T04:37:31Z,-0.01951,25.179
2022-08-23T04:39:31Z,-0.00712,25.196
2022-08-23T04:41:31Z,-0.0288,25.196
2022-08-23T04:43:31Z,-0.03499,25.188
2022-08-23T04:45:31Z,0.02075,25.179
2022-08-23T04:47:31Z,-0.01022,25.179
2022-08-23T04:49:31Z,-0.03499,25.179
2022-08-23T04:51:31Z,-0.02261,25.163
2022-08-23T04:53:31Z,0.00836,25.188
2022-08-23T04:55:31Z,-0.03189,25.163
2022-08-23T04:57:31Z,-0.02261,25.179
2022-08-23T04:59:31Z,0.05791,25.163
2022-08-23T05:01:31Z,-0.05976,25.138
2022-08-23T05:03:31Z,0.00526,25.154
2022-08-23T05:05:31Z,-0.06596,25.146
2022-08-23T05:07:31Z,-0.01951,25.146
2022-08-23T05:09:31Z,-0.04118,25.146
2022-08-23T05:11:31Z,-0.04428,25.154
2022-08-23T05:13:31Z,0.00836,25.171
2022-08-23T05:15:31Z,-0.01332,25.154
2022-08-23T05:17:31Z,-0.01332,25.163
2022-08-23T05:19:31Z,0.00217,25.138
2022-08-23T05:21:31Z,-0.04428,25.121
2022-08-23T05:23:31Z,-0.03189,25.146
2022-08-23T05:25:31Z,0.00526,25.138
2022-08-23T05:27:31Z,-0.06905,25.146
2022-08-23T05:29:31Z,0.00526,25.129
2022-08-23T05:31:31Z,0.00526,25.138
2022-08-23T05:33:31Z,0.00526,25.154
2022-08-23T05:35:31Z,-0.05357,25.121
2022-08-23T05:37:31Z,-0.02261,25.146
2022-08-23T05:39:31Z,0.04862,25.138
2022-08-23T05:41:31Z,0.00836,25.154
2022-08-23T05:43:31Z,-0.05047,25.138
2022-08-23T05:45:31Z,-0.00712,25.171
2022-08-23T05:47:31Z,-0.01641,25.121
2022-08-23T05:49:31Z,0.00217,25.138
2022-08-23T05:51:31Z,0.10435,25.113
2022-08-23T05:53:31Z,0.17248,25.138
2022-08-23T05:55:31Z,0.19725,25.121
2022-08-23T05:57:31Z,0.24989,25.104
2022-08-23T05:59:31Z,0.56884,25.129
2022-08-23T06:01:31Z,0.91876,25.121
2022-08-23T06:03:31Z,1.22841,25.113
2022-08-23T06:05:31Z,1.83535,25.121
2022-08-23T06:07:31Z,2.53517,25.104
2022-08-23T06:09:31Z,3.42389,25.113
2022-08-23T06:11:31Z,4.76781,25.08
2022-08-23T06:13:31Z,6.33158,25.088
2022-08-23T06:15:31Z,8.44965,25.071
2022-08-23T06:17:31Z,10.38501,25.088
2022-08-23T06:19:31Z,12.01072,25.096
2022-08-23T06:21:31Z,13.5652,25.08
2022-08-23T06:23:31Z,15.27142,25.096
2022-08-23T06:25:31Z,17.51335,25.088
2022-08-23T06:27:31Z,21.12706,25.104
2022-08-23T06:29:31Z,23.96663,25.088
2022-08-23T06:31:31Z,25.08449,25.071
2022-08-23T06:33:31Z,27.66085,25.088
2022-08-23T06:35:31Z,29.73556,25.063
2022-08-23T06:37:31Z,31.51919,25.088
2022-08-23T06:39:31Z,32.90337,25.096
2022-08-23T06:41:31Z,35.5912,25.088
2022-08-23T06:43:31Z,37.43677,25.08
2022-08-23T06:45:31Z,37.94151,25.08
2022-08-23T06:47:31Z,41.26105,25.071
2022-08-23T06:49:31Z,43.82192,25.08
2022-08-23T06:51:31Z,48.80432,25.088
2022-08-23T06:53:31Z,61.53438,25.071
2022-08-23T06:55:31Z,66.46723,25.071
2022-08-23T06:57:31Z,67.43647,25.096
2022-08-23T06:59:31Z,69.15197,25.08
2022-08-23T07:01:31Z,77.83789,25.063
2022-08-23T07:03:31Z,81.04595,25.08
2022-08-23T07:05:31Z,84.42123,25.071
2022-08-23T07:07:31Z,88.60161,25.055
2022-08-23T07:09:31Z,85.13034,25.08
2022-08-23T07:11:31Z,85.05603,25.08
2022-08-23T07:13:31Z,92.25558,25.063
2022-08-23T07:15:31Z,91.66104,25.113
2022-08-23T07:17:31Z,96.35236,25.071
2022-08-23T07:19:31Z,114.9845,25.096
2022-08-23T07:21:31Z,124.07917,25.096
2022-08-23T07:23:31Z,129.43626,25.08
2022-08-23T07:25:31Z,141.89381,25.08
2022-08-23T07:27:31Z,148.59482,25.088
2022-08-23T07:29:31Z,144.54139,25.113
2022-08-23T07:31:31Z,136.93309,25.096
2022-08-23T07:33:31Z,138.25533,25.096
2022-08-23T07:35:31Z,146.1671,25.113
2022-08-23T07:37:31Z,163.89814,25.088
2022-08-23T07:39:31Z,169.15614,25.08
2022-08-23T07:41:31Z,173.43252,25.088
2022-08-23T07:43:31Z,196.33795,25.088
2022-08-23T07:45:31Z,209.81428,25.08
2022-08-23T07:47:31Z,211.66294,25.088
2022-08-23T07:49:31Z,207.14192,25.08
2022-08-23T07:51:31Z,202.73239,25.096
2022-08-23T07:53:31Z,203.46009,25.096
2022-08-23T07:55:31Z,221.64323,25.08
2022-08-23T07:57:31Z,247.25197,25.088
2022-08-23T07:59:31Z,276.87698,25.096
2022-08-23T08:01:31Z,307.50529,25.113
2022-08-23T08:03:31Z,429.14838,25.121
2022-08-23T08:05:31Z,478.36548,25.104
2022-08-23T08:07:31Z,388.69461,25.121
2022-08-23T08:09:31Z,392.00486,25.146
2022-08-23T08:11:31Z,513.40332,25.138
2022-08-23T08:13:31Z,581.46003,25.163
2022-08-23T08:15:31Z,454.48153,25.163
2022-08-23T08:17:31Z,409.14755,25.171
2022-08-23T08:19:31Z,669.45255,25.188
2022-08-23T08:21:31Z,334.38673,25.196
2022-08-23T08:23:31Z,358.79091,25.213
2022-08-23T08:25:31Z,352.19518,25.238
2022-08-23T08:27:31Z,195.37491,25.221
2022-08-23T08:29:31Z,138.75698,25.238
2022-08-23T08:31:31Z,148.45548,25.246
2022-08-23T08:33:31Z,180.1521,25.246
2022-08-23T08:35:31Z,183.53977,25.254
2022-08-23T08:37:31Z,202.84077,25.271
2022-08-23T08:39:31Z,243.62587,25.279
2022-08-23T08:41:31Z,271.28455,25.271
2022-08-23T08:43:31Z,331.29325,25.312
2022-08-23T08:45:31Z,316.15715,25.304
2022-08-23T08:47:31Z,267.8907,25.312
2022-08-23T08:49:31Z,263.88062,25.304
2022-08-23T08:51:31Z,269.74246,25.321
2022-08-23T08:53:31Z,252.62454,25.329
2022-08-23T08:55:31Z,263.06622,25.329
2022-08-23T08:57:31Z,282.67998,25.354
2022-08-23T08:59:31Z,269.33371,25.337
2022-08-23T09:01:31Z,290.75277,25.362
2022-08-23T09:03:31Z,323.29787,25.337
2022-08-23T09:05:31Z,326.444,25.362
2022-08-23T09:07:31Z,368.59779,25.354
2022-08-23T09:09:31Z,423.27106,25.362
2022-08-23T09:11:31Z,418.12145,25.379
2022-08-23T09:13:31Z,406.89014,25.396
2022-08-23T09:15:31Z,375.25854,25.387
2022-08-23T09:17:31Z,391.52179,25.396
2022-08-23T09:19:31Z,387.81518,25.387
2022-08-23T09:21:31Z,356.11236,25.387
2022-08-23T09:23:31Z,330.52839,25.404
2022-08-23T09:25:31Z,342.09413,25.387
2022-08-23T09:27:31Z,374.55871,25.404
2022-08-23T09:29:31Z,380.66517,25.421
2022-08-23T09:31:31Z,345.55611,25.437
2022-08-23T09:33:31Z,305.10854,25.412
2022-08-23T09:35:31Z,268.98999,25.445
2022-08-23T09:37:31Z,236.77933,25.445
2022-08-23T09:39:31Z,210.38714,25.445
2022-08-23T09:41:31Z,183.40661,25.462
2022-08-23T09:43:31Z,169.58037,25.462
2022-08-23T09:45:31Z,167.2858,25.47
2022-08-23T09:47:31Z,172.88442,25.462
2022-08-23T09:49:31Z,178.80509,25.445
2022-08-23T09:51:31Z,189.9466,25.421
2022-08-23T09:53:31Z,204.00509,25.462
2022-08-23T09:55:31Z,206.46068,25.437
2022-08-23T09:57:31Z,210.01246,25.454
2022-08-23T09:59:31Z,238.93764,25.437
2022-08-23T10:01:31Z,263.40994,25.445
2022-08-23T10:03:31Z,260.20188,25.421
2022-08-23T10:05:31Z,241.6967,25.396
2022-08-23T10:07:31Z,253.569,25.429
2022-08-23T10:09:31Z,258.66288,25.412
2022-08-23T10:11:31Z,275.42469,25.412
2022-08-23T10:13:31Z,291.6322,25.404
2022-08-23T10:15:31Z,310.27364,25.396
2022-08-23T10:17:31Z,357.48105,25.387
2022-08-23T10:19:31Z,411.13555,25.412
2022-08-23T10:21:31Z,465.66329,25.412
2022-08-23T10:23:31Z,500.36051,25.404
2022-08-23T10:25:31Z,462.46142,25.412
2022-08-23T10:27:31Z,426.26856,25.429
2022-08-23T10:29:31Z,353.37189,25.429
2022-08-23T10:31:31Z,286.75199,25.412
2022-08-23T10:33:31Z,281.01092,25.429
2022-08-23T10:35:31Z,354.69722,25.429
2022-08-23T10:37:31Z,388.64197,25.421
2022-08-23T10:39:31Z,388.66055,25.462
2022-08-23T10:41:31Z,457.6803,25.47
2022-08-23T10:43:31Z,474.9902,25.462
2022-08-23T10:45:31Z,454.09755,25.487
2022-08-23T10:47:31Z,453.62068,25.487
2022-08-23T10:49:31Z,416.1675,25.495
2022-08-23T10:51:31Z,376.67368,25.512
2022-08-23T10:53:31Z,335.85142,25.529
2022-08-23T10:55:31Z,301.25639,25.495
2022-08-23T10:57:31Z,261.79353,25.529
2022-08-23T10:59:31Z,247.12501,25.529
2022-08-23T11:01:31Z,233.95214000000001,25.553
2022-08-23T11:03:31Z,240.16079,25.537
2022-08-23T11:05:31Z,240.93804,25.553
2022-08-23T11:07:31Z,235.20936,25.553
2022-08-23T11:09:31Z,217.91804,25.529
2022-08-23T11:11:31Z,185.18096,25.562
2022-08-23T11:13:31Z,170.32974,25.545
2022-08-23T11:15:31Z,179.62259,25.545
2022-08-23T11:17:31Z,189.43876,25.529
2022-08-23T11:19:31Z,187.05439,25.537
2022-08-23T11:21:31Z,182.35377,25.504
2022-08-23T11:23:31Z,179.29125,25.52
2022-08-23T11:25:31Z,178.67503,25.512
2022-08-23T11:27:31Z,189.13839,25.504
2022-08-23T11:29:31Z,203.02347,25.512
2022-08-23T11:31:31Z,209.17019,25.52
2022-08-23T11:33:31Z,215.66682,25.512
2022-08-23T11:35:31Z,226.23546,25.52
2022-08-23T11:37:31Z,219.99584,25.487
2022-08-23T11:39:31Z,231.10019,25.487
2022-08-23T11:41:31Z,249.08205,25.495
2022-08-23T11:43:31Z,261.42194,25.504
2022-08-23T11:45:31Z,285.77347,25.47
2022-08-23T11:47:31Z,311.49059,25.504
2022-08-23T11:49:31Z,328.59612,25.512
2022-08-23T11:51:31Z,335.52008,25.512
2022-08-23T11:53:31Z,324.75016,25.52
2022-08-23T11:55:31Z,320.8175,25.52
2022-08-23T11:57:31Z,337.90445,25.512
2022-08-23T11:59:31Z,355.33512,25.52
2022-08-23T12:01:31Z,363.04871,25.52
2022-08-23T12:03:31Z,363.60609,25.529
2022-08-23T12:05:31Z,347.71133,25.529
2022-08-23T12:07:31Z,332.98088,25.537
2022-08-23T12:09:31Z,310.83722,25.529
2022-08-23T12:11:31Z,295.27069,25.537
2022-08-23T12:13:31Z,292.06573,25.52
2022-08-23T12:15:31Z,316.93439,25.537
2022-08-23T12:17:31Z,333.82006,25.553
2022-08-23T12:19:31Z,332.25009,25.537
2022-08-23T12:21:31Z,308.02242,25.553
2022-08-23T12:23:31Z,292.83987,25.562
2022-08-23T12:25:31Z,324.8988,25.562
2022-08-23T12:27:31Z,350.11738,25.545
2022-08-23T12:29:31Z,373.40678,25.57
2022-08-23T12:31:31Z,411.278,25.562
2022-08-23T12:33:31Z,453.27696,25.562
2022-08-23T12:35:31Z,535.4448,25.578
2022-08-23T12:37:31Z,590.47418,25.595
2022-08-23T12:39:31Z,505.38007,25.595
2022-08-23T12:41:31Z,357.60182,25.587
2022-08-23T12:43:31Z,305.96939,25.612
2022-08-23T12:45:31Z,302.0615,25.637
2022-08-23T12:47:31Z,278.5894,25.62
2022-08-23T12:49:31Z,251.6708,25.637
2022-08-23T12:51:31Z,236.59353,25.645
2022-08-23T12:53:31Z,219.56542,25.637
2022-08-23T12:55:31Z,229.02548,25.645
2022-08-23T12:57:31Z,241.44588,25.612
2022-08-23T12:59:31Z,252.80414,25.645
2022-08-23T13:01:31Z,256.50766,25.62
2022-08-23T13:03:31Z,260.75617,25.645
2022-08-23T13:05:31Z,266.01107,25.67
2022-08-23T13:07:31Z,261.87713,25.645
2022-08-23T13:09:31Z,247.30152,25.67
2022-08-23T13:11:31Z,215.97338,25.645
2022-08-23T13:13:31Z,204.05773,25.661
2022-08-23T13:15:31Z,207.41442,25.661
2022-08-23T13:17:31Z,225.30029,25.653
2022-08-23T13:19:31Z,248.45035,25.645
2022-08-23T13:21:31Z,273.87949,25.67
2022-08-23T13:23:31Z,279.19323,25.653
2022-08-23T13:25:31Z,266.62729,25.67
2022-08-23T13:27:31Z,240.13293,25.678
2022-08-23T13:29:31Z,232.80331,25.67
2022-08-23T13:31:31Z,223.06765,25.67
2022-08-23T13:33:31Z,212.10884,25.661
2022-08-23T13:35:31Z,191.18523,25.653
2022-08-23T13:37:31Z,183.31372,25.67
2022-08-23T13:39:31Z,189.84751,25.678
2022-08-23T13:41:31Z,197.43104,25.661
2022-08-23T13:43:31Z,204.16611,25.661
2022-08-23T13:45:31Z,207.90059,25.67
2022-08-23T13:47:31Z,214.61398,25.678
2022-08-23T13:49:31Z,225.91032,25.678
2022-08-23T13:51:31Z,233.627,25.678
2022-08-23T13:53:31Z,226.56679,25.653
2022-08-23T13:55:31Z,224.54472,25.678
2022-08-23T13:57:31Z,221.37692,25.678
2022-08-23T13:59:31Z,223.95328,25.653
2022-08-23T14:01:31Z,236.04853,25.67
2022-08-23T14:03:31Z,232.46269,25.678
2022-08-23T14:05:31Z,230.0071,25.67
2022-08-23T14:07:31Z,233.23064,25.678
2022-08-23T14:09:31Z,242.63187,25.678
2022-08-23T14:11:31Z,250.71085,25.678
2022-08-23T14:13:31Z,256.50147,25.678
2022-08-23T14:15:31Z,264.6238,25.653
2022-08-23T14:17:31Z,265.75096,25.686
2022-08-23T14:19:31Z,259.48348,25.678
2022-08-23T14:21:31Z,244.00056,25.661
2022-08-23T14:23:31Z,235.99589,25.678
2022-08-23T14:25:31Z,231.25812,25.695
2022-08-23T14:27:31Z,248.14998,25.686
2022-08-23T14:29:31Z,269.15101,25.678
2022-08-23T14:31:31Z,292.84607,25.686
2022-08-23T14:33:31Z,289.00321,25.686
2022-08-23T14:35:31Z,282.21549,25.686
2022-08-23T14:37:31Z,279.10343,25.661
2022-08-23T14:39:31Z,257.95996,25.686
2022-08-23T14:41:31Z,252.98375,25.695
2022-08-23T14:43:31Z,262.59244,25.695
2022-08-23T14:45:31Z,265.8965,25.678
2022-08-23T14:47:31Z,241.46446,25.695
2022-08-23T14:49:31Z,237.6185,25.711
2022-08-23T14:51:31Z,246.36635,25.711
2022-08-23T14:53:31Z,241.57903,25.695
2022-08-23T14:55:31Z,234.75106,25.711
2022-08-23T14:57:31Z,233.15013,25.72
2022-08-23T14:59:31Z,236.64617,25.728
2022-08-23T15:01:31Z,235.50353,25.72
2022-08-23T15:03:31Z,233.20587,25.703
2022-08-23T15:05:31Z,241.72457,25.736
2022-08-23T15:07:31Z,244.52388,25.736
2022-08-23T15:09:31Z,244.4155,25.736
2022-08-23T15:11:31Z,237.17259,25.736
2022-08-23T15:13:31Z,222.62484,25.703
2022-08-23T15:15:31Z,226.67517,25.745
2022-08-23T15:17:31Z,245.99476,25.753
2022-08-23T15:19:31Z,257.15484,25.736
2022-08-23T15:21:31Z,262.01029,25.711
2022-08-23T15:23:31Z,252.19721,25.736
2022-08-23T15:25:31Z,226.4739,25.72
2022-08-23T15:27:31Z,208.63138,25.745
2022-08-23T15:29:31Z,209.13612,25.72
2022-08-23T15:31:31Z,205.85065,25.728
2022-08-23T15:33:31Z,193.52625,25.72
2022-08-23T15:35:31Z,186.56203,25.745
2022-08-23T15:37:31Z,170.48147,25.745
2022-08-23T15:39:31Z,149.72198,25.703
2022-08-23T15:41:31Z,142.41714,25.72
2022-08-23T15:43:31Z,144.50733,25.728
2022-08-23T15:45:31Z,147.70301,25.711
2022-08-23T15:47:31Z,153.79708,25.711
2022-08-23T15:49:31Z,166.87395,25.686
2022-08-23T15:51:31Z,173.86604,25.695
2022-08-23T15:53:31Z,175.58155,25.695
2022-08-23T15:55:31Z,170.50934,25.678
2022-08-23T15:57:31Z,162.86388,25.661
2022-08-23T15:59:31Z,159.45454,25.678
2022-08-23T16:01:31Z,160.07386,25.67
2022-08-23T16:03:31Z,163.19212,25.661
2022-08-23T16:05:31Z,165.57649,25.678
2022-08-23T16:07:31Z,165.09032,25.67
2022-08-23T16:09:31Z,168.44392,25.661
2022-08-23T16:11:31Z,173.67095,25.62
2022-08-23T16:13:31Z,178.90728,25.653
2022-08-23T16:15:31Z,185.44416,25.653
2022-08-23T16:17:31Z,184.92704,25.653
2022-08-23T16:19:31Z,183.13721,25.678
2022-08-23T16:21:31Z,173.98681,25.653
2022-08-23T16:23:31Z,158.52556,25.645
2022-08-23T16:25:31Z,154.88398,25.67
2022-08-23T16:27:31Z,149.03144,25.67
2022-08-23T16:29:31Z,120.48404,25.661
2022-08-23T16:31:31Z,114.39615,25.661
2022-08-23T16:33:31Z,102.50527,25.661
2022-08-23T16:35:31Z,92.49712,25.686
2022-08-23T16:37:31Z,79.36141,25.678
2022-08-23T16:39:31Z,77.08232,25.678
2022-08-23T16:41:31Z,75.6517,25.686
2022-08-23T16:43:31Z,69.34706,25.678
2022-08-23T16:45:31Z,66.5911,25.686
2022-08-23T16:47:31Z,66.89147,25.686
2022-08-23T16:49:31Z,65.71477,25.645
2022-08-23T16:51:31Z,65.53516,25.678
2022-08-23T16:53:31Z,65.98107,25.678
2022-08-23T16:55:31Z,61.83784,25.678
2022-08-23T16:57:31Z,56.92666,25.678
2022-08-23T16:59:31Z,55.57345,25.67
2022-08-23T17:01:31Z,50.37429,25.645
2022-08-23T17:03:31Z,44.02939,25.645
2022-08-23T17:05:31Z,45.75109,25.628
2022-08-23T17:07:31Z,44.70135,25.653
2022-08-23T17:09:31Z,38.98815,25.645
2022-08-23T17:11:31Z,33.92834,25.587
2022-08-23T17:13:31Z,29.71698,25.612
2022-08-23T17:15:31Z,27.35119,25.562
2022-08-23T17:17:31Z,27.72278,25.587
2022-08-23T17:19:31Z,26.39745,25.553
2022-08-23T17:21:31Z,25.67594,25.57
2022-08-23T17:23:31Z,25.46228,25.545
2022-08-23T17:25:31Z,24.96682,25.545
2022-08-23T17:27:31Z,24.51782,25.529
2022-08-23T17:29:31Z,23.7189,25.504
2022-08-23T17:31:31Z,20.82669,25.529
2022-08-23T17:33:31Z,21.17351,25.495
2022-08-23T17:35:31Z,20.64709,25.504
2022-08-23T17:37:31Z,18.55999,25.512
2022-08-23T17:39:31Z,15.78855,25.52
2022-08-23T17:41:31Z,12.88086,25.52
2022-08-23T17:43:31Z,10.06606,25.52
2022-08-23T17:45:31Z,7.54854,25.495
2022-08-23T17:47:31Z,5.78039,25.47
2022-08-23T17:49:31Z,4.52008,25.504
2022-08-23T17:51:31Z,3.58491,25.487
2022-08-23T17:53:31Z,3.12662,25.512
2022-08-23T17:55:31Z,2.40821,25.52
2022-08-23T17:57:31Z,2.00875,25.504
2022-08-23T17:59:31Z,1.5102,25.487
2022-08-23T18:01:31Z,0.99307,25.495
2022-08-23T18:03:31Z,0.67722,25.495
2022-08-23T18:05:31Z,0.43259,25.47
2022-08-23T18:07:31Z,0.2468,25.479
2022-08-23T18:09:31Z,0.13532,25.495
2022-08-23T18:11:31Z,0.061,25.487
2022-08-23T18:13:31Z,0.03623,25.462
2022-08-23T18:15:31Z,-0.01332,25.479
2022-08-23T18:17:31Z,-0.03189,25.479
2022-08-23T18:19:31Z,-0.08144,25.454
2022-08-23T18:21:31Z,-0.03189,25.47
2022-08-23T18:23:31Z,-0.03499,25.479
2022-08-23T18:25:31Z,-0.05667,25.454
2022-08-23T18:27:31Z,0.03004,25.454
2022-08-23T18:29:31Z,-0.01332,25.47
2022-08-23T18:31:31Z,0.01765,25.454
2022-08-23T18:33:31Z,-0.0257,25.462
2022-08-23T18:35:31Z,-0.03499,25.437
2022-08-23T18:37:31Z,-0.0288,25.437
2022-08-23T18:39:31Z,-0.01022,25.404
2022-08-23T18:41:31Z,-0.07834,25.421
2022-08-23T18:43:31Z,-0.01022,25.412
2022-08-23T18:45:31Z,-0.02261,25.445
2022-08-23T18:47:31Z,-0.01332,25.421
2022-08-23T18:49:31Z,-0.05976,25.429
2022-08-23T18:51:31Z,-0.01022,25.421
2022-08-23T18:53:31Z,-0.01022,25.437
2022-08-23T18:55:31Z,-0.04428,25.437
2022-08-23T18:57:31Z,-0.00712,25.404
2022-08-23T18:59:31Z,-0.0288,25.412
2022-08-23T19:01:31Z,-0.00403,25.412
2022-08-23T19:03:31Z,-0.02261,25.412
2022-08-23T19:05:31Z,-0.01332,25.396
2022-08-23T19:07:31Z,-0.03809,25.429
2022-08-23T19:09:31Z,-0.00403,25.429
2022-08-23T19:11:31Z,-0.00403,25.421
2022-08-23T19:13:31Z,-0.03189,25.396
2022-08-23T19:15:31Z,-0.0257,25.412
2022-08-23T19:17:31Z,-0.0257,25.404
2022-08-23T19:19:31Z,-0.00712,25.387
2022-08-23T19:21:31Z,-0.00093000000000000005,25.379
2022-08-23T19:23:31Z,-0.03809,25.396
2022-08-23T19:25:31Z,-0.02261,25.387
2022-08-23T19:27:31Z,-0.0288,25.387
2022-08-23T19:29:31Z,-0.00093000000000000005,25.379
2022-08-23T19:31:31Z,0.01146,25.412
2022-08-23T19:33:31Z,-0.07525,25.412
2022-08-23T19:35:31Z,0.00526,25.412
2022-08-23T19:37:31Z,-0.04428,25.387
2022-08-23T19:39:31Z,-0.05667,25.412
2022-08-23T19:41:31Z,-0.01332,25.429
2022-08-23T19:43:31Z,0.03623,25.412
2022-08-23T19:45:31Z,0.00217,25.396
2022-08-23T19:47:31Z,-0.0288,25.404
2022-08-23T19:49:31Z,-0.06286,25.421
2022-08-23T19:51:31Z,-0.01022,25.412
2022-08-23T19:53:31Z,-0.0257,25.421
2022-08-23T19:55:31Z,0.00526,25.412
2022-08-23T19:57:31Z,-0.0288,25.412
2022-08-23T19:59:31Z,-0.00403,25.412
2022-08-23T20:01:31Z,-0.05357,25.371
2022-08-23T20:03:31Z,-0.01951,25.404
2022-08-23T20:05:31Z,-0.01332,25.404
2022-08-23T20:07:31Z,-0.0288,25.354
2022-08-23T20:09:31Z,-0.00093000000000000005,25.412
2022-08-23T20:11:31Z,-0.01641,25.387
2022-08-23T20:13:31Z,-0.01022,25.404
2022-08-23T20:15:31Z,-0.00403,25.404
2022-08-23T20:17:31Z,-0.0257,25.387
2022-08-23T20:19:31Z,-0.0257,25.396
2022-08-23T20:21:31Z,-0.01022,25.396
2022-08-23T20:23:31Z,-0.04738,25.362
2022-08-23T20:25:31Z,0.03623,25.371
2022-08-23T20:27:31Z,-0.0288,25.362
2022-08-23T20:29:31Z,-0.06905,25.371
2022-08-23T20:31:31Z,-0.02261,25.371
2022-08-23T20:33:31Z,-0.03809,25.379
2022-08-23T20:35:31Z,-0.02261,25.371
2022-08-23T20:37:31Z,-0.05047,25.371
2022-08-23T20:39:31Z,-0.05976,25.379
2022-08-23T20:41:31Z,0.00836,25.354
2022-08-23T20:43:31Z,-0.04118,25.371
2022-08-23T20:45:31Z,-0.03809,25.371
2022-08-23T20:47:31Z,-0.0257,25.371
2022-08-23T20:49:31Z,-0.01022,25.387
2022-08-23T20:51:31Z,-0.01332,25.362
2022-08-23T20:53:31Z,0.02075,25.379
2022-08-23T20:55:31Z,-0.0288,25.379
2022-08-23T20:57:31Z,-0.01641,25.404
2022-08-23T20:59:31Z,-0.03809,25.371
2022-08-23T21:01:31Z,0.00217,25.404
2022-08-23T21:03:31Z,-0.03189,25.387
2022-08-23T21:05:31Z,0.00217,25.412
2022-08-23T21:07:31Z,-0.05667,25.412
2022-08-23T21:09:31Z,-0.09383,25.404
2022-08-23T21:11:31Z,-0.01951,25.404
2022-08-23T21:13:31Z,-0.00712,25.412
2022-08-23T21:15:31Z,-0.04738,25.429
2022-08-23T21:17:31Z,0.01146,25.429
2022-08-23T21:19:31Z,0.01146,25.421
2022-08-23T21:21:31Z,0.00836,25.437
2022-08-23T21:23:31Z,-0.00093000000000000005,25.437
2022-08-23T21:25:31Z,-0.03499,25.445
2022-08-23T21:27:31Z,0.01455,25.454
2022-08-23T21:29:31Z,-0.05047,25.454
2022-08-23T21:31:31Z,0.01455,25.454
2022-08-23T21:33:31Z,0.02384,25.462
2022-08-23T21:35:31Z,-0.03809,25.445
2022-08-23T21:37:31Z,-0.01332,25.462
2022-08-23T21:39:31Z,0.02384,25.462
2022-08-23T21:41:31Z,-0.05976,25.454
2022-08-23T21:43:31Z,-0.02261,25.445
2022-08-23T21:45:31Z,-0.03499,25.454
2022-08-23T21:47:31Z,-0.01332,25.445
2022-08-23T21:49:31Z,0.01765,25.454
2022-08-23T21:51:31Z,-0.03809,25.445
2022-08-23T21:53:31Z,-0.00712,25.462
2022-08-23T21:55:31Z,-0.0257,25.462
2022-08-23T21:57:31Z,-0.03499,25.445
2022-08-23T21:59:31Z,0.01146,25.462
2022-08-23T22:01:31Z,-0.04428,25.47
2022-08-23T22:03:31Z,-0.01641,25.454
2022-08-23T22:05:31Z,-0.05357,25.462
2022-08-23T22:07:31Z,0.05171,25.462
2022-08-23T22:09:31Z,0.00217,25.445
2022-08-23T22:11:31Z,-0.01332,25.462
2022-08-23T22:13:31Z,-0.06596,25.454
2022-08-23T22:15:31Z,-0.07834,25.445
2022-08-23T22:17:31Z,-0.03499,25.454
2022-08-23T22:19:31Z,-0.03499,25.454
2022-08-23T22:21:31Z,-0.00093000000000000005,25.437
2022-08-23T22:23:31Z,-0.0288,25.437
2022-08-23T22:25:31Z,-0.03809,25.429
2022-08-23T22:27:31Z,-0.00403,25.454
2022-08-23T22:29:31Z,-0.03809,25.47
2022-08-23T22:31:31Z,-0.04428,25.454
2022-08-23T22:33:31Z,-0.01332,25.437
2022-08-23T22:35:31Z,-0.05357,25.445
2022-08-23T22:37:31Z,-0.00403,25.445
2022-08-23T22:39:31Z,-0.01332,25.429
2022-08-23T22:41:31Z,-0.01641,25.445
2022-08-23T22:43:31Z,0.00217,25.437
2022-08-23T22:45:31Z,-0.05047,25.454
2022-08-23T22:47:31Z,0.01765,25.454
2022-08-23T22:49:31Z,-0.01332,25.445
2022-08-23T22:51:31Z,-0.03809,25.462
2022-08-23T22:53:31Z,-0.00403,25.454
2022-08-23T22:55:31Z,-0.03499,25.445
2022-08-23T22:57:31Z,0.03313,25.454
2022-08-23T22:59:31Z,-0.00403,25.445
2022-08-23T23:01:31Z,-0.03809,25.47
2022-08-23T23:03:31Z,-0.01641,25.462
2022-08-23T23:05:31Z,-0.01641,25.454
2022-08-23T23:07:31Z,-0.0257,25.445
2022-08-23T23:09:31Z,-0.0257,25.429
2022-08-23T23:11:31Z,-0.01332,25.454
2022-08-23T23:13:31Z,-0.09692,25.462
2022-08-23T23:15:31Z,-0.03809,25.454
2022-08-23T23:17:31Z,-0.13408,25.462
2022-08-23T23:19:31Z,-0.02261,25.454
2022-08-23T23:21:31Z,-0.02261,25.47
2022-08-23T23:23:31Z,-0.01951,25.479
2022-08-23T23:25:31Z,-0.0288,25.47
2022-08-23T23:27:31Z,-0.01641,25.429
2022-08-23T23:29:31Z,-0.0288,25.47
2022-08-23T23:31:31Z,-0.01951,25.47
2022-08-23T23:33:31Z,-0.06905,25.47
2022-08-23T23:35:31Z,-0.02261,25.479
2022-08-23T23:37:31Z,-0.05976,25.462
2022-08-23T23:39:31Z,-0.04738,25.487
2022-08-23T23:41:31Z,-0.03189,25.47
2022-08-23T23:43:31Z,-0.01332,25.479
2022-08-23T23:45:31Z,-0.00403,25.462
2022-08-23T23:47:31Z,-0.01022,25.479
2022-08-23T23:49:31Z,-0.03809,25.487
2022-08-23T23:51:31Z,-0.01022,25.479
2022-08-23T23:53:31Z,-0.02261,25.462
2022-08-23T23:55:31Z,0.01765,25.479
2022-08-23T23:57:31Z,-0.02261,25.479
2022-08-23T23:59:31Z,-0.00093000000000000005,25.445
2022-08-24T00:01:31Z,-0.00712,25.445
2022-08-24T00:03:31Z,-0.0288,25.487
2022-08-24T00:05:31Z,0.00526,25.47
2022-08-24T00:07:31Z,-0.03809,25.445
2022-08-24T00:09:31Z,-0.01332,25.487
2022-08-24T00:11:31Z,-0.0257,25.479
2022-08-24T00:13:31Z,0.04862,25.462
2022-08-24T00:15:31Z,-0.06596,25.47
2022-08-24T00:17:31Z,0.00526,25.47
2022-08-24T00:19:31Z,-0.01332,25.462
2022-08-24T00:21:31Z,-0.03809,25.454
2022-08-24T00:23:31Z,-0.00093000000000000005,25.462
2022-08-24T00:25:31Z,-0.04428,25.462
2022-08-24T00:27:31Z,-0.00093000000000000005,25.462
2022-08-24T00:29:31Z,-0.05357,25.47
2022-08-24T00:31:31Z,-0.04118,25.437
2022-08-24T00:33:31Z,0.00217,25.445
2022-08-24T00:35:31Z,-0.05047,25.445
2022-08-24T00:37:31Z,-0.00712,25.437
2022-08-24T00:39:31Z,-0.01332,25.462
2022-08-24T00:41:31Z,-0.0288,25.462
2022-08-24T00:43:31Z,-0.00712,25.454
2022-08-24T00:45:31Z,0.00217,25.454
2022-08-24T00:47:31Z,-0.07525,25.462
2022-08-24T00:49:31Z,0.00217,25.437
2022-08-24T00:51:31Z,-0.03499,25.429
2022-08-24T00:53:31Z,-0.05976,25.429
2022-08-24T00:55:31Z,-0.05357,25.445
2022-08-24T00:57:31Z,-0.03499,25.462
2022-08-24T00:59:31Z,-0.06286,25.454
2022-08-24T01:01:31Z,-0.01951,25.429
2022-08-24T01:03:31Z,0.01146,25.437
2022-08-24T01:05:31Z,-0.01951,25.462
2022-08-24T01:07:31Z,-0.05357,25.445
2022-08-24T01:09:31Z,-0.03189,25.445
2022-08-24T01:11:31Z,0.00217,25.445
2022-08-24T01:13:31Z,-0.01641,25.437
2022-08-24T01:15:31Z,0.03933,25.445
2022-08-24T01:17:31Z,-0.03189,25.437
2022-08-24T01:19:31Z,-0.0288,25.437
2022-08-24T01:21:31Z,-0.04738,25.445
2022-08-24T01:23:31Z,-0.00093000000000000005,25.429
2022-08-24T01:25:31Z,0.00836,25.437
2022-08-24T01:27:31Z,0.02075,25.412
2022-08-24T01:29:31Z,-0.01951,25.437
2022-08-24T01:31:31Z,-0.07525,25.421
2022-08-24T01:33:31Z,-0.04738,25.437
2022-08-24T01:35:31Z,-0.0257,25.412
2022-08-24T01:37:31Z,-0.03809,25.437
2022-08-24T01:39:31Z,-0.01951,25.445
2022-08-24T01:41:31Z,-0.01951,25.445
2022-08-24T01:43:31Z,-0.03809,25.454
2022-08-24T01:45:31Z,-0.01332,25.445
2022-08-24T01:47:31Z,-0.0257,25.462
2022-08-24T01:49:31Z,-0.02261,25.429
2022-08-24T01:51:31Z,-0.0288,25.445
2022-08-24T01:53:31Z,0.01455,25.445
2022-08-24T01:55:31Z,0.01765,25.445
2022-08-24T01:57:31Z,0.02075,25.437
2022-08-24T01:59:31Z,-0.00403,25.445
2022-08-24T02:01:31Z,0.01455,25.437
2022-08-24T02:03:31Z,0.03004,25.454
2022-08-24T02:05:31Z,-0.00712,25.454
2022-08-24T02:07:31Z,-0.05976,25.445
2022-08-24T02:09:31Z,0.00217,25.445
2022-08-24T02:11:31Z,-0.00093000000000000005,25.462
2022-08-24T02:13:31Z,-0.03189,25.454
2022-08-24T02:15:31Z,-0.01022,25.454
2022-08-24T02:17:31Z,0.01765,25.445
2022-08-24T02:19:31Z,-0.00093000000000000005,25.429
2022-08-24T02:21:31Z,-0.01951,25.437
2022-08-24T02:23:31Z,0.04242,25.429
2022-08-24T02:25:31Z,-0.08763,25.429
2022-08-24T02:27:31Z,-0.05047,25.421
2022-08-24T02:29:31Z,0.01146,25.404
2022-08-24T02:31:31Z,0.00836,25.429
2022-08-24T02:33:31Z,-0.04118,25.412
2022-08-24T02:35:31Z,-0.04738,25.412
2022-08-24T02:37:31Z,0.01146,25.412
2022-08-24T02:39:31Z,-0.01022,25.429
2022-08-24T02:41:31Z,-0.00093000000000000005,25.429
2022-08-24T02:43:31Z,-0.0288,25.429
2022-08-24T02:45:31Z,-0.05667,25.421
2022-08-24T02:47:31Z,-0.04428,25.396
2022-08-24T02:49:31Z,-0.01951,25.421
2022-08-24T02:51:31Z,-0.0288,25.429
2022-08-24T02:53:31Z,-0.00403,25.412
2022-08-24T02:55:31Z,-0.01951,25.429
2022-08-24T02:57:31Z,-0.02261,25.412
2022-08-24T02:59:31Z,-0.01022,25.404
2022-08-24T03:01:31Z,-0.02261,25.387
2022-08-24T03:03:31Z,-0.08763,25.412
2022-08-24T03:05:31Z,-0.03809,25.412
2022-08-24T03:07:31Z,-0.04118,25.396
2022-08-24T03:09:31Z,-0.05976,25.412
2022-08-24T03:11:31Z,-0.01022,25.429
2022-08-24T03:13:31Z,-0.03189,25.421
2022-08-24T03:15:31Z,-0.06596,25.404
2022-08-24T03:17:31Z,-0.04738,25.421
2022-08-24T03:19:31Z,-0.06596,25.396
2022-08-24T03:21:31Z,-0.01332,25.404
2022-08-24T03:23:31Z,-0.0257,25.396
2022-08-24T03:25:31Z,-0.03499,25.371
2022-08-24T03:27:31Z,-0.02261,25.387
2022-08-24T03:29:31Z,-0.01022,25.371
2022-08-24T03:31:31Z,-0.01022,25.379
2022-08-24T03:33:31Z,-0.03809,25.362
2022-08-24T03:35:31Z,-0.00093000000000000005,25.362
2022-08-24T03:37:31Z,-0.03189,25.354
2022-08-24T03:39:31Z,-0.03189,25.371
2022-08-24T03:41:31Z,-0.01951,25.379
2022-08-24T03:43:31Z,-0.02261,25.362
2022-08-24T03:45:31Z,-0.0288,25.346
2022-08-24T03:47:31Z,-0.08144,25.362
2022-08-24T03:49:31Z,0.01455,25.346
2022-08-24T03:51:31Z,-0.05047,25.346
2022-08-24T03:53:31Z,-0.01332,25.346
2022-08-24T03:55:31Z,-0.02261,25.346
2022-08-24T03:57:31Z,-0.03499,25.362
2022-08-24T03:59:31Z,0.01146,25.362
2022-08-24T04:01:31Z,0.01146,25.346
2022-08-24T04:03:31Z,-0.0288,25.346
2022-08-24T04:05:31Z,-0.05976,25.321
2022-08-24T04:07:31Z,-0.02261,25.312
2022-08-24T04:09:31Z,-0.02261,25.337
2022-08-24T04:11:31Z,-0.04118,25.321
2022-08-24T04:13:31Z,-0.01641,25.304
2022-08-24T04:15:31Z,-0.0288,25.312
2022-08-24T04:17:31Z,-0.05047,25.321
2022-08-24T04:19:31Z,-0.05047,25.329
2022-08-24T04:21:31Z,0.01146,25.321
2022-08-24T04:23:31Z,-0.0257,25.321
2022-08-24T04:25:31Z,-0.07215,25.337
2022-08-24T04:27:31Z,0.02694,25.346
2022-08-24T04:29:31Z,-0.03189,25.321
2022-08-24T04:31:31Z,0.04552,25.321
2022-08-24T04:33:31Z,-0.01022,25.312
2022-08-24T04:35:31Z,0.00526,25.304
2022-08-24T04:37:31Z,-0.05047,25.312
2022-08-24T04:39:31Z,-0.00712,25.312
2022-08-24T04:41:31Z,-0.02261,25.279
2022-08-24T04:43:31Z,0.02075,25.287
2022-08-24T04:45:31Z,-0.01332,25.296
2022-08-24T04:47:31Z,-0.03809,25.296
2022-08-24T04:49:31Z,-0.03189,25.321
2022-08-24T04:51:31Z,-0.04118,25.312
2022-08-24T04:53:31Z,-0.04118,25.279
2022-08-24T04:55:31Z,-0.0288,25.296
2022-08-24T04:57:31Z,-0.10931,25.296
2022-08-24T04:59:31Z,0.02694,25.279
2022-08-24T05:01:31Z,-0.01332,25.296
2022-08-24T05:03:31Z,-0.01022,25.304
2022-08-24T05:05:31Z,0.01146,25.279
2022-08-24T05:07:31Z,-0.06596,25.279
2022-08-24T05:09:31Z,-0.05047,25.254
2022-08-24T05:11:31Z,-0.07525,25.254
2022-08-24T05:13:31Z,-0.05667,25.279
2022-08-24T05:15:31Z,-0.04738,25.287
2022-08-24T05:17:31Z,-0.04118,25.246
2022-08-24T05:19:31Z,-0.03499,25.213
2022-08-24T05:21:31Z,-0.06905,25.271
2022-08-24T05:23:31Z,0.00836,25.263
2022-08-24T05:25:31Z,0.01146,25.263
2022-08-24T05:27:31Z,0.00217,25.263
2022-08-24T05:29:31Z,-0.04118,25.263
2022-08-24T05:31:31Z,0.00217,25.254
2022-08-24T05:33:31Z,-0.05976,25.246
2022-08-24T05:35:31Z,-0.00093000000000000005,25.229
2022-08-24T05:37:31Z,0.00526,25.254
2022-08-24T05:39:31Z,-0.0288,25.213
2022-08-24T05:41:31Z,-0.06286,25.229
2022-08-24T05:43:31Z,0.00836,25.246
2022-08-24T05:45:31Z,-0.00712,25.221
2022-08-24T05:47:31Z,0.04242,25.229
2022-08-24T05:49:31Z,0.03004,25.229
2022-08-24T05:51:31Z,0.08578,25.229
2022-08-24T05:53:31Z,0.16009,25.204
2022-08-24T05:55:31Z,0.23751,25.213
2022-08-24T05:57:31Z,0.37066,25.221
2022-08-24T05:59:31Z,0.64935,25.213
2022-08-24T06:01:31Z,0.96211,25.221
2022-08-24T06:03:31Z,1.36157,25.196
2022-08-24T06:05:31Z,1.90347,25.229
2022-08-24T06:07:31Z,2.61568,25.213
2022-08-24T06:09:31Z,3.54466,25.179
2022-08-24T06:11:31Z,4.62537,25.196
2022-08-24T06:13:31Z,5.92284,25.171
2022-08-24T06:15:31Z,7.48971,25.196
2022-08-24T06:17:31Z,9.21141,25.171
2022-08-24T06:19:31Z,11.20561,25.196
2022-08-24T06:21:31Z,13.10072,25.179
2022-08-24T06:23:31Z,14.48179,25.196
2022-08-24T06:25:31Z,16.03937,25.188
2022-08-24T06:27:31Z,19.0957,25.196
2022-08-24T06:29:31Z,22.21396,25.196
2022-08-24T06:31:31Z,25.52731,25.163
2022-08-24T06:33:31Z,28.90877,25.171
2022-08-24T06:35:31Z,32.69899,25.163
2022-08-24T06:37:31Z,35.63455,25.179
2022-08-24T06:39:31Z,37.96009,25.188
2022-08-24T06:41:31Z,39.89545,25.171
2022-08-24T06:43:31Z,42.9332,25.188
2022-08-24T06:45:31Z,45.87805,25.188
2022-08-24T06:47:31Z,49.371,25.188
2022-08-24T06:49:31Z,53.05903,25.171
2022-08-24T06:51:31Z,57.94544,25.188
2022-08-24T06:53:31Z,64.42968,25.188
2022-08-24T06:55:31Z,70.3101,25.163
2022-08-24T06:57:31Z,76.33295,25.188
2022-08-24T06:59:31Z,83.03396,25.188
2022-08-24T07:01:31Z,92.86251,25.188
2022-08-24T07:03:31Z,97.90065,25.171
2022-08-24T07:05:31Z,101.99434,25.179
2022-08-24T07:07:31Z,101.80545,25.163
2022-08-24T07:09:31Z,98.57261,25.171
2022-08-24T07:11:31Z,97.86659,25.154
2022-08-24T07:13:31Z,105.31697,25.188
2022-08-24T07:15:31Z,127.26555,25.196
2022-08-24T07:17:31Z,134.87696,25.188
2022-08-24T07:19:31Z,132.96946,25.204
2022-08-24T07:21:31Z,112.89121,25.196
2022-08-24T07:23:31Z,111.77335,25.196
2022-08-24T07:25:31Z,119.89259,25.196
2022-08-24T07:27:31Z,124.54366,25.196
2022-08-24T07:29:31Z,126.10434,25.204
2022-08-24T07:31:31Z,131.2168,25.229
2022-08-24T07:33:31Z,129.60348,25.213
2022-08-24T07:35:31Z,122.34199,25.221
2022-08-24T07:37:31Z,121.96111,25.188
2022-08-24T07:39:31Z,122.92414,25.221
2022-08-24T07:41:31Z,123.20284,25.221
2022-08-24T07:43:31Z,126.98996,25.238
2022-08-24T07:45:31Z,131.9383,25.238
2022-08-24T07:47:31Z,132.40588,25.213
2022-08-24T07:49:31Z,120.92685,25.246
2022-08-24T07:51:31Z,107.61154,25.229
2022-08-24T07:53:31Z,103.99163,25.238
2022-08-24T07:55:31Z,97.81395,25.229
2022-08-24T07:57:31Z,117.05612,25.238
2022-08-24T07:59:31Z,94.22191,25.246
2022-08-24T08:01:31Z,90.01366,25.246
2022-08-24T08:03:31Z,127.43277,25.263
2022-08-24T08:05:31Z,198.35692,25.246
2022-08-24T08:07:31Z,136.70704,25.246
2022-08-24T08:09:31Z,115.31894,25.279
2022-08-24T08:11:31Z,251.56551,25.246
2022-08-24T08:13:31Z,278.66991,25.296
2022-08-24T08:15:31Z,404.91761,25.271
2022-08-24T08:17:31Z,434.67888,25.279
2022-08-24T08:19:31Z,554.5662,25.287
2022-08-24T08:21:31Z,460.93481,25.296
2022-08-24T08:23:31Z,216.76611,25.312
2022-08-24T08:25:31Z,228.69415,25.304
2022-08-24T08:27:31Z,281.09453,25.329
2022-08-24T08:29:31Z,264.02616,25.321
2022-08-24T08:31:31Z,235.42612,25.337
2022-08-24T08:33:31Z,204.41074,25.304
2022-08-24T08:35:31Z,221.82592,25.354
2022-08-24T08:37:31Z,183.42829,25.362
2022-08-24T08:39:31Z,161.43016,25.321
2022-08-24T08:41:31Z,313.55911,25.387
2022-08-24T08:43:31Z,182.01625,25.387
2022-08-24T08:45:31Z,187.52507,25.421
2022-08-24T08:47:31Z,118.49293,25.445
2022-08-24T08:49:31Z,99.52636,25.462
2022-08-24T08:51:31Z,98.02761,25.454
2022-08-24T08:53:31Z,111.80431,25.479
2022-08-24T08:55:31Z,149.73746,25.479
2022-08-24T08:57:31Z,106.44413,25.495
2022-08-24T08:59:31Z,122.45037,25.512
2022-08-24T09:01:31Z,342.25205,25.537
2022-08-24T09:03:31Z,297.20296,25.545
2022-08-24T09:05:31Z,461.22279,25.57
2022-08-24T09:07:31Z,453.64855,25.587
2022-08-24T09:09:31Z,316.49467,25.612
2022-08-24T09:11:31Z,437.62682,25.612
2022-08-24T09:13:31Z,572.13931,25.661
2022-08-24T09:15:31Z,460.73353,25.703
2022-08-24T09:17:31Z,290.57627,25.703
2022-08-24T09:19:31Z,452.58332,25.711
2022-08-24T09:21:31Z,231.88053,25.769
2022-08-24T09:23:31Z,189.82583,25.769
2022-08-24T09:25:31Z,209.98149,25.811
2022-08-24T09:27:31Z,222.47311,25.844
2022-08-24T09:29:31Z,246.74723,25.836
2022-08-24T09:31:31Z,278.40979,25.877
2022-08-24T09:33:31Z,314.15985,25.886
2022-08-24T09:35:31Z,321.79293,25.919
2022-08-24T09:37:31Z,342.99833,25.935
2022-08-24T09:39:31Z,368.98176,25.952
2022-08-24T09:41:31Z,382.56647,25.96
2022-08-24T09:43:31Z,335.91644,25.985
2022-08-24T09:45:31Z,300.43579,26.002
2022-08-24T09:47:31Z,248.86219,26.027
2022-08-24T09:49:31Z,229.71911,26.052
2022-08-24T09:51:31Z,230.95775,26.06
2022-08-24T09:53:31Z,246.35396,26.06
2022-08-24T09:55:31Z,268.6153,26.085
2022-08-24T09:57:31Z,256.53553,26.11
2022-08-24T09:59:31Z,255.70874,26.093
2022-08-24T10:01:31Z,251.69247,26.126
2022-08-24T10:03:31Z,252.31798,26.143
2022-08-24T10:05:31Z,266.83167,26.151
2022-08-24T10:07:31Z,288.42414,26.151
2022-08-24T10:09:31Z,296.77873,26.168
2022-08-24T10:11:31Z,319.74918,26.168
2022-08-24T10:13:31Z,351.39317,26.176
2022-08-24T10:15:31Z,352.87953,26.184
2022-08-24T10:17:31Z,364.31831,26.184
2022-08-24T10:19:31Z,340.64802,26.201
2022-08-24T10:21:31Z,288.95366,26.201
2022-08-24T10:23:31Z,346.42315,26.176
2022-08-24T10:25:31Z,373.33556,26.201
2022-08-24T10:27:31Z,362.00206,26.226
2022-08-24T10:29:31Z,330.95262,26.242
2022-08-24T10:31:31Z,315.75769,26.242
2022-08-24T10:33:31Z,324.38786,26.275
2022-08-24T10:35:31Z,314.2063,26.267
2022-08-24T10:37:31Z,318.36501,26.309
2022-08-24T10:39:31Z,340.62944,26.292
2022-08-24T10:41:31Z,350.11738,26.284
2022-08-24T10:43:31Z,338.65382,26.325
2022-08-24T10:45:31Z,324.28568,26.325
2022-08-24T10:47:31Z,379.07353,26.317
2022-08-24T10:49:31Z,409.43243,26.325
2022-08-24T10:51:31Z,354.63839,26.367
2022-08-24T10:53:31Z,354.61671,26.358
2022-08-24T10:55:31Z,431.53894,26.358
2022-08-24T10:57:31Z,417.22034,26.367
2022-08-24T10:59:31Z,413.16691,26.375
2022-08-24T11:01:31Z,449.36288,26.375
2022-08-24T11:03:31Z,452.13742,26.416
2022-08-24T11:05:31Z,408.38888,26.425
2022-08-24T11:07:31Z,372.80295,26.408
2022-08-24T11:09:31Z,394.26846,26.449
2022-08-24T11:11:31Z,423.29893,26.449
2022-08-24T11:13:31Z,458.7703,26.474
2022-08-24T11:15:31Z,483.76902,26.491
2022-08-24T11:17:31Z,429.70267,26.507
2022-08-24T11:19:31Z,374.94578,26.541
2022-08-24T11:21:31Z,352.97243,26.565
2022-08-24T11:23:31Z,339.27314,26.565
2022-08-24T11:25:31Z,328.03564,26.59
2022-08-24T11:27:31Z,338.44016,26.598
2022-08-24T11:29:31Z,355.61691,26.623
2022-08-24T11:31:31Z,347.41096,26.632
2022-08-24T11:33:31Z,336.79587,26.64
2022-08-24T11:35:31Z,344.32986,26.64
2022-08-24T11:37:31Z,350.19169,26.681
2022-08-24T11:39:31Z,356.13404,26.689
2022-08-24T11:41:31Z,337.64743,26.706
2022-08-24T11:43:31Z,319.75847,26.681
2022-08-24T11:45:31Z,336.72775,26.714
2022-08-24T11:47:31Z,432.49579,26.706
2022-08-24T11:49:31Z,621.77755,26.714
2022-08-24T11:51:31Z,570.70869,26.723
2022-08-24T11:53:31Z,552.41717,26.739
2022-08-24T11:55:31Z,515.06618,26.764
2022-08-24T11:57:31Z,410.9157,26.756
2022-08-24T11:59:31Z,401.66001,26.747
