date,TempInSitu,AbsPressure,Depth,LoggerID
2022-06-03T07:50:00Z,26,105.281,0.399,WL_876_VSled_20220603
2022-06-03T07:52:00Z,26,105.074,0.378,WL_876_VSled_20220603
2022-06-03T07:54:00Z,26,105.109,0.382,WL_876_VSled_20220603
2022-06-03T07:56:00Z,26,105.556,0.427,WL_876_VSled_20220603
2022-06-03T07:58:00Z,26,105.298,0.401,WL_876_VSled_20220603
2022-06-03T08:00:00Z,26,105.178,0.389,WL_876_VSled_20220603
2022-06-03T08:02:00Z,26,105.092,0.38,WL_876_VSled_20220603
2022-06-03T08:04:00Z,26,104.799,0.35,WL_876_VSled_20220603
2022-06-03T08:06:00Z,26,105.005,0.371,WL_876_VSled_20220603
2022-06-03T08:08:00Z,26,104.868,0.357,WL_876_VSled_20220603
2022-06-03T08:10:00Z,26.097,104.888,0.359,WL_876_VSled_20220603
2022-06-03T08:12:00Z,26.097,105.111,0.382,WL_876_VSled_20220603
2022-06-03T08:14:00Z,26.097,105.37,0.409,WL_876_VSled_20220603
2022-06-03T08:16:00Z,26.097,104.905,0.361,WL_876_VSled_20220603
2022-06-03T08:18:00Z,26.097,105.438,0.416,WL_876_VSled_20220603
2022-06-03T08:20:00Z,26.097,104.991,0.37,WL_876_VSled_20220603
2022-06-03T08:22:00Z,26.097,104.922,0.363,WL_876_VSled_20220603
2022-06-03T08:24:00Z,26.097,105.249,0.396,WL_876_VSled_20220603
2022-06-03T08:26:00Z,26.097,105.249,0.396,WL_876_VSled_20220603
2022-06-03T08:28:00Z,26.097,105.507,0.423,WL_876_VSled_20220603
2022-06-03T08:30:00Z,26.097,105.301,0.402,WL_876_VSled_20220603
2022-06-03T08:32:00Z,26.097,105.077,0.379,WL_876_VSled_20220603
2022-06-03T08:34:00Z,26.097,105.421,0.414,WL_876_VSled_20220603
2022-06-03T08:36:00Z,26.097,105.283,0.4,WL_876_VSled_20220603
2022-06-03T08:38:00Z,26.097,105.507,0.423,WL_876_VSled_20220603
2022-06-03T08:40:00Z,26.097,105.163,0.387,WL_876_VSled_20220603
2022-06-03T08:42:00Z,26.097,105.266,0.398,WL_876_VSled_20220603
2022-06-03T08:44:00Z,26.097,105.06,0.377,WL_876_VSled_20220603
2022-06-03T08:46:00Z,26.097,105.645,0.437,WL_876_VSled_20220603
2022-06-03T08:48:00Z,26.097,105.197,0.391,WL_876_VSled_20220603
2022-06-03T08:50:00Z,26.097,105.266,0.398,WL_876_VSled_20220603
2022-06-03T08:52:00Z,26.097,105.387,0.41,WL_876_VSled_20220603
2022-06-03T08:54:00Z,26.097,105.456,0.417,WL_876_VSled_20220603
2022-06-03T08:56:00Z,26.097,105.163,0.387,WL_876_VSled_20220603
2022-06-03T08:58:00Z,26.097,105.301,0.402,WL_876_VSled_20220603
2022-06-03T09:00:00Z,26.195,105.252,0.397,WL_876_VSled_20220603
2022-06-03T09:02:00Z,26.195,104.856,0.356,WL_876_VSled_20220603
2022-06-03T09:04:00Z,26.195,105.544,0.427,WL_876_VSled_20220603
2022-06-03T09:06:00Z,26.195,105.097,0.381,WL_876_VSled_20220603
2022-06-03T09:08:00Z,26.195,105.355,0.407,WL_876_VSled_20220603
2022-06-03T09:10:00Z,26.195,105.458,0.418,WL_876_VSled_20220603
2022-06-03T09:12:00Z,26.195,105.441,0.416,WL_876_VSled_20220603
2022-06-03T09:14:00Z,26.195,105.458,0.418,WL_876_VSled_20220603
2022-06-03T09:16:00Z,26.195,105.372,0.409,WL_876_VSled_20220603
2022-06-03T09:18:00Z,26.195,105.613,0.434,WL_876_VSled_20220603
2022-06-03T09:20:00Z,26.195,105.321,0.404,WL_876_VSled_20220603
2022-06-03T09:22:00Z,26.195,105.355,0.407,WL_876_VSled_20220603
2022-06-03T09:24:00Z,26.292,105.461,0.419,WL_876_VSled_20220603
2022-06-03T09:26:00Z,26.292,105.702,0.443,WL_876_VSled_20220603
2022-06-03T09:28:00Z,26.292,105.203,0.392,WL_876_VSled_20220603
2022-06-03T09:30:00Z,26.292,105.667,0.44,WL_876_VSled_20220603
2022-06-03T09:32:00Z,26.292,105.289,0.401,WL_876_VSled_20220603
2022-06-03T09:34:00Z,26.292,105.547,0.427,WL_876_VSled_20220603
2022-06-03T09:36:00Z,26.292,105.667,0.44,WL_876_VSled_20220603
2022-06-03T09:38:00Z,26.292,105.34,0.406,WL_876_VSled_20220603
2022-06-03T09:40:00Z,26.292,105.495,0.422,WL_876_VSled_20220603
2022-06-03T09:42:00Z,26.39,105.618,0.435,WL_876_VSled_20220603
2022-06-03T09:44:00Z,26.39,105.739,0.447,WL_876_VSled_20220603
2022-06-03T09:46:00Z,26.39,105.257,0.398,WL_876_VSled_20220603
2022-06-03T09:48:00Z,26.39,105.894,0.463,WL_876_VSled_20220603
2022-06-03T09:50:00Z,26.39,105.653,0.438,WL_876_VSled_20220603
2022-06-03T09:52:00Z,26.39,105.188,0.391,WL_876_VSled_20220603
2022-06-03T09:54:00Z,26.39,105.842,0.458,WL_876_VSled_20220603
2022-06-03T09:56:00Z,26.39,105.291,0.401,WL_876_VSled_20220603
2022-06-03T09:58:00Z,26.39,105.55,0.428,WL_876_VSled_20220603
2022-06-03T10:00:00Z,26.488,105.5,0.423,WL_876_VSled_20220603
2022-06-03T10:02:00Z,26.488,105.483,0.421,WL_876_VSled_20220603
2022-06-03T10:04:00Z,26.488,105.69,0.443,WL_876_VSled_20220603
2022-06-03T10:06:00Z,26.488,105.414,0.414,WL_876_VSled_20220603
2022-06-03T10:08:00Z,26.488,105.552,0.428,WL_876_VSled_20220603
2022-06-03T10:10:00Z,26.488,105.449,0.418,WL_876_VSled_20220603
2022-06-03T10:12:00Z,26.488,105.759,0.45,WL_876_VSled_20220603
2022-06-03T10:14:00Z,26.488,105.638,0.437,WL_876_VSled_20220603
2022-06-03T10:16:00Z,26.488,105.38,0.411,WL_876_VSled_20220603
2022-06-03T10:18:00Z,26.488,105.587,0.432,WL_876_VSled_20220603
2022-06-03T10:20:00Z,26.488,105.862,0.46,WL_876_VSled_20220603
2022-06-03T10:22:00Z,26.585,105.951,0.47,WL_876_VSled_20220603
2022-06-03T10:24:00Z,26.585,105.779,0.452,WL_876_VSled_20220603
2022-06-03T10:26:00Z,26.585,105.624,0.436,WL_876_VSled_20220603
2022-06-03T10:28:00Z,26.585,105.658,0.44,WL_876_VSled_20220603
2022-06-03T10:30:00Z,26.585,105.589,0.432,WL_876_VSled_20220603
2022-06-03T10:32:00Z,26.585,105.744,0.448,WL_876_VSled_20220603
2022-06-03T10:34:00Z,26.683,105.471,0.421,WL_876_VSled_20220603
2022-06-03T10:36:00Z,26.683,105.678,0.442,WL_876_VSled_20220603
2022-06-03T10:38:00Z,26.683,105.678,0.442,WL_876_VSled_20220603
2022-06-03T10:40:00Z,26.683,106.281,0.504,WL_876_VSled_20220603
2022-06-03T10:42:00Z,26.683,105.902,0.465,WL_876_VSled_20220603
2022-06-03T10:44:00Z,26.683,106.108,0.486,WL_876_VSled_20220603
2022-06-03T10:46:00Z,26.683,106.143,0.489,WL_876_VSled_20220603
2022-06-03T10:48:00Z,26.683,105.73,0.447,WL_876_VSled_20220603
2022-06-03T10:50:00Z,26.683,106.384,0.514,WL_876_VSled_20220603
2022-06-03T10:52:00Z,26.781,105.904,0.465,WL_876_VSled_20220603
2022-06-03T10:54:00Z,26.781,106.025,0.478,WL_876_VSled_20220603
2022-06-03T10:56:00Z,26.781,105.784,0.453,WL_876_VSled_20220603
2022-06-03T10:58:00Z,26.781,106.128,0.488,WL_876_VSled_20220603
2022-06-03T11:00:00Z,26.781,105.887,0.464,WL_876_VSled_20220603
2022-06-03T11:02:00Z,26.781,105.956,0.471,WL_876_VSled_20220603
2022-06-03T11:04:00Z,26.879,106.389,0.515,WL_876_VSled_20220603
2022-06-03T11:06:00Z,26.879,105.924,0.468,WL_876_VSled_20220603
2022-06-03T11:08:00Z,26.879,106.303,0.506,WL_876_VSled_20220603
2022-06-03T11:10:00Z,26.879,105.941,0.469,WL_876_VSled_20220603
2022-06-03T11:12:00Z,26.879,105.993,0.475,WL_876_VSled_20220603
2022-06-03T11:14:00Z,26.879,106.527,0.529,WL_876_VSled_20220603
2022-06-03T11:16:00Z,26.977,106.116,0.488,WL_876_VSled_20220603
2022-06-03T11:18:00Z,26.977,106.495,0.526,WL_876_VSled_20220603
2022-06-03T11:20:00Z,26.977,106.03,0.479,WL_876_VSled_20220603
2022-06-03T11:22:00Z,26.977,106.065,0.482,WL_876_VSled_20220603
2022-06-03T11:24:00Z,26.977,106.53,0.53,WL_876_VSled_20220603
2022-06-03T11:26:00Z,26.977,106.357,0.512,WL_876_VSled_20220603
2022-06-03T11:28:00Z,26.977,106.289,0.505,WL_876_VSled_20220603
2022-06-03T11:30:00Z,27.075,106.24,0.501,WL_876_VSled_20220603
2022-06-03T11:32:00Z,27.075,105.964,0.472,WL_876_VSled_20220603
2022-06-03T11:34:00Z,26.977,106.134,0.489,WL_876_VSled_20220603
2022-06-03T11:36:00Z,26.977,106.444,0.521,WL_876_VSled_20220603
2022-06-03T11:38:00Z,27.075,106.205,0.497,WL_876_VSled_20220603
2022-06-03T11:40:00Z,27.075,106.791,0.557,WL_876_VSled_20220603
2022-06-03T11:42:00Z,27.075,106.102,0.487,WL_876_VSled_20220603
2022-06-03T11:44:00Z,27.075,106.498,0.527,WL_876_VSled_20220603
2022-06-03T11:46:00Z,27.075,106.153,0.492,WL_876_VSled_20220603
2022-06-03T11:48:00Z,27.075,106.24,0.501,WL_876_VSled_20220603
2022-06-03T11:50:00Z,27.075,106.05,0.481,WL_876_VSled_20220603
2022-06-03T11:52:00Z,27.075,106.257,0.502,WL_876_VSled_20220603
2022-06-03T11:54:00Z,27.075,106.308,0.508,WL_876_VSled_20220603
2022-06-03T11:56:00Z,27.075,106.274,0.504,WL_876_VSled_20220603
2022-06-03T11:58:00Z,27.075,106.515,0.529,WL_876_VSled_20220603
2022-06-03T12:00:00Z,27.075,105.981,0.474,WL_876_VSled_20220603
2022-06-03T12:02:00Z,27.075,106.395,0.517,WL_876_VSled_20220603
2022-06-03T12:04:00Z,27.075,106.205,0.497,WL_876_VSled_20220603
2022-06-03T12:06:00Z,27.075,106.619,0.539,WL_876_VSled_20220603
2022-06-03T12:08:00Z,27.075,106.291,0.506,WL_876_VSled_20220603
2022-06-03T12:10:00Z,27.075,106.343,0.511,WL_876_VSled_20220603
2022-06-03T12:12:00Z,27.075,106.153,0.492,WL_876_VSled_20220603
2022-06-03T12:14:00Z,27.075,106.498,0.527,WL_876_VSled_20220603
2022-06-03T12:16:00Z,27.075,106.67,0.545,WL_876_VSled_20220603
2022-06-03T12:18:00Z,27.075,106.567,0.534,WL_876_VSled_20220603
2022-06-03T12:20:00Z,27.075,106.687,0.546,WL_876_VSled_20220603
2022-06-03T12:22:00Z,27.075,106.136,0.49,WL_876_VSled_20220603
2022-06-03T12:24:00Z,27.075,106.774,0.555,WL_876_VSled_20220603
2022-06-03T12:26:00Z,27.075,106.584,0.536,WL_876_VSled_20220603
2022-06-03T12:28:00Z,27.075,106.36,0.513,WL_876_VSled_20220603
2022-06-03T12:30:00Z,27.075,106.412,0.518,WL_876_VSled_20220603
2022-06-03T12:32:00Z,27.075,106.222,0.499,WL_876_VSled_20220603
2022-06-03T12:34:00Z,27.075,106.067,0.483,WL_876_VSled_20220603
2022-06-03T12:36:00Z,27.075,106.446,0.522,WL_876_VSled_20220603
2022-06-03T12:38:00Z,27.075,106.687,0.546,WL_876_VSled_20220603
2022-06-03T12:40:00Z,27.173,106.656,0.544,WL_876_VSled_20220603
2022-06-03T12:42:00Z,27.173,105.898,0.466,WL_876_VSled_20220603
2022-06-03T12:44:00Z,27.075,106.274,0.504,WL_876_VSled_20220603
2022-06-03T12:46:00Z,27.173,106.587,0.536,WL_876_VSled_20220603
2022-06-03T12:48:00Z,27.173,106.208,0.498,WL_876_VSled_20220603
2022-06-03T12:50:00Z,27.272,106.572,0.535,WL_876_VSled_20220603
2022-06-03T12:52:00Z,27.272,106.296,0.507,WL_876_VSled_20220603
2022-06-03T12:54:00Z,27.272,106.486,0.526,WL_876_VSled_20220603
2022-06-03T12:56:00Z,27.272,106.555,0.533,WL_876_VSled_20220603
2022-06-03T12:58:00Z,27.272,106.951,0.574,WL_876_VSled_20220603
2022-06-03T13:00:00Z,27.37,106.402,0.518,WL_876_VSled_20220603
2022-06-03T13:02:00Z,27.272,106.417,0.519,WL_876_VSled_20220603
2022-06-03T13:04:00Z,27.37,106.42,0.52,WL_876_VSled_20220603
2022-06-03T13:06:00Z,27.37,106.695,0.548,WL_876_VSled_20220603
2022-06-03T13:08:00Z,27.37,106.644,0.543,WL_876_VSled_20220603
2022-06-03T13:10:00Z,27.37,106.368,0.515,WL_876_VSled_20220603
2022-06-03T13:12:00Z,27.468,106.388,0.517,WL_876_VSled_20220603
2022-06-03T13:14:00Z,27.37,106.558,0.534,WL_876_VSled_20220603
2022-06-03T13:16:00Z,27.468,106.422,0.52,WL_876_VSled_20220603
2022-06-03T13:18:00Z,27.468,106.56,0.535,WL_876_VSled_20220603
2022-06-03T13:20:00Z,27.468,106.836,0.563,WL_876_VSled_20220603
2022-06-03T13:22:00Z,27.468,106.422,0.52,WL_876_VSled_20220603
2022-06-03T13:24:00Z,27.468,106.75,0.554,WL_876_VSled_20220603
2022-06-03T13:26:00Z,27.567,106.167,0.495,WL_876_VSled_20220603
2022-06-03T13:28:00Z,27.567,106.339,0.512,WL_876_VSled_20220603
2022-06-03T13:30:00Z,27.567,106.477,0.526,WL_876_VSled_20220603
2022-06-03T13:32:00Z,27.567,106.908,0.571,WL_876_VSled_20220603
2022-06-03T13:34:00Z,27.567,106.339,0.512,WL_876_VSled_20220603
2022-06-03T13:36:00Z,27.665,105.911,0.469,WL_876_VSled_20220603
2022-06-03T13:38:00Z,27.665,106.307,0.509,WL_876_VSled_20220603
2022-06-03T13:40:00Z,27.665,105.911,0.469,WL_876_VSled_20220603
2022-06-03T13:42:00Z,27.665,106.566,0.536,WL_876_VSled_20220603
2022-06-03T13:44:00Z,27.665,106.186,0.497,WL_876_VSled_20220603
2022-06-03T13:46:00Z,27.764,106.43,0.522,WL_876_VSled_20220603
2022-06-03T13:48:00Z,27.665,106.617,0.541,WL_876_VSled_20220603
2022-06-03T13:50:00Z,27.665,106.721,0.552,WL_876_VSled_20220603
2022-06-03T13:52:00Z,27.665,106.273,0.506,WL_876_VSled_20220603
2022-06-03T13:54:00Z,27.665,106.393,0.518,WL_876_VSled_20220603
2022-06-03T13:56:00Z,27.665,106.755,0.555,WL_876_VSled_20220603
2022-06-03T13:58:00Z,27.665,106.738,0.553,WL_876_VSled_20220603
2022-06-03T14:00:00Z,27.665,106.548,0.534,WL_876_VSled_20220603
2022-06-03T14:02:00Z,27.665,106.669,0.546,WL_876_VSled_20220603
2022-06-03T14:04:00Z,27.665,106.41,0.52,WL_876_VSled_20220603
2022-06-03T14:06:00Z,27.665,105.997,0.478,WL_876_VSled_20220603
2022-06-03T14:08:00Z,27.665,106.393,0.518,WL_876_VSled_20220603
2022-06-03T14:10:00Z,27.665,106.221,0.501,WL_876_VSled_20220603
2022-06-03T14:12:00Z,27.665,105.859,0.463,WL_876_VSled_20220603
2022-06-03T14:14:00Z,27.665,106.255,0.504,WL_876_VSled_20220603
2022-06-03T14:16:00Z,27.665,106.307,0.509,WL_876_VSled_20220603
2022-06-03T14:18:00Z,27.665,106.083,0.486,WL_876_VSled_20220603
2022-06-03T14:20:00Z,27.665,105.911,0.469,WL_876_VSled_20220603
2022-06-03T14:22:00Z,27.665,106.376,0.516,WL_876_VSled_20220603
2022-06-03T14:24:00Z,27.665,106.238,0.502,WL_876_VSled_20220603
2022-06-03T14:26:00Z,27.665,105.894,0.467,WL_876_VSled_20220603
2022-06-03T14:28:00Z,27.567,106.029,0.481,WL_876_VSled_20220603
2022-06-03T14:30:00Z,27.665,106.428,0.522,WL_876_VSled_20220603
2022-06-03T14:32:00Z,27.665,106.514,0.531,WL_876_VSled_20220603
2022-06-03T14:34:00Z,27.665,106.066,0.485,WL_876_VSled_20220603
2022-06-03T14:36:00Z,27.567,106.494,0.528,WL_876_VSled_20220603
2022-06-03T14:38:00Z,27.665,106.238,0.502,WL_876_VSled_20220603
2022-06-03T14:40:00Z,27.567,105.925,0.47,WL_876_VSled_20220603
2022-06-03T14:42:00Z,27.567,106.029,0.481,WL_876_VSled_20220603
2022-06-03T14:44:00Z,27.567,105.633,0.44,WL_876_VSled_20220603
2022-06-03T14:46:00Z,27.665,106.221,0.501,WL_876_VSled_20220603
2022-06-03T14:48:00Z,27.567,106.218,0.5,WL_876_VSled_20220603
2022-06-03T14:50:00Z,27.665,105.842,0.462,WL_876_VSled_20220603
2022-06-03T14:52:00Z,27.567,105.874,0.465,WL_876_VSled_20220603
2022-06-03T14:54:00Z,27.567,106.08,0.486,WL_876_VSled_20220603
2022-06-03T14:56:00Z,27.567,105.667,0.444,WL_876_VSled_20220603
2022-06-03T14:58:00Z,27.665,106.083,0.486,WL_876_VSled_20220603
2022-06-03T15:00:00Z,27.567,105.667,0.444,WL_876_VSled_20220603
2022-06-03T15:02:00Z,27.567,106.304,0.509,WL_876_VSled_20220603
2022-06-03T15:04:00Z,27.567,106.046,0.482,WL_876_VSled_20220603
2022-06-03T15:06:00Z,27.567,106.115,0.489,WL_876_VSled_20220603
2022-06-03T15:08:00Z,27.665,105.98,0.476,WL_876_VSled_20220603
2022-06-03T15:10:00Z,27.567,106.098,0.488,WL_876_VSled_20220603
2022-06-03T15:12:00Z,27.567,106.339,0.512,WL_876_VSled_20220603
2022-06-03T15:14:00Z,27.567,106.063,0.484,WL_876_VSled_20220603
2022-06-03T15:16:00Z,27.567,106.373,0.516,WL_876_VSled_20220603
2022-06-03T15:18:00Z,27.567,106.046,0.482,WL_876_VSled_20220603
2022-06-03T15:20:00Z,27.567,105.753,0.452,WL_876_VSled_20220603
2022-06-03T15:22:00Z,27.567,106.356,0.514,WL_876_VSled_20220603
2022-06-03T15:24:00Z,27.567,106.339,0.512,WL_876_VSled_20220603
2022-06-03T15:26:00Z,27.567,105.943,0.472,WL_876_VSled_20220603
2022-06-03T15:28:00Z,27.567,106.046,0.482,WL_876_VSled_20220603
2022-06-03T15:30:00Z,27.567,106.339,0.512,WL_876_VSled_20220603
2022-06-03T15:32:00Z,27.567,106.08,0.486,WL_876_VSled_20220603
2022-06-03T15:34:00Z,27.665,106.186,0.497,WL_876_VSled_20220603
2022-06-03T15:36:00Z,27.567,106.115,0.489,WL_876_VSled_20220603
2022-06-03T15:38:00Z,27.567,105.856,0.463,WL_876_VSled_20220603
2022-06-03T15:40:00Z,27.567,106.098,0.488,WL_876_VSled_20220603
2022-06-03T15:42:00Z,27.567,105.908,0.468,WL_876_VSled_20220603
2022-06-03T15:44:00Z,27.567,105.908,0.468,WL_876_VSled_20220603
2022-06-03T15:46:00Z,27.567,105.615,0.438,WL_876_VSled_20220603
2022-06-03T15:48:00Z,27.567,105.874,0.465,WL_876_VSled_20220603
2022-06-03T15:50:00Z,27.567,105.874,0.465,WL_876_VSled_20220603
2022-06-03T15:52:00Z,27.567,105.495,0.426,WL_876_VSled_20220603
2022-06-03T15:54:00Z,27.567,105.65,0.442,WL_876_VSled_20220603
2022-06-03T15:56:00Z,27.567,106.029,0.481,WL_876_VSled_20220603
2022-06-03T15:58:00Z,27.567,106.08,0.486,WL_876_VSled_20220603
2022-06-03T16:00:00Z,27.567,105.667,0.444,WL_876_VSled_20220603
2022-06-03T16:02:00Z,27.567,106.167,0.495,WL_876_VSled_20220603
2022-06-03T16:04:00Z,27.567,105.891,0.466,WL_876_VSled_20220603
2022-06-03T16:06:00Z,27.567,105.925,0.47,WL_876_VSled_20220603
2022-06-03T16:08:00Z,27.567,106.011,0.479,WL_876_VSled_20220603
2022-06-03T16:10:00Z,27.468,105.733,0.45,WL_876_VSled_20220603
2022-06-03T16:12:00Z,27.468,105.957,0.473,WL_876_VSled_20220603
2022-06-03T16:14:00Z,27.468,105.785,0.455,WL_876_VSled_20220603
2022-06-03T16:16:00Z,27.468,105.94,0.471,WL_876_VSled_20220603
2022-06-03T16:18:00Z,27.468,105.888,0.466,WL_876_VSled_20220603
2022-06-03T16:20:00Z,27.468,106.216,0.499,WL_876_VSled_20220603
2022-06-03T16:22:00Z,27.468,106.009,0.478,WL_876_VSled_20220603
2022-06-03T16:24:00Z,27.468,106.078,0.485,WL_876_VSled_20220603
2022-06-03T16:26:00Z,27.37,105.748,0.451,WL_876_VSled_20220603
2022-06-03T16:28:00Z,27.37,105.903,0.467,WL_876_VSled_20220603
2022-06-03T16:30:00Z,27.37,106.041,0.481,WL_876_VSled_20220603
2022-06-03T16:32:00Z,27.37,105.558,0.432,WL_876_VSled_20220603
2022-06-03T16:34:00Z,27.37,105.834,0.46,WL_876_VSled_20220603
2022-06-03T16:36:00Z,27.37,105.851,0.462,WL_876_VSled_20220603
2022-06-03T16:38:00Z,27.37,105.868,0.463,WL_876_VSled_20220603
2022-06-03T16:40:00Z,27.272,105.917,0.468,WL_876_VSled_20220603
2022-06-03T16:42:00Z,27.272,106.021,0.479,WL_876_VSled_20220603
2022-06-03T16:44:00Z,27.272,105.642,0.44,WL_876_VSled_20220603
2022-06-03T16:46:00Z,27.272,105.625,0.438,WL_876_VSled_20220603
2022-06-03T16:48:00Z,27.272,105.9,0.466,WL_876_VSled_20220603
2022-06-03T16:50:00Z,27.272,105.504,0.426,WL_876_VSled_20220603
2022-06-03T16:52:00Z,27.272,105.418,0.417,WL_876_VSled_20220603
2022-06-03T16:54:00Z,27.272,105.607,0.436,WL_876_VSled_20220603
2022-06-03T16:56:00Z,27.173,105.588,0.434,WL_876_VSled_20220603
2022-06-03T16:58:00Z,27.173,105.484,0.424,WL_876_VSled_20220603
2022-06-03T17:00:00Z,27.173,105.433,0.418,WL_876_VSled_20220603
2022-06-03T17:02:00Z,27.173,105.467,0.422,WL_876_VSled_20220603
2022-06-03T17:04:00Z,27.173,105.967,0.473,WL_876_VSled_20220603
2022-06-03T17:06:00Z,27.173,105.674,0.443,WL_876_VSled_20220603
2022-06-03T17:08:00Z,27.173,105.846,0.461,WL_876_VSled_20220603
2022-06-03T17:10:00Z,27.075,105.516,0.427,WL_876_VSled_20220603
2022-06-03T17:12:00Z,27.173,105.794,0.455,WL_876_VSled_20220603
2022-06-03T17:14:00Z,27.075,105.189,0.393,WL_876_VSled_20220603
2022-06-03T17:16:00Z,27.075,105.482,0.423,WL_876_VSled_20220603
2022-06-03T17:18:00Z,27.075,105.327,0.407,WL_876_VSled_20220603
2022-06-03T17:20:00Z,27.075,105.344,0.409,WL_876_VSled_20220603
2022-06-03T17:22:00Z,27.075,105.516,0.427,WL_876_VSled_20220603
2022-06-03T17:24:00Z,27.075,105.447,0.419,WL_876_VSled_20220603
2022-06-03T17:26:00Z,27.075,105.585,0.434,WL_876_VSled_20220603
2022-06-03T17:28:00Z,27.075,105.361,0.411,WL_876_VSled_20220603
2022-06-03T17:30:00Z,27.075,105.654,0.441,WL_876_VSled_20220603
2022-06-03T17:32:00Z,27.075,105.051,0.379,WL_876_VSled_20220603
2022-06-03T17:34:00Z,27.075,105.602,0.435,WL_876_VSled_20220603
2022-06-03T17:36:00Z,27.075,105.43,0.418,WL_876_VSled_20220603
2022-06-03T17:38:00Z,27.075,105.447,0.419,WL_876_VSled_20220603
2022-06-03T17:40:00Z,27.075,105.309,0.405,WL_876_VSled_20220603
2022-06-03T17:42:00Z,27.075,105.344,0.409,WL_876_VSled_20220603
2022-06-03T17:44:00Z,27.075,105.275,0.402,WL_876_VSled_20220603
2022-06-03T17:46:00Z,27.075,105.602,0.435,WL_876_VSled_20220603
2022-06-03T17:48:00Z,27.075,105.327,0.407,WL_876_VSled_20220603
2022-06-03T17:50:00Z,27.075,105.516,0.427,WL_876_VSled_20220603
2022-06-03T17:52:00Z,27.075,105.137,0.388,WL_876_VSled_20220603
2022-06-03T17:54:00Z,27.075,105.258,0.4,WL_876_VSled_20220603
2022-06-03T17:56:00Z,26.977,105.221,0.396,WL_876_VSled_20220603
2022-06-03T17:58:00Z,27.075,104.948,0.368,WL_876_VSled_20220603
2022-06-03T18:00:00Z,26.977,105.41,0.415,WL_876_VSled_20220603
2022-06-03T18:02:00Z,26.977,105.358,0.41,WL_876_VSled_20220603
2022-06-03T18:04:00Z,26.977,105.169,0.391,WL_876_VSled_20220603
2022-06-03T18:06:00Z,26.977,105.462,0.421,WL_876_VSled_20220603
2022-06-03T18:08:00Z,26.977,105.135,0.387,WL_876_VSled_20220603
2022-06-03T18:10:00Z,26.977,105.531,0.428,WL_876_VSled_20220603
2022-06-03T18:12:00Z,26.977,105.41,0.415,WL_876_VSled_20220603
2022-06-03T18:14:00Z,26.977,105.1,0.384,WL_876_VSled_20220603
2022-06-03T18:16:00Z,26.977,105.29,0.403,WL_876_VSled_20220603
2022-06-03T18:18:00Z,26.977,105.531,0.428,WL_876_VSled_20220603
2022-06-03T18:20:00Z,26.977,105.203,0.394,WL_876_VSled_20220603
2022-06-03T18:22:00Z,26.977,105.1,0.384,WL_876_VSled_20220603
2022-06-03T18:24:00Z,26.879,105.304,0.404,WL_876_VSled_20220603
2022-06-03T18:26:00Z,26.879,105.149,0.388,WL_876_VSled_20220603
2022-06-03T18:28:00Z,26.879,104.96,0.369,WL_876_VSled_20220603
2022-06-03T18:30:00Z,26.879,105.304,0.404,WL_876_VSled_20220603
2022-06-03T18:32:00Z,26.879,105.253,0.399,WL_876_VSled_20220603
2022-06-03T18:34:00Z,26.879,104.943,0.367,WL_876_VSled_20220603
2022-06-03T18:36:00Z,26.879,105.029,0.376,WL_876_VSled_20220603
2022-06-03T18:38:00Z,26.879,105.27,0.401,WL_876_VSled_20220603
2022-06-03T18:40:00Z,26.879,104.994,0.372,WL_876_VSled_20220603
2022-06-03T18:42:00Z,26.879,105.115,0.385,WL_876_VSled_20220603
2022-06-03T18:44:00Z,26.879,105.373,0.411,WL_876_VSled_20220603
2022-06-03T18:46:00Z,26.879,105.218,0.395,WL_876_VSled_20220603
2022-06-03T18:48:00Z,26.879,105.253,0.399,WL_876_VSled_20220603
2022-06-03T18:50:00Z,26.879,105.011,0.374,WL_876_VSled_20220603
2022-06-03T18:52:00Z,26.879,105.011,0.374,WL_876_VSled_20220603
2022-06-03T18:54:00Z,26.879,105.718,0.447,WL_876_VSled_20220603
2022-06-03T18:56:00Z,26.879,105.356,0.41,WL_876_VSled_20220603
2022-06-03T18:58:00Z,26.879,105.046,0.378,WL_876_VSled_20220603
2022-06-03T19:00:00Z,26.879,105.149,0.388,WL_876_VSled_20220603
2022-06-03T19:02:00Z,26.879,105.321,0.406,WL_876_VSled_20220603
2022-06-03T19:04:00Z,26.879,105.098,0.383,WL_876_VSled_20220603
2022-06-03T19:06:00Z,26.879,105.132,0.387,WL_876_VSled_20220603
2022-06-03T19:08:00Z,26.879,105.063,0.38,WL_876_VSled_20220603
2022-06-03T19:10:00Z,26.879,105.098,0.383,WL_876_VSled_20220603
2022-06-03T19:12:00Z,26.781,105.112,0.384,WL_876_VSled_20220603
2022-06-03T19:14:00Z,26.781,104.94,0.367,WL_876_VSled_20220603
2022-06-03T19:16:00Z,26.781,105.181,0.391,WL_876_VSled_20220603
2022-06-03T19:18:00Z,26.781,105.215,0.395,WL_876_VSled_20220603
2022-06-03T19:20:00Z,26.781,104.871,0.36,WL_876_VSled_20220603
2022-06-03T19:22:00Z,26.781,105.164,0.39,WL_876_VSled_20220603
2022-06-03T19:24:00Z,26.781,104.992,0.372,WL_876_VSled_20220603
2022-06-03T19:26:00Z,26.781,105.405,0.414,WL_876_VSled_20220603
2022-06-03T19:28:00Z,26.781,105.043,0.377,WL_876_VSled_20220603
2022-06-03T19:30:00Z,26.781,104.992,0.372,WL_876_VSled_20220603
2022-06-03T19:32:00Z,26.781,105.215,0.395,WL_876_VSled_20220603
2022-06-03T19:34:00Z,26.781,104.992,0.372,WL_876_VSled_20220603
2022-06-03T19:36:00Z,26.781,104.94,0.367,WL_876_VSled_20220603
2022-06-03T19:38:00Z,26.781,104.699,0.342,WL_876_VSled_20220603
2022-06-03T19:40:00Z,26.781,105.026,0.375,WL_876_VSled_20220603
2022-06-03T19:42:00Z,26.781,104.923,0.365,WL_876_VSled_20220603
2022-06-03T19:44:00Z,26.781,105.267,0.4,WL_876_VSled_20220603
2022-06-03T19:46:00Z,26.781,104.785,0.351,WL_876_VSled_20220603
2022-06-03T19:48:00Z,26.683,104.989,0.371,WL_876_VSled_20220603
2022-06-03T19:50:00Z,26.781,104.957,0.368,WL_876_VSled_20220603
2022-06-03T19:52:00Z,26.781,104.923,0.365,WL_876_VSled_20220603
2022-06-03T19:54:00Z,26.781,104.699,0.342,WL_876_VSled_20220603
2022-06-03T19:56:00Z,26.781,105.164,0.39,WL_876_VSled_20220603
2022-06-03T19:58:00Z,26.683,104.903,0.363,WL_876_VSled_20220603
2022-06-03T20:00:00Z,26.683,105.024,0.375,WL_876_VSled_20220603
2022-06-03T20:02:00Z,26.683,104.955,0.368,WL_876_VSled_20220603
2022-06-03T20:04:00Z,26.683,104.886,0.361,WL_876_VSled_20220603
2022-06-03T20:06:00Z,26.683,105.058,0.378,WL_876_VSled_20220603
2022-06-03T20:08:00Z,26.683,104.989,0.371,WL_876_VSled_20220603
2022-06-03T20:10:00Z,26.683,104.869,0.359,WL_876_VSled_20220603
2022-06-03T20:12:00Z,26.683,104.834,0.356,WL_876_VSled_20220603
2022-06-03T20:14:00Z,26.683,105.075,0.38,WL_876_VSled_20220603
2022-06-03T20:16:00Z,26.683,104.989,0.371,WL_876_VSled_20220603
2022-06-03T20:18:00Z,26.683,104.903,0.363,WL_876_VSled_20220603
2022-06-03T20:20:00Z,26.683,104.972,0.37,WL_876_VSled_20220603
2022-06-03T20:22:00Z,26.683,105.247,0.398,WL_876_VSled_20220603
2022-06-03T20:24:00Z,26.683,104.869,0.359,WL_876_VSled_20220603
2022-06-03T20:26:00Z,26.683,104.869,0.359,WL_876_VSled_20220603
2022-06-03T20:28:00Z,26.683,104.92,0.364,WL_876_VSled_20220603
2022-06-03T20:30:00Z,26.683,105.196,0.393,WL_876_VSled_20220603
2022-06-03T20:32:00Z,26.683,104.869,0.359,WL_876_VSled_20220603
2022-06-03T20:34:00Z,26.683,105.144,0.387,WL_876_VSled_20220603
2022-06-03T20:36:00Z,26.683,104.731,0.345,WL_876_VSled_20220603
2022-06-03T20:38:00Z,26.683,104.765,0.348,WL_876_VSled_20220603
2022-06-03T20:40:00Z,26.683,104.955,0.368,WL_876_VSled_20220603
2022-06-03T20:42:00Z,26.683,105.144,0.387,WL_876_VSled_20220603
2022-06-03T20:44:00Z,26.683,104.989,0.371,WL_876_VSled_20220603
2022-06-03T20:46:00Z,26.683,104.851,0.357,WL_876_VSled_20220603
2022-06-03T20:48:00Z,26.683,104.972,0.37,WL_876_VSled_20220603
2022-06-03T20:50:00Z,26.683,104.869,0.359,WL_876_VSled_20220603
2022-06-03T20:52:00Z,26.683,104.886,0.361,WL_876_VSled_20220603
2022-06-03T20:54:00Z,26.683,104.955,0.368,WL_876_VSled_20220603
2022-06-03T20:56:00Z,26.683,104.834,0.356,WL_876_VSled_20220603
2022-06-03T20:58:00Z,26.683,104.955,0.368,WL_876_VSled_20220603
2022-06-03T21:00:00Z,26.683,105.23,0.396,WL_876_VSled_20220603
2022-06-03T21:02:00Z,26.683,105.196,0.393,WL_876_VSled_20220603
2022-06-03T21:04:00Z,26.683,104.989,0.371,WL_876_VSled_20220603
2022-06-03T21:06:00Z,26.585,105.055,0.378,WL_876_VSled_20220603
2022-06-03T21:08:00Z,26.585,105.245,0.397,WL_876_VSled_20220603
2022-06-03T21:10:00Z,26.585,104.952,0.367,WL_876_VSled_20220603
2022-06-03T21:12:00Z,26.585,105.038,0.376,WL_876_VSled_20220603
2022-06-03T21:14:00Z,26.585,104.883,0.36,WL_876_VSled_20220603
2022-06-03T21:16:00Z,26.585,104.986,0.371,WL_876_VSled_20220603
2022-06-03T21:18:00Z,26.585,105.004,0.373,WL_876_VSled_20220603
2022-06-03T21:20:00Z,26.585,104.9,0.362,WL_876_VSled_20220603
2022-06-03T21:22:00Z,26.585,104.832,0.355,WL_876_VSled_20220603
2022-06-03T21:24:00Z,26.585,104.952,0.367,WL_876_VSled_20220603
2022-06-03T21:26:00Z,26.585,105.038,0.376,WL_876_VSled_20220603
2022-06-03T21:28:00Z,26.585,105.141,0.387,WL_876_VSled_20220603
2022-06-03T21:30:00Z,26.585,104.986,0.371,WL_876_VSled_20220603
2022-06-03T21:32:00Z,26.585,104.952,0.367,WL_876_VSled_20220603
2022-06-03T21:34:00Z,26.585,105.193,0.392,WL_876_VSled_20220603
2022-06-03T21:36:00Z,26.585,104.883,0.36,WL_876_VSled_20220603
2022-06-03T21:38:00Z,26.585,104.952,0.367,WL_876_VSled_20220603
2022-06-03T21:40:00Z,26.585,105.331,0.406,WL_876_VSled_20220603
2022-06-03T21:42:00Z,26.585,105.555,0.429,WL_876_VSled_20220603
2022-06-03T21:44:00Z,26.585,105.073,0.38,WL_876_VSled_20220603
2022-06-03T21:46:00Z,26.585,105.141,0.387,WL_876_VSled_20220603
2022-06-03T21:48:00Z,26.585,105.262,0.399,WL_876_VSled_20220603
2022-06-03T21:50:00Z,26.585,105.314,0.404,WL_876_VSled_20220603
2022-06-03T21:52:00Z,26.585,105.107,0.383,WL_876_VSled_20220603
2022-06-03T21:54:00Z,26.585,104.986,0.371,WL_876_VSled_20220603
2022-06-03T21:56:00Z,26.683,105.144,0.387,WL_876_VSled_20220603
2022-06-03T21:58:00Z,26.683,105.058,0.378,WL_876_VSled_20220603
2022-06-03T22:00:00Z,26.585,105.176,0.39,WL_876_VSled_20220603
2022-06-03T22:02:00Z,26.585,105.434,0.417,WL_876_VSled_20220603
2022-06-03T22:04:00Z,26.585,105.159,0.388,WL_876_VSled_20220603
2022-06-03T22:06:00Z,26.585,105.141,0.387,WL_876_VSled_20220603
2022-06-03T22:08:00Z,26.585,105.004,0.373,WL_876_VSled_20220603
2022-06-03T22:10:00Z,26.585,105.004,0.373,WL_876_VSled_20220603
2022-06-03T22:12:00Z,26.585,105.055,0.378,WL_876_VSled_20220603
2022-06-03T22:14:00Z,26.585,105.124,0.385,WL_876_VSled_20220603
2022-06-03T22:16:00Z,26.585,105.055,0.378,WL_876_VSled_20220603
2022-06-03T22:18:00Z,26.585,105.279,0.401,WL_876_VSled_20220603
2022-06-03T22:20:00Z,26.585,105.038,0.376,WL_876_VSled_20220603
2022-06-03T22:22:00Z,26.585,105.331,0.406,WL_876_VSled_20220603
2022-06-03T22:24:00Z,26.585,105.245,0.397,WL_876_VSled_20220603
2022-06-03T22:26:00Z,26.585,105.469,0.42,WL_876_VSled_20220603
2022-06-03T22:28:00Z,26.585,105.4,0.413,WL_876_VSled_20220603
2022-06-03T22:30:00Z,26.585,105.555,0.429,WL_876_VSled_20220603
2022-06-03T22:32:00Z,26.585,105.348,0.408,WL_876_VSled_20220603
2022-06-03T22:34:00Z,26.585,105.124,0.385,WL_876_VSled_20220603
2022-06-03T22:36:00Z,26.585,105.486,0.422,WL_876_VSled_20220603
2022-06-03T22:38:00Z,26.585,105.434,0.417,WL_876_VSled_20220603
2022-06-03T22:40:00Z,26.585,105.073,0.38,WL_876_VSled_20220603
2022-06-03T22:42:00Z,26.585,105.228,0.396,WL_876_VSled_20220603
2022-06-03T22:44:00Z,26.585,105.537,0.427,WL_876_VSled_20220603
2022-06-03T22:46:00Z,26.585,105.537,0.427,WL_876_VSled_20220603
2022-06-03T22:48:00Z,26.585,105.555,0.429,WL_876_VSled_20220603
2022-06-03T22:50:00Z,26.585,105.624,0.436,WL_876_VSled_20220603
2022-06-03T22:52:00Z,26.585,105.641,0.438,WL_876_VSled_20220603
2022-06-03T22:54:00Z,26.585,105.761,0.45,WL_876_VSled_20220603
2022-06-03T22:56:00Z,26.585,105.71,0.445,WL_876_VSled_20220603
2022-06-03T22:58:00Z,26.585,105.572,0.431,WL_876_VSled_20220603
2022-06-03T23:00:00Z,26.585,105.641,0.438,WL_876_VSled_20220603
2022-06-03T23:02:00Z,26.585,105.847,0.459,WL_876_VSled_20220603
2022-06-03T23:04:00Z,26.585,105.796,0.454,WL_876_VSled_20220603
2022-06-03T23:06:00Z,26.585,105.4,0.413,WL_876_VSled_20220603
2022-06-03T23:08:00Z,26.585,105.572,0.431,WL_876_VSled_20220603
2022-06-03T23:10:00Z,26.585,105.469,0.42,WL_876_VSled_20220603
2022-06-03T23:12:00Z,26.585,105.951,0.47,WL_876_VSled_20220603
2022-06-03T23:14:00Z,26.585,105.624,0.436,WL_876_VSled_20220603
2022-06-03T23:16:00Z,26.585,105.606,0.434,WL_876_VSled_20220603
2022-06-03T23:18:00Z,26.585,105.658,0.44,WL_876_VSled_20220603
2022-06-03T23:20:00Z,26.585,105.692,0.443,WL_876_VSled_20220603
2022-06-03T23:22:00Z,26.585,105.692,0.443,WL_876_VSled_20220603
2022-06-03T23:24:00Z,26.585,105.882,0.462,WL_876_VSled_20220603
2022-06-03T23:26:00Z,26.585,105.624,0.436,WL_876_VSled_20220603
2022-06-03T23:28:00Z,26.585,106.02,0.477,WL_876_VSled_20220603
2022-06-03T23:30:00Z,26.585,105.606,0.434,WL_876_VSled_20220603
2022-06-03T23:32:00Z,26.585,105.486,0.422,WL_876_VSled_20220603
2022-06-03T23:34:00Z,26.488,106.12,0.487,WL_876_VSled_20220603
2022-06-03T23:36:00Z,26.585,105.813,0.455,WL_876_VSled_20220603
2022-06-03T23:38:00Z,26.585,105.83,0.457,WL_876_VSled_20220603
2022-06-03T23:40:00Z,26.585,105.744,0.448,WL_876_VSled_20220603
2022-06-03T23:42:00Z,26.585,105.744,0.448,WL_876_VSled_20220603
2022-06-03T23:44:00Z,26.585,105.572,0.431,WL_876_VSled_20220603
2022-06-03T23:46:00Z,26.488,105.655,0.439,WL_876_VSled_20220603
2022-06-03T23:48:00Z,26.488,105.948,0.469,WL_876_VSled_20220603
2022-06-03T23:50:00Z,26.488,105.845,0.458,WL_876_VSled_20220603
2022-06-03T23:52:00Z,26.488,105.707,0.444,WL_876_VSled_20220603
2022-06-03T23:54:00Z,26.488,105.69,0.443,WL_876_VSled_20220603
2022-06-03T23:56:00Z,26.488,105.879,0.462,WL_876_VSled_20220603
2022-06-03T23:58:00Z,26.488,105.776,0.451,WL_876_VSled_20220603
2022-06-04T00:00:00Z,26.488,105.759,0.45,WL_876_VSled_20220603
2022-06-04T00:02:00Z,26.488,106.052,0.48,WL_876_VSled_20220603
2022-06-04T00:04:00Z,26.488,105.742,0.448,WL_876_VSled_20220603
2022-06-04T00:06:00Z,26.488,105.914,0.465,WL_876_VSled_20220603
2022-06-04T00:08:00Z,26.488,106.086,0.483,WL_876_VSled_20220603
2022-06-04T00:10:00Z,26.488,106.086,0.483,WL_876_VSled_20220603
2022-06-04T00:12:00Z,26.488,106.172,0.492,WL_876_VSled_20220603
2022-06-04T00:14:00Z,26.488,105.897,0.464,WL_876_VSled_20220603
2022-06-04T00:16:00Z,26.488,105.983,0.473,WL_876_VSled_20220603
2022-06-04T00:18:00Z,26.488,106.017,0.476,WL_876_VSled_20220603
2022-06-04T00:20:00Z,26.488,105.828,0.457,WL_876_VSled_20220603
2022-06-04T00:22:00Z,26.488,105.828,0.457,WL_876_VSled_20220603
2022-06-04T00:24:00Z,26.488,105.931,0.467,WL_876_VSled_20220603
2022-06-04T00:26:00Z,26.488,105.793,0.453,WL_876_VSled_20220603
2022-06-04T00:28:00Z,26.488,106.034,0.478,WL_876_VSled_20220603
2022-06-04T00:30:00Z,26.488,106.534,0.529,WL_876_VSled_20220603
2022-06-04T00:32:00Z,26.488,106.241,0.499,WL_876_VSled_20220603
2022-06-04T00:34:00Z,26.488,105.776,0.451,WL_876_VSled_20220603
2022-06-04T00:36:00Z,26.488,105.897,0.464,WL_876_VSled_20220603
2022-06-04T00:38:00Z,26.488,106.017,0.476,WL_876_VSled_20220603
2022-06-04T00:40:00Z,26.488,106.086,0.483,WL_876_VSled_20220603
2022-06-04T00:42:00Z,26.488,105.862,0.46,WL_876_VSled_20220603
2022-06-04T00:44:00Z,26.488,106.189,0.494,WL_876_VSled_20220603
2022-06-04T00:46:00Z,26.585,106.02,0.477,WL_876_VSled_20220603
2022-06-04T00:48:00Z,26.488,106.362,0.511,WL_876_VSled_20220603
2022-06-04T00:50:00Z,26.488,106.224,0.497,WL_876_VSled_20220603
2022-06-04T00:52:00Z,26.488,105.897,0.464,WL_876_VSled_20220603
2022-06-04T00:54:00Z,26.488,105.914,0.465,WL_876_VSled_20220603
2022-06-04T00:56:00Z,26.488,106.327,0.508,WL_876_VSled_20220603
2022-06-04T00:58:00Z,26.488,105.897,0.464,WL_876_VSled_20220603
2022-06-04T01:00:00Z,26.488,106.241,0.499,WL_876_VSled_20220603
2022-06-04T01:02:00Z,26.488,106.086,0.483,WL_876_VSled_20220603
2022-06-04T01:04:00Z,26.39,106.152,0.49,WL_876_VSled_20220603
2022-06-04T01:06:00Z,26.488,106.069,0.481,WL_876_VSled_20220603
2022-06-04T01:08:00Z,26.488,106.293,0.504,WL_876_VSled_20220603
2022-06-04T01:10:00Z,26.488,106.258,0.501,WL_876_VSled_20220603
2022-06-04T01:12:00Z,26.488,105.948,0.469,WL_876_VSled_20220603
2022-06-04T01:14:00Z,26.39,106.238,0.498,WL_876_VSled_20220603
2022-06-04T01:16:00Z,26.39,105.86,0.46,WL_876_VSled_20220603
2022-06-04T01:18:00Z,26.39,105.756,0.449,WL_876_VSled_20220603
2022-06-04T01:20:00Z,26.488,105.948,0.469,WL_876_VSled_20220603
2022-06-04T01:22:00Z,26.488,106.12,0.487,WL_876_VSled_20220603
2022-06-04T01:24:00Z,26.488,105.879,0.462,WL_876_VSled_20220603
2022-06-04T01:26:00Z,26.488,105.845,0.458,WL_876_VSled_20220603
2022-06-04T01:28:00Z,26.488,105.965,0.471,WL_876_VSled_20220603
2022-06-04T01:30:00Z,26.488,105.897,0.464,WL_876_VSled_20220603
2022-06-04T01:32:00Z,26.39,105.705,0.444,WL_876_VSled_20220603
2022-06-04T01:34:00Z,26.488,105.897,0.464,WL_876_VSled_20220603
2022-06-04T01:36:00Z,26.488,106.344,0.509,WL_876_VSled_20220603
2022-06-04T01:38:00Z,26.39,105.877,0.461,WL_876_VSled_20220603
2022-06-04T01:40:00Z,26.488,106.362,0.511,WL_876_VSled_20220603
2022-06-04T01:42:00Z,26.488,105.914,0.465,WL_876_VSled_20220603
2022-06-04T01:44:00Z,26.39,105.86,0.46,WL_876_VSled_20220603
2022-06-04T01:46:00Z,26.39,106.204,0.495,WL_876_VSled_20220603
2022-06-04T01:48:00Z,26.39,105.722,0.446,WL_876_VSled_20220603
2022-06-04T01:50:00Z,26.39,105.928,0.467,WL_876_VSled_20220603
2022-06-04T01:52:00Z,26.39,105.963,0.47,WL_876_VSled_20220603
2022-06-04T01:54:00Z,26.39,105.739,0.447,WL_876_VSled_20220603
2022-06-04T01:56:00Z,26.39,105.687,0.442,WL_876_VSled_20220603
2022-06-04T01:58:00Z,26.488,105.724,0.446,WL_876_VSled_20220603
2022-06-04T02:00:00Z,26.488,105.845,0.458,WL_876_VSled_20220603
2022-06-04T02:02:00Z,26.488,106.103,0.485,WL_876_VSled_20220603
2022-06-04T02:04:00Z,26.488,105.862,0.46,WL_876_VSled_20220603
2022-06-04T02:06:00Z,26.488,105.535,0.427,WL_876_VSled_20220603
2022-06-04T02:08:00Z,26.488,105.828,0.457,WL_876_VSled_20220603
2022-06-04T02:10:00Z,26.488,105.776,0.451,WL_876_VSled_20220603
2022-06-04T02:12:00Z,26.488,105.828,0.457,WL_876_VSled_20220603
2022-06-04T02:14:00Z,26.488,105.965,0.471,WL_876_VSled_20220603
2022-06-04T02:16:00Z,26.488,105.707,0.444,WL_876_VSled_20220603
2022-06-04T02:18:00Z,26.488,105.742,0.448,WL_876_VSled_20220603
2022-06-04T02:20:00Z,26.39,105.722,0.446,WL_876_VSled_20220603
2022-06-04T02:22:00Z,26.488,105.655,0.439,WL_876_VSled_20220603
2022-06-04T02:24:00Z,26.488,106.017,0.476,WL_876_VSled_20220603
2022-06-04T02:26:00Z,26.488,105.897,0.464,WL_876_VSled_20220603
2022-06-04T02:28:00Z,26.39,105.791,0.453,WL_876_VSled_20220603
2022-06-04T02:30:00Z,26.488,105.69,0.443,WL_876_VSled_20220603
2022-06-04T02:32:00Z,26.488,105.793,0.453,WL_876_VSled_20220603
2022-06-04T02:34:00Z,26.488,105.81,0.455,WL_876_VSled_20220603
2022-06-04T02:36:00Z,26.488,105.776,0.451,WL_876_VSled_20220603
2022-06-04T02:38:00Z,26.488,105.879,0.462,WL_876_VSled_20220603
2022-06-04T02:40:00Z,26.488,105.742,0.448,WL_876_VSled_20220603
2022-06-04T02:42:00Z,26.488,105.604,0.434,WL_876_VSled_20220603
2022-06-04T02:44:00Z,26.488,105.432,0.416,WL_876_VSled_20220603
2022-06-04T02:46:00Z,26.488,106.086,0.483,WL_876_VSled_20220603
2022-06-04T02:48:00Z,26.488,106.172,0.492,WL_876_VSled_20220603
2022-06-04T02:50:00Z,26.488,105.5,0.423,WL_876_VSled_20220603
2022-06-04T02:52:00Z,26.488,105.965,0.471,WL_876_VSled_20220603
2022-06-04T02:54:00Z,26.488,105.518,0.425,WL_876_VSled_20220603
2022-06-04T02:56:00Z,26.488,105.828,0.457,WL_876_VSled_20220603
2022-06-04T02:58:00Z,26.488,105.449,0.418,WL_876_VSled_20220603
2022-06-04T03:00:00Z,26.488,105.5,0.423,WL_876_VSled_20220603
2022-06-04T03:02:00Z,26.488,105.587,0.432,WL_876_VSled_20220603
2022-06-04T03:04:00Z,26.488,105.569,0.43,WL_876_VSled_20220603
2022-06-04T03:06:00Z,26.488,105.897,0.464,WL_876_VSled_20220603
2022-06-04T03:08:00Z,26.488,105.655,0.439,WL_876_VSled_20220603
2022-06-04T03:10:00Z,26.39,105.894,0.463,WL_876_VSled_20220603
2022-06-04T03:12:00Z,26.39,105.653,0.438,WL_876_VSled_20220603
2022-06-04T03:14:00Z,26.488,106,0.474,WL_876_VSled_20220603
2022-06-04T03:16:00Z,26.488,106.138,0.488,WL_876_VSled_20220603
2022-06-04T03:18:00Z,26.39,105.739,0.447,WL_876_VSled_20220603
2022-06-04T03:20:00Z,26.39,105.705,0.444,WL_876_VSled_20220603
2022-06-04T03:22:00Z,26.39,105.67,0.44,WL_876_VSled_20220603
2022-06-04T03:24:00Z,26.39,105.584,0.431,WL_876_VSled_20220603
2022-06-04T03:26:00Z,26.488,105.5,0.423,WL_876_VSled_20220603
2022-06-04T03:28:00Z,26.488,105.673,0.441,WL_876_VSled_20220603
2022-06-04T03:30:00Z,26.488,105.139,0.386,WL_876_VSled_20220603
2022-06-04T03:32:00Z,26.39,105.894,0.463,WL_876_VSled_20220603
2022-06-04T03:34:00Z,26.488,105.569,0.43,WL_876_VSled_20220603
2022-06-04T03:36:00Z,26.39,105.911,0.465,WL_876_VSled_20220603
2022-06-04T03:38:00Z,26.39,105.67,0.44,WL_876_VSled_20220603
2022-06-04T03:40:00Z,26.39,105.515,0.424,WL_876_VSled_20220603
2022-06-04T03:42:00Z,26.39,105.687,0.442,WL_876_VSled_20220603
2022-06-04T03:44:00Z,26.39,105.877,0.461,WL_876_VSled_20220603
2022-06-04T03:46:00Z,26.39,105.481,0.421,WL_876_VSled_20220603
2022-06-04T03:48:00Z,26.39,105.532,0.426,WL_876_VSled_20220603
2022-06-04T03:50:00Z,26.39,105.481,0.421,WL_876_VSled_20220603
2022-06-04T03:52:00Z,26.39,105.291,0.401,WL_876_VSled_20220603
2022-06-04T03:54:00Z,26.488,105.414,0.414,WL_876_VSled_20220603
2022-06-04T03:56:00Z,26.39,105.481,0.421,WL_876_VSled_20220603
2022-06-04T03:58:00Z,26.39,105.343,0.407,WL_876_VSled_20220603
2022-06-04T04:00:00Z,26.39,105.205,0.393,WL_876_VSled_20220603
2022-06-04T04:02:00Z,26.39,105.395,0.412,WL_876_VSled_20220603
2022-06-04T04:04:00Z,26.39,105.705,0.444,WL_876_VSled_20220603
2022-06-04T04:06:00Z,26.39,105.291,0.401,WL_876_VSled_20220603
2022-06-04T04:08:00Z,26.39,105.55,0.428,WL_876_VSled_20220603
2022-06-04T04:10:00Z,26.39,105.412,0.414,WL_876_VSled_20220603
2022-06-04T04:12:00Z,26.39,105.687,0.442,WL_876_VSled_20220603
2022-06-04T04:14:00Z,26.39,105.532,0.426,WL_876_VSled_20220603
2022-06-04T04:16:00Z,26.39,105.291,0.401,WL_876_VSled_20220603
2022-06-04T04:18:00Z,26.39,105.291,0.401,WL_876_VSled_20220603
2022-06-04T04:20:00Z,26.39,105.343,0.407,WL_876_VSled_20220603
2022-06-04T04:22:00Z,26.39,105.601,0.433,WL_876_VSled_20220603
2022-06-04T04:24:00Z,26.39,105.24,0.396,WL_876_VSled_20220603
2022-06-04T04:26:00Z,26.39,105.36,0.408,WL_876_VSled_20220603
2022-06-04T04:28:00Z,26.39,105.463,0.419,WL_876_VSled_20220603
2022-06-04T04:30:00Z,26.39,105.567,0.43,WL_876_VSled_20220603
2022-06-04T04:32:00Z,26.39,105.395,0.412,WL_876_VSled_20220603
2022-06-04T04:34:00Z,26.39,105.515,0.424,WL_876_VSled_20220603
2022-06-04T04:36:00Z,26.39,105.308,0.403,WL_876_VSled_20220603
2022-06-04T04:38:00Z,26.39,105.515,0.424,WL_876_VSled_20220603
2022-06-04T04:40:00Z,26.39,105.153,0.387,WL_876_VSled_20220603
2022-06-04T04:42:00Z,26.39,105.429,0.416,WL_876_VSled_20220603
2022-06-04T04:44:00Z,26.39,105.24,0.396,WL_876_VSled_20220603
2022-06-04T04:46:00Z,26.39,105.257,0.398,WL_876_VSled_20220603
2022-06-04T04:48:00Z,26.39,105.567,0.43,WL_876_VSled_20220603
2022-06-04T04:50:00Z,26.39,105.24,0.396,WL_876_VSled_20220603
2022-06-04T04:52:00Z,26.39,105.291,0.401,WL_876_VSled_20220603
2022-06-04T04:54:00Z,26.39,105.257,0.398,WL_876_VSled_20220603
2022-06-04T04:56:00Z,26.39,105.498,0.423,WL_876_VSled_20220603
2022-06-04T04:58:00Z,26.39,105.532,0.426,WL_876_VSled_20220603
2022-06-04T05:00:00Z,26.39,105.102,0.382,WL_876_VSled_20220603
2022-06-04T05:02:00Z,26.39,105.188,0.391,WL_876_VSled_20220603
2022-06-04T05:04:00Z,26.39,105.377,0.41,WL_876_VSled_20220603
2022-06-04T05:06:00Z,26.292,105.134,0.385,WL_876_VSled_20220603
2022-06-04T05:08:00Z,26.292,105.203,0.392,WL_876_VSled_20220603
2022-06-04T05:10:00Z,26.39,105.067,0.378,WL_876_VSled_20220603
2022-06-04T05:12:00Z,26.39,105.102,0.382,WL_876_VSled_20220603
2022-06-04T05:14:00Z,26.39,105.171,0.389,WL_876_VSled_20220603
2022-06-04T05:16:00Z,26.39,105.326,0.405,WL_876_VSled_20220603
2022-06-04T05:18:00Z,26.39,105.205,0.393,WL_876_VSled_20220603
2022-06-04T05:20:00Z,26.39,105.119,0.384,WL_876_VSled_20220603
2022-06-04T05:22:00Z,26.39,105.308,0.403,WL_876_VSled_20220603
2022-06-04T05:24:00Z,26.39,105.188,0.391,WL_876_VSled_20220603
2022-06-04T05:26:00Z,26.39,105.274,0.4,WL_876_VSled_20220603
2022-06-04T05:28:00Z,26.292,105.254,0.397,WL_876_VSled_20220603
2022-06-04T05:30:00Z,26.292,105.013,0.373,WL_876_VSled_20220603
2022-06-04T05:32:00Z,26.292,105.168,0.389,WL_876_VSled_20220603
2022-06-04T05:34:00Z,26.292,105.082,0.38,WL_876_VSled_20220603
2022-06-04T05:36:00Z,26.292,104.996,0.371,WL_876_VSled_20220603
2022-06-04T05:38:00Z,26.292,105.099,0.381,WL_876_VSled_20220603
2022-06-04T05:40:00Z,26.292,105.151,0.387,WL_876_VSled_20220603
2022-06-04T05:42:00Z,26.292,105.134,0.385,WL_876_VSled_20220603
2022-06-04T05:44:00Z,26.292,105.013,0.373,WL_876_VSled_20220603
2022-06-04T05:46:00Z,26.292,105.065,0.378,WL_876_VSled_20220603
2022-06-04T05:48:00Z,26.292,104.927,0.364,WL_876_VSled_20220603
2022-06-04T05:50:00Z,26.292,104.944,0.366,WL_876_VSled_20220603
2022-06-04T05:52:00Z,26.292,105.151,0.387,WL_876_VSled_20220603
2022-06-04T05:54:00Z,26.292,104.996,0.371,WL_876_VSled_20220603
2022-06-04T05:56:00Z,26.292,105.03,0.374,WL_876_VSled_20220603
2022-06-04T05:58:00Z,26.292,104.91,0.362,WL_876_VSled_20220603
2022-06-04T06:00:00Z,26.292,104.979,0.369,WL_876_VSled_20220603
2022-06-04T06:02:00Z,26.292,105.048,0.376,WL_876_VSled_20220603
2022-06-04T06:04:00Z,26.292,105.099,0.381,WL_876_VSled_20220603
2022-06-04T06:06:00Z,26.292,104.944,0.366,WL_876_VSled_20220603
2022-06-04T06:08:00Z,26.292,104.875,0.359,WL_876_VSled_20220603
2022-06-04T06:10:00Z,26.292,105.065,0.378,WL_876_VSled_20220603
2022-06-04T06:12:00Z,26.292,104.893,0.36,WL_876_VSled_20220603
2022-06-04T06:14:00Z,26.292,104.944,0.366,WL_876_VSled_20220603
2022-06-04T06:16:00Z,26.292,105.03,0.374,WL_876_VSled_20220603
2022-06-04T06:18:00Z,26.292,104.824,0.353,WL_876_VSled_20220603
2022-06-04T06:20:00Z,26.292,104.91,0.362,WL_876_VSled_20220603
2022-06-04T06:22:00Z,26.292,104.996,0.371,WL_876_VSled_20220603
2022-06-04T06:24:00Z,26.292,104.738,0.345,WL_876_VSled_20220603
2022-06-04T06:26:00Z,26.292,104.893,0.36,WL_876_VSled_20220603
2022-06-04T06:28:00Z,26.292,104.824,0.353,WL_876_VSled_20220603
2022-06-04T06:30:00Z,26.292,104.807,0.352,WL_876_VSled_20220603
2022-06-04T06:32:00Z,26.292,105.082,0.38,WL_876_VSled_20220603
2022-06-04T06:34:00Z,26.292,105.099,0.381,WL_876_VSled_20220603
2022-06-04T06:36:00Z,26.292,105.013,0.373,WL_876_VSled_20220603
2022-06-04T06:38:00Z,26.292,104.996,0.371,WL_876_VSled_20220603
2022-06-04T06:40:00Z,26.292,105.048,0.376,WL_876_VSled_20220603
2022-06-04T06:42:00Z,26.292,104.979,0.369,WL_876_VSled_20220603
2022-06-04T06:44:00Z,26.292,104.789,0.35,WL_876_VSled_20220603
2022-06-04T06:46:00Z,26.292,104.996,0.371,WL_876_VSled_20220603
2022-06-04T06:48:00Z,26.195,104.838,0.354,WL_876_VSled_20220603
2022-06-04T06:50:00Z,26.292,104.858,0.357,WL_876_VSled_20220603
2022-06-04T06:52:00Z,26.292,104.858,0.357,WL_876_VSled_20220603
2022-06-04T06:54:00Z,26.195,104.821,0.353,WL_876_VSled_20220603
2022-06-04T06:56:00Z,26.195,104.821,0.353,WL_876_VSled_20220603
2022-06-04T06:58:00Z,26.195,104.873,0.358,WL_876_VSled_20220603
2022-06-04T07:00:00Z,26.292,104.979,0.369,WL_876_VSled_20220603
2022-06-04T07:02:00Z,26.195,104.752,0.346,WL_876_VSled_20220603
2022-06-04T07:04:00Z,26.195,104.959,0.367,WL_876_VSled_20220603
2022-06-04T07:06:00Z,26.292,104.772,0.348,WL_876_VSled_20220603
2022-06-04T07:08:00Z,26.195,104.804,0.351,WL_876_VSled_20220603
2022-06-04T07:10:00Z,26.292,104.807,0.352,WL_876_VSled_20220603
2022-06-04T07:12:00Z,26.195,104.89,0.36,WL_876_VSled_20220603
2022-06-04T07:14:00Z,26.292,104.962,0.367,WL_876_VSled_20220603
2022-06-04T07:16:00Z,26.292,104.893,0.36,WL_876_VSled_20220603
2022-06-04T07:18:00Z,26.292,104.996,0.371,WL_876_VSled_20220603
2022-06-04T07:20:00Z,26.292,105.116,0.383,WL_876_VSled_20220603
2022-06-04T07:22:00Z,26.292,104.807,0.352,WL_876_VSled_20220603
2022-06-04T07:24:00Z,26.292,104.875,0.359,WL_876_VSled_20220603
2022-06-04T07:26:00Z,26.195,104.942,0.365,WL_876_VSled_20220603
2022-06-04T07:28:00Z,26.195,104.752,0.346,WL_876_VSled_20220603
2022-06-04T07:30:00Z,26.195,104.907,0.362,WL_876_VSled_20220603
2022-06-04T07:32:00Z,26.195,105.183,0.39,WL_876_VSled_20220603
2022-06-04T07:34:00Z,26.292,104.875,0.359,WL_876_VSled_20220603
2022-06-04T07:36:00Z,26.195,104.856,0.356,WL_876_VSled_20220603
2022-06-04T07:38:00Z,26.195,104.684,0.339,WL_876_VSled_20220603
2022-06-04T07:40:00Z,26.195,104.821,0.353,WL_876_VSled_20220603
2022-06-04T07:42:00Z,26.292,104.807,0.352,WL_876_VSled_20220603
2022-06-04T07:44:00Z,26.195,104.959,0.367,WL_876_VSled_20220603
2022-06-04T07:46:00Z,26.292,104.703,0.341,WL_876_VSled_20220603
2022-06-04T07:48:00Z,26.195,104.735,0.344,WL_876_VSled_20220603
2022-06-04T07:50:00Z,26.195,105.011,0.372,WL_876_VSled_20220603
2022-06-04T07:52:00Z,26.195,104.752,0.346,WL_876_VSled_20220603
2022-06-04T07:54:00Z,26.195,104.684,0.339,WL_876_VSled_20220603
2022-06-04T07:56:00Z,26.195,104.787,0.349,WL_876_VSled_20220603
2022-06-04T07:58:00Z,26.195,104.735,0.344,WL_876_VSled_20220603
2022-06-04T08:00:00Z,26.195,104.821,0.353,WL_876_VSled_20220603
2022-06-04T08:02:00Z,26.195,104.976,0.369,WL_876_VSled_20220603
2022-06-04T08:04:00Z,26.292,104.703,0.341,WL_876_VSled_20220603
2022-06-04T08:06:00Z,26.292,104.686,0.339,WL_876_VSled_20220603
2022-06-04T08:08:00Z,26.292,104.755,0.346,WL_876_VSled_20220603
2022-06-04T08:10:00Z,26.292,104.858,0.357,WL_876_VSled_20220603
2022-06-04T08:12:00Z,26.292,104.686,0.339,WL_876_VSled_20220603
2022-06-04T08:14:00Z,26.292,104.652,0.336,WL_876_VSled_20220603
