date,TempInSitu,Lux,Light_Serial
2022-08-08T14:40:00Z,36.76,555,LUX_858
2022-08-08T14:42:00Z,36.25,75,LUX_858
2022-08-08T14:44:00Z,36.12,72,LUX_858
2022-08-08T14:46:00Z,36.08,73,LUX_858
2022-08-08T14:48:00Z,36.16,72,LUX_858
2022-08-08T14:50:00Z,36.21,77,LUX_858
2022-08-08T14:52:00Z,36.25,74,LUX_858
2022-08-08T14:54:00Z,36.38,74,LUX_858
2022-08-08T14:56:00Z,36.46,77,LUX_858
2022-08-08T14:58:00Z,36.51,76,LUX_858
2022-08-08T15:00:00Z,36.59,74,LUX_858
2022-08-08T15:02:00Z,36.72,78,LUX_858
2022-08-08T15:04:00Z,36.81,80,LUX_858
2022-08-08T15:06:00Z,36.89,81,LUX_858
2022-08-08T15:08:00Z,37.06,85,LUX_858
2022-08-08T15:10:00Z,37.11,83,LUX_858
2022-08-08T15:12:00Z,37.28,87,LUX_858
2022-08-08T15:14:00Z,37.41,82,LUX_858
2022-08-08T15:16:00Z,37.49,83,LUX_858
2022-08-08T15:18:00Z,37.58,85,LUX_858
2022-08-08T15:20:00Z,37.75,85,LUX_858
2022-08-08T15:22:00Z,37.88,81,LUX_858
2022-08-08T15:24:00Z,38.01,93,LUX_858
2022-08-08T15:26:00Z,38.14,82,LUX_858
2022-08-08T15:28:00Z,38.22,81,LUX_858
2022-08-08T15:30:00Z,38.39,81,LUX_858
2022-08-08T15:32:00Z,38.52,83,LUX_858
2022-08-08T15:34:00Z,38.61,90,LUX_858
2022-08-08T15:36:00Z,38.82,85,LUX_858
2022-08-08T15:38:00Z,38.91,99,LUX_858
2022-08-08T15:40:00Z,39.04,69,LUX_858
2022-08-08T15:42:00Z,39.12,96,LUX_858
2022-08-08T15:44:00Z,39.21,106,LUX_858
2022-08-08T15:46:00Z,39.25,106,LUX_858
2022-08-08T15:48:00Z,39.38,102,LUX_858
2022-08-08T15:50:00Z,39.47,114,LUX_858
2022-08-08T15:52:00Z,39.59,111,LUX_858
2022-08-08T15:54:00Z,39.68,104,LUX_858
2022-08-08T15:56:00Z,39.81,109,LUX_858
2022-08-08T15:58:00Z,39.98,113,LUX_858
2022-08-08T16:00:00Z,40.07,73,LUX_858
2022-08-08T16:02:00Z,40.19,80,LUX_858
2022-08-08T16:04:00Z,40.28,124,LUX_858
2022-08-08T16:06:00Z,40.32,88,LUX_858
2022-08-08T16:08:00Z,40.41,121,LUX_858
2022-08-08T16:10:00Z,40.45,114,LUX_858
2022-08-08T16:12:00Z,40.58,107,LUX_858
2022-08-08T16:14:00Z,40.67,66,LUX_858
2022-08-08T16:16:00Z,40.8,120,LUX_858
2022-08-08T16:18:00Z,40.84,119,LUX_858
2022-08-08T16:20:00Z,40.92,97,LUX_858
2022-08-08T16:22:00Z,41.01,62,LUX_858
2022-08-08T16:24:00Z,41.05,65,LUX_858
2022-08-08T16:26:00Z,41.05,94,LUX_858
2022-08-08T16:28:00Z,41.05,115,LUX_858
2022-08-08T16:30:00Z,41.1,116,LUX_858
2022-08-08T16:32:00Z,41.1,99,LUX_858
2022-08-08T16:34:00Z,41.14,121,LUX_858
2022-08-08T16:36:00Z,41.18,112,LUX_858
2022-08-08T16:38:00Z,41.22,120,LUX_858
2022-08-08T16:40:00Z,41.31,85,LUX_858
2022-08-08T16:42:00Z,41.35,88,LUX_858
2022-08-08T16:44:00Z,41.4,102,LUX_858
2022-08-08T16:46:00Z,41.48,116,LUX_858
2022-08-08T16:48:00Z,41.52,80,LUX_858
2022-08-08T16:50:00Z,41.61,149,LUX_858
2022-08-08T16:52:00Z,41.7,145,LUX_858
2022-08-08T16:54:00Z,41.83,154,LUX_858
2022-08-08T16:56:00Z,41.95,154,LUX_858
2022-08-08T16:58:00Z,42.04,346,LUX_858
2022-08-08T17:00:00Z,41.44,395,LUX_858
2022-08-08T17:02:00Z,40.62,2776,LUX_858
2022-08-08T17:04:00Z,40.15,841,LUX_858
2022-08-08T17:06:00Z,38.65,708,LUX_858
2022-08-08T17:08:00Z,37.15,468,LUX_858
2022-08-08T17:10:00Z,35.9,728,LUX_858
2022-08-08T17:12:00Z,35,578,LUX_858
2022-08-08T17:14:00Z,33.97,5350,LUX_858
2022-08-08T17:16:00Z,34.36,34263,LUX_858
2022-08-08T17:18:00Z,30.2,10322,LUX_858
2022-08-08T17:20:00Z,29.64,49828,LUX_858
2022-08-08T17:22:00Z,30.03,53023,LUX_858
2022-08-08T17:24:00Z,28.7,29276,LUX_858
2022-08-08T17:26:00Z,28.48,34990,LUX_858
2022-08-08T17:28:00Z,28.35,32246,LUX_858
2022-08-08T17:30:00Z,28.31,37263,LUX_858
2022-08-08T17:32:00Z,28.05,41861,LUX_858
2022-08-08T17:34:00Z,28.05,42209,LUX_858
2022-08-08T17:36:00Z,27.88,11546,LUX_858
2022-08-08T17:38:00Z,28.14,30300,LUX_858
2022-08-08T17:40:00Z,28.18,47923,LUX_858
2022-08-08T17:42:00Z,28.27,36710,LUX_858
2022-08-08T17:44:00Z,28.23,29184,LUX_858
2022-08-08T17:46:00Z,28.18,27597,LUX_858
2022-08-08T17:48:00Z,27.88,25846,LUX_858
2022-08-08T17:50:00Z,28.01,28979,LUX_858
2022-08-08T17:52:00Z,28.14,29522,LUX_858
2022-08-08T17:54:00Z,28.14,44749,LUX_858
2022-08-08T17:56:00Z,28.1,50299,LUX_858
2022-08-08T17:58:00Z,28.05,33884,LUX_858
2022-08-08T18:00:00Z,28.01,18186,LUX_858
2022-08-08T18:02:00Z,27.8,32543,LUX_858
2022-08-08T18:04:00Z,28.05,47063,LUX_858
2022-08-08T18:06:00Z,27.97,20127,LUX_858
2022-08-08T18:08:00Z,27.75,46469,LUX_858
2022-08-08T18:10:00Z,27.67,12826,LUX_858
2022-08-08T18:12:00Z,27.41,12206,LUX_858
2022-08-08T18:14:00Z,27.54,17357,LUX_858
2022-08-08T18:16:00Z,27.54,19241,LUX_858
2022-08-08T18:18:00Z,27.54,17367,LUX_858
2022-08-08T18:20:00Z,27.41,13537,LUX_858
2022-08-08T18:22:00Z,27.41,16343,LUX_858
2022-08-08T18:24:00Z,27.41,14577,LUX_858
2022-08-08T18:26:00Z,27.37,15903,LUX_858
2022-08-08T18:28:00Z,27.32,15365,LUX_858
2022-08-08T18:30:00Z,27.37,16512,LUX_858
2022-08-08T18:32:00Z,27.37,14408,LUX_858
2022-08-08T18:34:00Z,27.37,15800,LUX_858
2022-08-08T18:36:00Z,27.41,14638,LUX_858
2022-08-08T18:38:00Z,27.37,14520,LUX_858
2022-08-08T18:40:00Z,27.32,14710,LUX_858
2022-08-08T18:42:00Z,27.32,13676,LUX_858
2022-08-08T18:44:00Z,27.32,14351,LUX_858
2022-08-08T18:46:00Z,27.28,11500,LUX_858
2022-08-08T18:48:00Z,27.32,12416,LUX_858
2022-08-08T18:50:00Z,27.2,11663,LUX_858
2022-08-08T18:52:00Z,27.2,10911,LUX_858
2022-08-08T18:54:00Z,27.15,10335,LUX_858
2022-08-08T18:56:00Z,27.15,9531,LUX_858
2022-08-08T18:58:00Z,27.15,10089,LUX_858
2022-08-08T19:00:00Z,27.07,10911,LUX_858
2022-08-08T19:02:00Z,27.15,11356,LUX_858
2022-08-08T19:04:00Z,27.2,15340,LUX_858
2022-08-08T19:06:00Z,27.28,16686,LUX_858
2022-08-08T19:08:00Z,27.24,16794,LUX_858
2022-08-08T19:10:00Z,27.2,15672,LUX_858
2022-08-08T19:12:00Z,27.15,10696,LUX_858
2022-08-08T19:14:00Z,27.07,8965,LUX_858
2022-08-08T19:16:00Z,26.98,8945,LUX_858
2022-08-08T19:18:00Z,27.02,7877,LUX_858
2022-08-08T19:20:00Z,26.94,8182,LUX_858
2022-08-08T19:22:00Z,26.94,8753,LUX_858
2022-08-08T19:24:00Z,26.98,8146,LUX_858
2022-08-08T19:26:00Z,26.9,7708,LUX_858
2022-08-08T19:28:00Z,26.9,8379,LUX_858
2022-08-08T19:30:00Z,27.02,10701,LUX_858
2022-08-08T19:32:00Z,27.02,14275,LUX_858
2022-08-08T19:34:00Z,26.94,7468,LUX_858
2022-08-08T19:36:00Z,26.94,6894,LUX_858
2022-08-08T19:38:00Z,26.9,5678,LUX_858
2022-08-08T19:40:00Z,26.77,5409,LUX_858
2022-08-08T19:42:00Z,26.77,5093,LUX_858
2022-08-08T19:44:00Z,26.72,4794,LUX_858
2022-08-08T19:46:00Z,26.72,4515,LUX_858
2022-08-08T19:48:00Z,26.68,4468,LUX_858
2022-08-08T19:50:00Z,26.64,4609,LUX_858
2022-08-08T19:52:00Z,26.64,4635,LUX_858
2022-08-08T19:54:00Z,26.64,4677,LUX_858
2022-08-08T19:56:00Z,26.64,4599,LUX_858
2022-08-08T19:58:00Z,26.6,3956,LUX_858
2022-08-08T20:00:00Z,26.55,3498,LUX_858
2022-08-08T20:02:00Z,26.51,3062,LUX_858
2022-08-08T20:04:00Z,26.47,2866,LUX_858
2022-08-08T20:06:00Z,26.42,2941,LUX_858
2022-08-08T20:08:00Z,26.47,2732,LUX_858
2022-08-08T20:10:00Z,26.42,2680,LUX_858
2022-08-08T20:12:00Z,26.42,2204,LUX_858
2022-08-08T20:14:00Z,26.47,1973,LUX_858
2022-08-08T20:16:00Z,26.42,1618,LUX_858
2022-08-08T20:18:00Z,26.42,1825,LUX_858
2022-08-08T20:20:00Z,26.38,1309,LUX_858
2022-08-08T20:22:00Z,26.3,1060,LUX_858
2022-08-08T20:24:00Z,26.3,913,LUX_858
2022-08-08T20:26:00Z,26.3,876,LUX_858
2022-08-08T20:28:00Z,26.3,825,LUX_858
2022-08-08T20:30:00Z,26.3,809,LUX_858
2022-08-08T20:32:00Z,26.38,890,LUX_858
2022-08-08T20:34:00Z,26.34,781,LUX_858
2022-08-08T20:36:00Z,26.38,663,LUX_858
2022-08-08T20:38:00Z,26.34,464,LUX_858
2022-08-08T20:40:00Z,26.3,338,LUX_858
2022-08-08T20:42:00Z,26.34,283,LUX_858
2022-08-08T20:44:00Z,26.3,232,LUX_858
2022-08-08T20:46:00Z,26.25,180,LUX_858
2022-08-08T20:48:00Z,26.3,122,LUX_858
2022-08-08T20:50:00Z,26.3,82,LUX_858
2022-08-08T20:52:00Z,26.25,61,LUX_858
2022-08-08T20:54:00Z,26.21,47,LUX_858
2022-08-08T20:56:00Z,26.21,37,LUX_858
2022-08-08T20:58:00Z,26.21,28,LUX_858
2022-08-08T21:00:00Z,26.21,21,LUX_858
2022-08-08T21:02:00Z,26.25,13,LUX_858
2022-08-08T21:04:00Z,26.25,8,LUX_858
2022-08-08T21:06:00Z,26.25,4,LUX_858
2022-08-08T21:08:00Z,26.21,2,LUX_858
2022-08-08T21:10:00Z,26.3,1,LUX_858
2022-08-08T21:12:00Z,26.3,1,LUX_858
2022-08-08T21:14:00Z,26.3,0,LUX_858
2022-08-08T21:16:00Z,26.25,0,LUX_858
2022-08-08T21:18:00Z,26.25,0,LUX_858
2022-08-08T21:20:00Z,26.25,0,LUX_858
2022-08-08T21:22:00Z,26.21,0,LUX_858
2022-08-08T21:24:00Z,26.25,0,LUX_858
2022-08-08T21:26:00Z,26.25,0,LUX_858
2022-08-08T21:28:00Z,26.25,0,LUX_858
2022-08-08T21:30:00Z,26.25,0,LUX_858
2022-08-08T21:32:00Z,26.25,0,LUX_858
2022-08-08T21:34:00Z,26.25,0,LUX_858
2022-08-08T21:36:00Z,26.3,0,LUX_858
2022-08-08T21:38:00Z,26.25,0,LUX_858
2022-08-08T21:40:00Z,26.3,0,LUX_858
2022-08-08T21:42:00Z,26.3,0,LUX_858
2022-08-08T21:44:00Z,26.25,0,LUX_858
2022-08-08T21:46:00Z,26.3,0,LUX_858
2022-08-08T21:48:00Z,26.25,0,LUX_858
2022-08-08T21:50:00Z,26.34,0,LUX_858
2022-08-08T21:52:00Z,26.3,0,LUX_858
2022-08-08T21:54:00Z,26.25,0,LUX_858
2022-08-08T21:56:00Z,26.21,0,LUX_858
2022-08-08T21:58:00Z,26.25,0,LUX_858
2022-08-08T22:00:00Z,26.25,0,LUX_858
2022-08-08T22:02:00Z,26.25,0,LUX_858
2022-08-08T22:04:00Z,26.21,0,LUX_858
2022-08-08T22:06:00Z,26.21,0,LUX_858
2022-08-08T22:08:00Z,26.21,0,LUX_858
2022-08-08T22:10:00Z,26.12,0,LUX_858
2022-08-08T22:12:00Z,26.21,0,LUX_858
2022-08-08T22:14:00Z,26.17,0,LUX_858
2022-08-08T22:16:00Z,26.17,0,LUX_858
2022-08-08T22:18:00Z,26.12,0,LUX_858
2022-08-08T22:20:00Z,26.17,0,LUX_858
2022-08-08T22:22:00Z,26.17,0,LUX_858
2022-08-08T22:24:00Z,26.12,0,LUX_858
2022-08-08T22:26:00Z,26.17,0,LUX_858
2022-08-08T22:28:00Z,26.12,0,LUX_858
2022-08-08T22:30:00Z,26.12,0,LUX_858
2022-08-08T22:32:00Z,26.12,0,LUX_858
2022-08-08T22:34:00Z,26.08,0,LUX_858
2022-08-08T22:36:00Z,26.12,0,LUX_858
2022-08-08T22:38:00Z,26.04,0,LUX_858
2022-08-08T22:40:00Z,26.04,0,LUX_858
2022-08-08T22:42:00Z,26.08,0,LUX_858
2022-08-08T22:44:00Z,26.08,0,LUX_858
2022-08-08T22:46:00Z,26.12,0,LUX_858
2022-08-08T22:48:00Z,26.04,0,LUX_858
2022-08-08T22:50:00Z,26.04,0,LUX_858
2022-08-08T22:52:00Z,25.99,0,LUX_858
2022-08-08T22:54:00Z,26.04,0,LUX_858
2022-08-08T22:56:00Z,26.08,0,LUX_858
2022-08-08T22:58:00Z,26.04,0,LUX_858
2022-08-08T23:00:00Z,25.99,0,LUX_858
2022-08-08T23:02:00Z,25.99,0,LUX_858
2022-08-08T23:04:00Z,25.95,0,LUX_858
2022-08-08T23:06:00Z,25.91,0,LUX_858
2022-08-08T23:08:00Z,25.95,0,LUX_858
2022-08-08T23:10:00Z,25.95,0,LUX_858
2022-08-08T23:12:00Z,25.95,0,LUX_858
2022-08-08T23:14:00Z,25.91,0,LUX_858
2022-08-08T23:16:00Z,25.95,0,LUX_858
2022-08-08T23:18:00Z,25.87,0,LUX_858
2022-08-08T23:20:00Z,25.91,0,LUX_858
2022-08-08T23:22:00Z,25.91,0,LUX_858
2022-08-08T23:24:00Z,25.87,0,LUX_858
2022-08-08T23:26:00Z,25.82,0,LUX_858
2022-08-08T23:28:00Z,25.87,0,LUX_858
2022-08-08T23:30:00Z,25.87,0,LUX_858
2022-08-08T23:32:00Z,25.87,0,LUX_858
2022-08-08T23:34:00Z,25.87,0,LUX_858
2022-08-08T23:36:00Z,25.87,0,LUX_858
2022-08-08T23:38:00Z,25.82,0,LUX_858
2022-08-08T23:40:00Z,25.78,0,LUX_858
2022-08-08T23:42:00Z,25.82,0,LUX_858
2022-08-08T23:44:00Z,25.78,0,LUX_858
2022-08-08T23:46:00Z,25.78,0,LUX_858
2022-08-08T23:48:00Z,25.87,0,LUX_858
2022-08-08T23:50:00Z,25.78,0,LUX_858
2022-08-08T23:52:00Z,25.82,0,LUX_858
2022-08-08T23:54:00Z,25.74,0,LUX_858
2022-08-08T23:56:00Z,25.82,0,LUX_858
2022-08-08T23:58:00Z,25.82,0,LUX_858
2022-08-09T00:00:00Z,25.82,0,LUX_858
2022-08-09T00:02:00Z,25.78,0,LUX_858
2022-08-09T00:04:00Z,25.78,0,LUX_858
2022-08-09T00:06:00Z,25.78,0,LUX_858
2022-08-09T00:08:00Z,25.78,0,LUX_858
2022-08-09T00:10:00Z,25.74,0,LUX_858
2022-08-09T00:12:00Z,25.78,0,LUX_858
2022-08-09T00:14:00Z,25.74,0,LUX_858
2022-08-09T00:16:00Z,25.74,0,LUX_858
2022-08-09T00:18:00Z,25.69,0,LUX_858
2022-08-09T00:20:00Z,25.74,0,LUX_858
2022-08-09T00:22:00Z,25.74,0,LUX_858
2022-08-09T00:24:00Z,25.74,0,LUX_858
2022-08-09T00:26:00Z,25.69,0,LUX_858
2022-08-09T00:28:00Z,25.69,0,LUX_858
2022-08-09T00:30:00Z,25.69,0,LUX_858
2022-08-09T00:32:00Z,25.74,0,LUX_858
2022-08-09T00:34:00Z,25.69,0,LUX_858
2022-08-09T00:36:00Z,25.69,0,LUX_858
2022-08-09T00:38:00Z,25.65,0,LUX_858
2022-08-09T00:40:00Z,25.61,0,LUX_858
2022-08-09T00:42:00Z,25.65,0,LUX_858
2022-08-09T00:44:00Z,25.65,0,LUX_858
2022-08-09T00:46:00Z,25.61,0,LUX_858
2022-08-09T00:48:00Z,25.65,0,LUX_858
2022-08-09T00:50:00Z,25.61,0,LUX_858
2022-08-09T00:52:00Z,25.61,0,LUX_858
2022-08-09T00:54:00Z,25.65,0,LUX_858
2022-08-09T00:56:00Z,25.69,0,LUX_858
2022-08-09T00:58:00Z,25.61,0,LUX_858
2022-08-09T01:00:00Z,25.61,0,LUX_858
2022-08-09T01:02:00Z,25.61,0,LUX_858
2022-08-09T01:04:00Z,25.65,0,LUX_858
2022-08-09T01:06:00Z,25.65,0,LUX_858
2022-08-09T01:08:00Z,25.65,0,LUX_858
2022-08-09T01:10:00Z,25.65,0,LUX_858
2022-08-09T01:12:00Z,25.61,0,LUX_858
2022-08-09T01:14:00Z,25.52,0,LUX_858
2022-08-09T01:16:00Z,25.57,0,LUX_858
2022-08-09T01:18:00Z,25.57,0,LUX_858
2022-08-09T01:20:00Z,25.57,0,LUX_858
2022-08-09T01:22:00Z,25.57,0,LUX_858
2022-08-09T01:24:00Z,25.57,0,LUX_858
2022-08-09T01:26:00Z,25.57,0,LUX_858
2022-08-09T01:28:00Z,25.57,0,LUX_858
2022-08-09T01:30:00Z,25.52,0,LUX_858
2022-08-09T01:32:00Z,25.52,0,LUX_858
2022-08-09T01:34:00Z,25.57,0,LUX_858
2022-08-09T01:36:00Z,25.52,0,LUX_858
2022-08-09T01:38:00Z,25.52,0,LUX_858
2022-08-09T01:40:00Z,25.57,0,LUX_858
2022-08-09T01:42:00Z,25.61,0,LUX_858
2022-08-09T01:44:00Z,25.57,0,LUX_858
2022-08-09T01:46:00Z,25.52,0,LUX_858
2022-08-09T01:48:00Z,25.52,0,LUX_858
2022-08-09T01:50:00Z,25.57,0,LUX_858
2022-08-09T01:52:00Z,25.61,0,LUX_858
2022-08-09T01:54:00Z,25.61,0,LUX_858
2022-08-09T01:56:00Z,25.57,0,LUX_858
2022-08-09T01:58:00Z,25.57,0,LUX_858
2022-08-09T02:00:00Z,25.57,0,LUX_858
2022-08-09T02:02:00Z,25.57,0,LUX_858
2022-08-09T02:04:00Z,25.52,0,LUX_858
2022-08-09T02:06:00Z,25.52,0,LUX_858
2022-08-09T02:08:00Z,25.52,0,LUX_858
2022-08-09T02:10:00Z,25.61,0,LUX_858
2022-08-09T02:12:00Z,25.57,0,LUX_858
2022-08-09T02:14:00Z,25.57,0,LUX_858
2022-08-09T02:16:00Z,25.48,0,LUX_858
2022-08-09T02:18:00Z,25.48,0,LUX_858
2022-08-09T02:20:00Z,25.52,0,LUX_858
2022-08-09T02:22:00Z,25.52,0,LUX_858
2022-08-09T02:24:00Z,25.48,0,LUX_858
2022-08-09T02:26:00Z,25.52,0,LUX_858
2022-08-09T02:28:00Z,25.48,0,LUX_858
2022-08-09T02:30:00Z,25.44,0,LUX_858
2022-08-09T02:32:00Z,25.48,0,LUX_858
2022-08-09T02:34:00Z,25.44,0,LUX_858
2022-08-09T02:36:00Z,25.52,0,LUX_858
2022-08-09T02:38:00Z,25.48,0,LUX_858
2022-08-09T02:40:00Z,25.44,0,LUX_858
2022-08-09T02:42:00Z,25.39,0,LUX_858
2022-08-09T02:44:00Z,25.44,0,LUX_858
2022-08-09T02:46:00Z,25.39,0,LUX_858
2022-08-09T02:48:00Z,25.44,0,LUX_858
2022-08-09T02:50:00Z,25.44,0,LUX_858
2022-08-09T02:52:00Z,25.39,0,LUX_858
2022-08-09T02:54:00Z,25.44,0,LUX_858
2022-08-09T02:56:00Z,25.44,0,LUX_858
2022-08-09T02:58:00Z,25.44,0,LUX_858
2022-08-09T03:00:00Z,25.35,0,LUX_858
2022-08-09T03:02:00Z,25.44,0,LUX_858
2022-08-09T03:04:00Z,25.39,0,LUX_858
2022-08-09T03:06:00Z,25.44,0,LUX_858
2022-08-09T03:08:00Z,25.44,0,LUX_858
2022-08-09T03:10:00Z,25.44,0,LUX_858
2022-08-09T03:12:00Z,25.39,0,LUX_858
2022-08-09T03:14:00Z,25.39,0,LUX_858
2022-08-09T03:16:00Z,25.39,0,LUX_858
2022-08-09T03:18:00Z,25.39,0,LUX_858
2022-08-09T03:20:00Z,25.39,0,LUX_858
2022-08-09T03:22:00Z,25.39,0,LUX_858
2022-08-09T03:24:00Z,25.39,0,LUX_858
2022-08-09T03:26:00Z,25.39,0,LUX_858
2022-08-09T03:28:00Z,25.44,0,LUX_858
2022-08-09T03:30:00Z,25.44,0,LUX_858
2022-08-09T03:32:00Z,25.48,0,LUX_858
2022-08-09T03:34:00Z,25.48,0,LUX_858
2022-08-09T03:36:00Z,25.44,0,LUX_858
2022-08-09T03:38:00Z,25.39,0,LUX_858
2022-08-09T03:40:00Z,25.44,0,LUX_858
2022-08-09T03:42:00Z,25.35,0,LUX_858
2022-08-09T03:44:00Z,25.39,0,LUX_858
2022-08-09T03:46:00Z,25.44,0,LUX_858
2022-08-09T03:48:00Z,25.35,0,LUX_858
2022-08-09T03:50:00Z,25.35,0,LUX_858
2022-08-09T03:52:00Z,25.39,0,LUX_858
2022-08-09T03:54:00Z,25.39,0,LUX_858
2022-08-09T03:56:00Z,25.39,0,LUX_858
2022-08-09T03:58:00Z,25.44,0,LUX_858
2022-08-09T04:00:00Z,25.39,0,LUX_858
2022-08-09T04:02:00Z,25.39,0,LUX_858
2022-08-09T04:04:00Z,25.31,0,LUX_858
2022-08-09T04:06:00Z,25.31,0,LUX_858
2022-08-09T04:08:00Z,25.35,0,LUX_858
2022-08-09T04:10:00Z,25.31,0,LUX_858
2022-08-09T04:12:00Z,25.39,0,LUX_858
2022-08-09T04:14:00Z,25.39,0,LUX_858
2022-08-09T04:16:00Z,25.35,0,LUX_858
2022-08-09T04:18:00Z,25.35,0,LUX_858
2022-08-09T04:20:00Z,25.35,0,LUX_858
2022-08-09T04:22:00Z,25.35,0,LUX_858
2022-08-09T04:24:00Z,25.35,0,LUX_858
2022-08-09T04:26:00Z,25.27,0,LUX_858
2022-08-09T04:28:00Z,25.31,0,LUX_858
2022-08-09T04:30:00Z,25.31,0,LUX_858
2022-08-09T04:32:00Z,25.39,0,LUX_858
2022-08-09T04:34:00Z,25.35,0,LUX_858
2022-08-09T04:36:00Z,25.35,0,LUX_858
2022-08-09T04:38:00Z,25.35,0,LUX_858
2022-08-09T04:40:00Z,25.27,0,LUX_858
2022-08-09T04:42:00Z,25.27,0,LUX_858
2022-08-09T04:44:00Z,25.27,0,LUX_858
2022-08-09T04:46:00Z,25.35,0,LUX_858
2022-08-09T04:48:00Z,25.35,0,LUX_858
2022-08-09T04:50:00Z,25.27,0,LUX_858
2022-08-09T04:52:00Z,25.27,0,LUX_858
2022-08-09T04:54:00Z,25.31,0,LUX_858
2022-08-09T04:56:00Z,25.35,0,LUX_858
2022-08-09T04:58:00Z,25.31,0,LUX_858
2022-08-09T05:00:00Z,25.35,0,LUX_858
2022-08-09T05:02:00Z,25.27,0,LUX_858
2022-08-09T05:04:00Z,25.31,0,LUX_858
2022-08-09T05:06:00Z,25.27,0,LUX_858
2022-08-09T05:08:00Z,25.31,0,LUX_858
2022-08-09T05:10:00Z,25.31,0,LUX_858
2022-08-09T05:12:00Z,25.31,0,LUX_858
2022-08-09T05:14:00Z,25.27,0,LUX_858
2022-08-09T05:16:00Z,25.27,0,LUX_858
2022-08-09T05:18:00Z,25.27,0,LUX_858
2022-08-09T05:20:00Z,25.27,0,LUX_858
2022-08-09T05:22:00Z,25.27,0,LUX_858
2022-08-09T05:24:00Z,25.31,0,LUX_858
2022-08-09T05:26:00Z,25.27,0,LUX_858
2022-08-09T05:28:00Z,25.27,0,LUX_858
2022-08-09T05:30:00Z,25.22,0,LUX_858
2022-08-09T05:32:00Z,25.22,0,LUX_858
2022-08-09T05:34:00Z,25.35,0,LUX_858
2022-08-09T05:36:00Z,25.27,0,LUX_858
2022-08-09T05:38:00Z,25.27,0,LUX_858
2022-08-09T05:40:00Z,25.27,0,LUX_858
2022-08-09T05:42:00Z,25.31,0,LUX_858
2022-08-09T05:44:00Z,25.27,0,LUX_858
2022-08-09T05:46:00Z,25.27,0,LUX_858
2022-08-09T05:48:00Z,25.31,0,LUX_858
2022-08-09T05:50:00Z,25.27,0,LUX_858
2022-08-09T05:52:00Z,25.31,0,LUX_858
2022-08-09T05:54:00Z,25.27,0,LUX_858
2022-08-09T05:56:00Z,25.22,0,LUX_858
2022-08-09T05:58:00Z,25.31,0,LUX_858
2022-08-09T06:00:00Z,25.22,0,LUX_858
2022-08-09T06:02:00Z,25.22,0,LUX_858
2022-08-09T06:04:00Z,25.27,0,LUX_858
2022-08-09T06:06:00Z,25.27,0,LUX_858
2022-08-09T06:08:00Z,25.22,0,LUX_858
2022-08-09T06:10:00Z,25.31,0,LUX_858
2022-08-09T06:12:00Z,25.22,0,LUX_858
2022-08-09T06:14:00Z,25.22,0,LUX_858
2022-08-09T06:16:00Z,25.27,0,LUX_858
2022-08-09T06:18:00Z,25.27,0,LUX_858
2022-08-09T06:20:00Z,25.27,0,LUX_858
2022-08-09T06:22:00Z,25.22,0,LUX_858
2022-08-09T06:24:00Z,25.22,0,LUX_858
2022-08-09T06:26:00Z,25.18,0,LUX_858
2022-08-09T06:28:00Z,25.18,0,LUX_858
2022-08-09T06:30:00Z,25.22,0,LUX_858
2022-08-09T06:32:00Z,25.22,0,LUX_858
2022-08-09T06:34:00Z,25.22,0,LUX_858
2022-08-09T06:36:00Z,25.22,0,LUX_858
2022-08-09T06:38:00Z,25.22,0,LUX_858
2022-08-09T06:40:00Z,25.22,0,LUX_858
2022-08-09T06:42:00Z,25.27,0,LUX_858
2022-08-09T06:44:00Z,25.18,0,LUX_858
2022-08-09T06:46:00Z,25.22,0,LUX_858
2022-08-09T06:48:00Z,25.27,0,LUX_858
2022-08-09T06:50:00Z,25.22,0,LUX_858
2022-08-09T06:52:00Z,25.18,0,LUX_858
2022-08-09T06:54:00Z,25.18,0,LUX_858
2022-08-09T06:56:00Z,25.18,0,LUX_858
2022-08-09T06:58:00Z,25.18,0,LUX_858
2022-08-09T07:00:00Z,25.18,0,LUX_858
2022-08-09T07:02:00Z,25.22,0,LUX_858
2022-08-09T07:04:00Z,25.27,0,LUX_858
2022-08-09T07:06:00Z,25.22,0,LUX_858
2022-08-09T07:08:00Z,25.27,0,LUX_858
2022-08-09T07:10:00Z,25.22,0,LUX_858
2022-08-09T07:12:00Z,25.22,0,LUX_858
2022-08-09T07:14:00Z,25.22,0,LUX_858
2022-08-09T07:16:00Z,25.18,0,LUX_858
2022-08-09T07:18:00Z,25.22,0,LUX_858
2022-08-09T07:20:00Z,25.22,0,LUX_858
2022-08-09T07:22:00Z,25.22,0,LUX_858
2022-08-09T07:24:00Z,25.18,0,LUX_858
2022-08-09T07:26:00Z,25.18,0,LUX_858
2022-08-09T07:28:00Z,25.18,0,LUX_858
2022-08-09T07:30:00Z,25.22,0,LUX_858
2022-08-09T07:32:00Z,25.22,0,LUX_858
2022-08-09T07:34:00Z,25.22,0,LUX_858
2022-08-09T07:36:00Z,25.18,0,LUX_858
2022-08-09T07:38:00Z,25.27,0,LUX_858
2022-08-09T07:40:00Z,25.22,0,LUX_858
2022-08-09T07:42:00Z,25.22,0,LUX_858
2022-08-09T07:44:00Z,25.27,0,LUX_858
2022-08-09T07:46:00Z,25.27,0,LUX_858
2022-08-09T07:48:00Z,25.22,0,LUX_858
2022-08-09T07:50:00Z,25.22,0,LUX_858
2022-08-09T07:52:00Z,25.22,0,LUX_858
2022-08-09T07:54:00Z,25.22,0,LUX_858
2022-08-09T07:56:00Z,25.18,0,LUX_858
2022-08-09T07:58:00Z,25.22,0,LUX_858
2022-08-09T08:00:00Z,25.18,0,LUX_858
2022-08-09T08:02:00Z,25.22,0,LUX_858
2022-08-09T08:04:00Z,25.18,0,LUX_858
2022-08-09T08:06:00Z,25.18,0,LUX_858
2022-08-09T08:08:00Z,25.18,0,LUX_858
2022-08-09T08:10:00Z,25.18,0,LUX_858
2022-08-09T08:12:00Z,25.22,0,LUX_858
2022-08-09T08:14:00Z,25.18,0,LUX_858
2022-08-09T08:16:00Z,25.22,0,LUX_858
2022-08-09T08:18:00Z,25.22,0,LUX_858
2022-08-09T08:20:00Z,25.18,0,LUX_858
2022-08-09T08:22:00Z,25.22,0,LUX_858
2022-08-09T08:24:00Z,25.22,0,LUX_858
2022-08-09T08:26:00Z,25.22,0,LUX_858
2022-08-09T08:28:00Z,25.22,0,LUX_858
2022-08-09T08:30:00Z,25.22,0,LUX_858
2022-08-09T08:32:00Z,25.18,0,LUX_858
2022-08-09T08:34:00Z,25.18,0,LUX_858
2022-08-09T08:36:00Z,25.18,0,LUX_858
2022-08-09T08:38:00Z,25.18,0,LUX_858
2022-08-09T08:40:00Z,25.18,0,LUX_858
2022-08-09T08:42:00Z,25.18,0,LUX_858
2022-08-09T08:44:00Z,25.18,0,LUX_858
2022-08-09T08:46:00Z,25.14,0,LUX_858
2022-08-09T08:48:00Z,25.18,0,LUX_858
2022-08-09T08:50:00Z,25.18,0,LUX_858
2022-08-09T08:52:00Z,25.18,0,LUX_858
2022-08-09T08:54:00Z,25.18,0,LUX_858
2022-08-09T08:56:00Z,25.18,0,LUX_858
2022-08-09T08:58:00Z,25.18,0,LUX_858
2022-08-09T09:00:00Z,25.14,0,LUX_858
2022-08-09T09:02:00Z,25.18,1,LUX_858
2022-08-09T09:04:00Z,25.14,1,LUX_858
2022-08-09T09:06:00Z,25.18,2,LUX_858
2022-08-09T09:08:00Z,25.14,5,LUX_858
2022-08-09T09:10:00Z,25.18,10,LUX_858
2022-08-09T09:12:00Z,25.18,16,LUX_858
2022-08-09T09:14:00Z,25.18,24,LUX_858
2022-08-09T09:16:00Z,25.18,34,LUX_858
2022-08-09T09:18:00Z,25.14,48,LUX_858
2022-08-09T09:20:00Z,25.18,64,LUX_858
2022-08-09T09:22:00Z,25.18,82,LUX_858
2022-08-09T09:24:00Z,25.18,103,LUX_858
2022-08-09T09:26:00Z,25.18,133,LUX_858
2022-08-09T09:28:00Z,25.18,167,LUX_858
2022-08-09T09:30:00Z,25.14,214,LUX_858
2022-08-09T09:32:00Z,25.18,256,LUX_858
2022-08-09T09:34:00Z,25.09,287,LUX_858
2022-08-09T09:36:00Z,25.14,330,LUX_858
2022-08-09T09:38:00Z,25.18,412,LUX_858
2022-08-09T09:40:00Z,25.14,514,LUX_858
2022-08-09T09:42:00Z,25.14,626,LUX_858
2022-08-09T09:44:00Z,25.14,749,LUX_858
2022-08-09T09:46:00Z,25.18,881,LUX_858
2022-08-09T09:48:00Z,25.14,1026,LUX_858
2022-08-09T09:50:00Z,25.18,1169,LUX_858
2022-08-09T09:52:00Z,25.22,1366,LUX_858
2022-08-09T09:54:00Z,25.18,1624,LUX_858
2022-08-09T09:56:00Z,25.22,1908,LUX_858
2022-08-09T09:58:00Z,25.22,2125,LUX_858
2022-08-09T10:00:00Z,25.18,2222,LUX_858
2022-08-09T10:02:00Z,25.18,2287,LUX_858
2022-08-09T10:04:00Z,25.18,2335,LUX_858
2022-08-09T10:06:00Z,25.18,2441,LUX_858
2022-08-09T10:08:00Z,25.22,2467,LUX_858
2022-08-09T10:10:00Z,25.18,2593,LUX_858
2022-08-09T10:12:00Z,25.22,2839,LUX_858
2022-08-09T10:14:00Z,25.18,3159,LUX_858
2022-08-09T10:16:00Z,25.27,3411,LUX_858
2022-08-09T10:18:00Z,25.27,3603,LUX_858
2022-08-09T10:20:00Z,25.27,3794,LUX_858
2022-08-09T10:22:00Z,25.27,3928,LUX_858
2022-08-09T10:24:00Z,25.31,4225,LUX_858
2022-08-09T10:26:00Z,25.31,4652,LUX_858
2022-08-09T10:28:00Z,25.35,5178,LUX_858
2022-08-09T10:30:00Z,25.35,5637,LUX_858
2022-08-09T10:32:00Z,25.35,5888,LUX_858
2022-08-09T10:34:00Z,25.39,6108,LUX_858
2022-08-09T10:36:00Z,25.35,6159,LUX_858
2022-08-09T10:38:00Z,25.35,6280,LUX_858
2022-08-09T10:40:00Z,25.39,6218,LUX_858
2022-08-09T10:42:00Z,25.39,6144,LUX_858
2022-08-09T10:44:00Z,25.39,6469,LUX_858
2022-08-09T10:46:00Z,25.44,7002,LUX_858
2022-08-09T10:48:00Z,25.44,7286,LUX_858
2022-08-09T10:50:00Z,25.44,7729,LUX_858
2022-08-09T10:52:00Z,25.48,8138,LUX_858
2022-08-09T10:54:00Z,25.48,8804,LUX_858
2022-08-09T10:56:00Z,25.48,9219,LUX_858
2022-08-09T10:58:00Z,25.52,9331,LUX_858
2022-08-09T11:00:00Z,25.57,9764,LUX_858
2022-08-09T11:02:00Z,25.57,9495,LUX_858
2022-08-09T11:04:00Z,25.57,8980,LUX_858
2022-08-09T11:06:00Z,25.57,8463,LUX_858
2022-08-09T11:08:00Z,25.52,8492,LUX_858
2022-08-09T11:10:00Z,25.52,9213,LUX_858
2022-08-09T11:12:00Z,25.57,9961,LUX_858
2022-08-09T11:14:00Z,25.61,9905,LUX_858
2022-08-09T11:16:00Z,25.61,9708,LUX_858
2022-08-09T11:18:00Z,25.57,9403,LUX_858
2022-08-09T11:20:00Z,25.61,8901,LUX_858
2022-08-09T11:22:00Z,25.57,8069,LUX_858
2022-08-09T11:24:00Z,25.57,7985,LUX_858
2022-08-09T11:26:00Z,25.61,8604,LUX_858
2022-08-09T11:28:00Z,25.57,8893,LUX_858
2022-08-09T11:30:00Z,25.61,9841,LUX_858
2022-08-09T11:32:00Z,25.61,10271,LUX_858
2022-08-09T11:34:00Z,25.69,11151,LUX_858
2022-08-09T11:36:00Z,25.69,12288,LUX_858
2022-08-09T11:38:00Z,25.74,11259,LUX_858
2022-08-09T11:40:00Z,25.78,13640,LUX_858
2022-08-09T11:42:00Z,25.74,14003,LUX_858
2022-08-09T11:44:00Z,25.78,13046,LUX_858
2022-08-09T11:46:00Z,25.87,14080,LUX_858
2022-08-09T11:48:00Z,25.87,15263,LUX_858
2022-08-09T11:50:00Z,25.95,16594,LUX_858
2022-08-09T11:52:00Z,25.95,19640,LUX_858
2022-08-09T11:54:00Z,25.99,18642,LUX_858
2022-08-09T11:56:00Z,26.04,18719,LUX_858
2022-08-09T11:58:00Z,26.04,16901,LUX_858
2022-08-09T12:00:00Z,25.99,16732,LUX_858
2022-08-09T12:02:00Z,25.99,16051,LUX_858
2022-08-09T12:04:00Z,25.95,15421,LUX_858
2022-08-09T12:06:00Z,25.99,13998,LUX_858
2022-08-09T12:08:00Z,25.95,12933,LUX_858
2022-08-09T12:10:00Z,25.95,11817,LUX_858
2022-08-09T12:12:00Z,25.95,11648,LUX_858
2022-08-09T12:14:00Z,25.95,12303,LUX_858
2022-08-09T12:16:00Z,25.99,13573,LUX_858
2022-08-09T12:18:00Z,26.04,13676,LUX_858
2022-08-09T12:20:00Z,25.99,13271,LUX_858
2022-08-09T12:22:00Z,25.99,12283,LUX_858
2022-08-09T12:24:00Z,25.99,11479,LUX_858
2022-08-09T12:26:00Z,25.95,10696,LUX_858
2022-08-09T12:28:00Z,25.91,10665,LUX_858
2022-08-09T12:30:00Z,25.95,11315,LUX_858
2022-08-09T12:32:00Z,25.95,12831,LUX_858
2022-08-09T12:34:00Z,26.04,14331,LUX_858
2022-08-09T12:36:00Z,26.08,16102,LUX_858
2022-08-09T12:38:00Z,26.08,16993,LUX_858
2022-08-09T12:40:00Z,26.12,17761,LUX_858
2022-08-09T12:42:00Z,26.21,17413,LUX_858
2022-08-09T12:44:00Z,26.21,18017,LUX_858
2022-08-09T12:46:00Z,26.21,16558,LUX_858
2022-08-09T12:48:00Z,26.17,15437,LUX_858
2022-08-09T12:50:00Z,26.17,14525,LUX_858
2022-08-09T12:52:00Z,26.21,14264,LUX_858
2022-08-09T12:54:00Z,26.17,15268,LUX_858
2022-08-09T12:56:00Z,26.17,15401,LUX_858
2022-08-09T12:58:00Z,26.21,15483,LUX_858
2022-08-09T13:00:00Z,26.3,16159,LUX_858
2022-08-09T13:02:00Z,26.3,16865,LUX_858
2022-08-09T13:04:00Z,26.3,17654,LUX_858
2022-08-09T13:06:00Z,26.25,16773,LUX_858
2022-08-09T13:08:00Z,26.3,16118,LUX_858
2022-08-09T13:10:00Z,26.25,14858,LUX_858
2022-08-09T13:12:00Z,26.25,14725,LUX_858
2022-08-09T13:14:00Z,26.25,14300,LUX_858
2022-08-09T13:16:00Z,26.3,15063,LUX_858
2022-08-09T13:18:00Z,26.3,15514,LUX_858
2022-08-09T13:20:00Z,26.3,16881,LUX_858
2022-08-09T13:22:00Z,26.42,18063,LUX_858
2022-08-09T13:24:00Z,26.38,18191,LUX_858
2022-08-09T13:26:00Z,26.38,17669,LUX_858
2022-08-09T13:28:00Z,26.34,16957,LUX_858
2022-08-09T13:30:00Z,26.42,16364,LUX_858
2022-08-09T13:32:00Z,26.3,15990,LUX_858
2022-08-09T13:34:00Z,26.34,14316,LUX_858
2022-08-09T13:36:00Z,26.38,17111,LUX_858
2022-08-09T13:38:00Z,26.42,17275,LUX_858
2022-08-09T13:40:00Z,26.38,15826,LUX_858
2022-08-09T13:42:00Z,26.38,14874,LUX_858
2022-08-09T13:44:00Z,26.42,14013,LUX_858
2022-08-09T13:46:00Z,26.38,13763,LUX_858
2022-08-09T13:48:00Z,26.34,13496,LUX_858
2022-08-09T13:50:00Z,26.3,12902,LUX_858
2022-08-09T13:52:00Z,26.34,12600,LUX_858
2022-08-09T13:54:00Z,26.34,13128,LUX_858
2022-08-09T13:56:00Z,26.38,14285,LUX_858
2022-08-09T13:58:00Z,26.42,15549,LUX_858
2022-08-09T14:00:00Z,26.42,15969,LUX_858
2022-08-09T14:02:00Z,26.38,14310,LUX_858
2022-08-09T14:04:00Z,26.38,13307,LUX_858
2022-08-09T14:06:00Z,26.34,13102,LUX_858
2022-08-09T14:08:00Z,26.38,12979,LUX_858
2022-08-09T14:10:00Z,26.34,12570,LUX_858
2022-08-09T14:12:00Z,26.34,11950,LUX_858
2022-08-09T14:14:00Z,26.34,11878,LUX_858
2022-08-09T14:16:00Z,26.3,11356,LUX_858
2022-08-09T14:18:00Z,26.3,11505,LUX_858
2022-08-09T14:20:00Z,26.3,10752,LUX_858
2022-08-09T14:22:00Z,26.25,10537,LUX_858
2022-08-09T14:24:00Z,26.34,11116,LUX_858
2022-08-09T14:26:00Z,26.3,11320,LUX_858
2022-08-09T14:28:00Z,26.34,13942,LUX_858
2022-08-09T14:30:00Z,26.38,12564,LUX_858
2022-08-09T14:32:00Z,26.38,14351,LUX_858
2022-08-09T14:34:00Z,26.47,18063,LUX_858
2022-08-09T14:36:00Z,26.47,16471,LUX_858
2022-08-09T14:38:00Z,26.51,17500,LUX_858
2022-08-09T14:40:00Z,26.51,18867,LUX_858
2022-08-09T14:42:00Z,26.64,18893,LUX_858
2022-08-09T14:44:00Z,26.6,17935,LUX_858
2022-08-09T14:46:00Z,26.6,17070,LUX_858
2022-08-09T14:48:00Z,26.55,17039,LUX_858
2022-08-09T14:50:00Z,26.6,17449,LUX_858
2022-08-09T14:52:00Z,26.55,17254,LUX_858
2022-08-09T14:54:00Z,26.55,15457,LUX_858
2022-08-09T14:56:00Z,26.51,14321,LUX_858
2022-08-09T14:58:00Z,26.55,13681,LUX_858
2022-08-09T15:00:00Z,26.51,13276,LUX_858
2022-08-09T15:02:00Z,26.51,13036,LUX_858
2022-08-09T15:04:00Z,26.51,13404,LUX_858
2022-08-09T15:06:00Z,26.47,15002,LUX_858
2022-08-09T15:08:00Z,26.55,17347,LUX_858
2022-08-09T15:10:00Z,26.6,18970,LUX_858
2022-08-09T15:12:00Z,26.68,19533,LUX_858
2022-08-09T15:14:00Z,26.68,17459,LUX_858
2022-08-09T15:16:00Z,26.64,15857,LUX_858
2022-08-09T15:18:00Z,26.6,16532,LUX_858
2022-08-09T15:20:00Z,26.6,18770,LUX_858
2022-08-09T15:22:00Z,26.72,24576,LUX_858
2022-08-09T15:24:00Z,26.77,21463,LUX_858
2022-08-09T15:26:00Z,26.72,18468,LUX_858
2022-08-09T15:28:00Z,26.64,15734,LUX_858
2022-08-09T15:30:00Z,26.64,14561,LUX_858
2022-08-09T15:32:00Z,26.6,14228,LUX_858
2022-08-09T15:34:00Z,26.6,13640,LUX_858
2022-08-09T15:36:00Z,26.55,12616,LUX_858
2022-08-09T15:38:00Z,26.55,12262,LUX_858
2022-08-09T15:40:00Z,26.55,12119,LUX_858
2022-08-09T15:42:00Z,26.51,12790,LUX_858
2022-08-09T15:44:00Z,26.51,12022,LUX_858
2022-08-09T15:46:00Z,26.51,11745,LUX_858
2022-08-09T15:48:00Z,26.47,11428,LUX_858
2022-08-09T15:50:00Z,26.51,11116,LUX_858
2022-08-09T15:52:00Z,26.47,10819,LUX_858
2022-08-09T15:54:00Z,26.47,10737,LUX_858
2022-08-09T15:56:00Z,26.51,10696,LUX_858
2022-08-09T15:58:00Z,26.47,10537,LUX_858
2022-08-09T16:00:00Z,26.47,10194,LUX_858
2022-08-09T16:02:00Z,26.47,10094,LUX_858
2022-08-09T16:04:00Z,26.47,9600,LUX_858
2022-08-09T16:06:00Z,26.42,9620,LUX_858
2022-08-09T16:08:00Z,26.42,9764,LUX_858
2022-08-09T16:10:00Z,26.42,10166,LUX_858
2022-08-09T16:12:00Z,26.47,10186,LUX_858
2022-08-09T16:14:00Z,26.42,9459,LUX_858
2022-08-09T16:16:00Z,26.42,8824,LUX_858
2022-08-09T16:18:00Z,26.38,8668,LUX_858
2022-08-09T16:20:00Z,26.42,9155,LUX_858
2022-08-09T16:22:00Z,26.38,8909,LUX_858
2022-08-09T16:24:00Z,26.42,9162,LUX_858
2022-08-09T16:26:00Z,26.42,9423,LUX_858
2022-08-09T16:28:00Z,26.42,9198,LUX_858
2022-08-09T16:30:00Z,26.38,8753,LUX_858
2022-08-09T16:32:00Z,26.38,8456,LUX_858
2022-08-09T16:34:00Z,26.38,8310,LUX_858
2022-08-09T16:36:00Z,26.38,8507,LUX_858
2022-08-09T16:38:00Z,26.38,8901,LUX_858
2022-08-09T16:40:00Z,26.38,9452,LUX_858
2022-08-09T16:42:00Z,26.42,10468,LUX_858
2022-08-09T16:44:00Z,26.42,11341,LUX_858
2022-08-09T16:46:00Z,26.47,12933,LUX_858
2022-08-09T16:48:00Z,26.51,13215,LUX_858
2022-08-09T16:50:00Z,26.55,13629,LUX_858
2022-08-09T16:52:00Z,26.55,14822,LUX_858
2022-08-09T16:54:00Z,26.55,14909,LUX_858
2022-08-09T16:56:00Z,26.6,13732,LUX_858
2022-08-09T16:58:00Z,26.55,13460,LUX_858
2022-08-09T17:00:00Z,26.55,13292,LUX_858
2022-08-09T17:02:00Z,26.55,12206,LUX_858
2022-08-09T17:04:00Z,26.47,11612,LUX_858
2022-08-09T17:06:00Z,26.51,10532,LUX_858
2022-08-09T17:08:00Z,26.47,10291,LUX_858
2022-08-09T17:10:00Z,26.47,11059,LUX_858
2022-08-09T17:12:00Z,26.51,11284,LUX_858
2022-08-09T17:14:00Z,26.51,11151,LUX_858
2022-08-09T17:16:00Z,26.51,11489,LUX_858
2022-08-09T17:18:00Z,26.55,12698,LUX_858
2022-08-09T17:20:00Z,26.51,12749,LUX_858
2022-08-09T17:22:00Z,26.55,12887,LUX_858
2022-08-09T17:24:00Z,26.55,12401,LUX_858
2022-08-09T17:26:00Z,26.55,12247,LUX_858
2022-08-09T17:28:00Z,26.51,11059,LUX_858
2022-08-09T17:30:00Z,26.55,10532,LUX_858
2022-08-09T17:32:00Z,26.55,10130,LUX_858
2022-08-09T17:34:00Z,26.51,10660,LUX_858
2022-08-09T17:36:00Z,26.64,11581,LUX_858
2022-08-09T17:38:00Z,26.6,11469,LUX_858
2022-08-09T17:40:00Z,26.6,11284,LUX_858
2022-08-09T17:42:00Z,26.55,11034,LUX_858
2022-08-09T17:44:00Z,26.55,10412,LUX_858
2022-08-09T17:46:00Z,26.6,10639,LUX_858
2022-08-09T17:48:00Z,26.51,10307,LUX_858
2022-08-09T17:50:00Z,26.51,9178,LUX_858
2022-08-09T17:52:00Z,26.51,8515,LUX_858
2022-08-09T17:54:00Z,26.47,9085,LUX_858
2022-08-09T17:56:00Z,26.51,9149,LUX_858
2022-08-09T17:58:00Z,26.51,9700,LUX_858
2022-08-09T18:00:00Z,26.55,10455,LUX_858
2022-08-09T18:02:00Z,26.51,10757,LUX_858
2022-08-09T18:04:00Z,26.6,11003,LUX_858
2022-08-09T18:06:00Z,26.6,11638,LUX_858
2022-08-09T18:08:00Z,26.6,13322,LUX_858
2022-08-09T18:10:00Z,26.64,14633,LUX_858
2022-08-09T18:12:00Z,26.68,15770,LUX_858
2022-08-09T18:14:00Z,26.72,16553,LUX_858
2022-08-09T18:16:00Z,26.72,15319,LUX_858
2022-08-09T18:18:00Z,26.68,13286,LUX_858
2022-08-09T18:20:00Z,26.64,12662,LUX_858
2022-08-09T18:22:00Z,26.64,13829,LUX_858
2022-08-09T18:24:00Z,26.68,15212,LUX_858
2022-08-09T18:26:00Z,26.72,15227,LUX_858
2022-08-09T18:28:00Z,26.72,14464,LUX_858
2022-08-09T18:30:00Z,26.72,14490,LUX_858
2022-08-09T18:32:00Z,26.68,14853,LUX_858
2022-08-09T18:34:00Z,26.68,13681,LUX_858
2022-08-09T18:36:00Z,26.68,12652,LUX_858
2022-08-09T18:38:00Z,26.68,11366,LUX_858
2022-08-09T18:40:00Z,26.64,10058,LUX_858
2022-08-09T18:42:00Z,26.6,9536,LUX_858
2022-08-09T18:44:00Z,26.55,10378,LUX_858
2022-08-09T18:46:00Z,26.6,10412,LUX_858
2022-08-09T18:48:00Z,26.64,11740,LUX_858
2022-08-09T18:50:00Z,26.6,11110,LUX_858
2022-08-09T18:52:00Z,26.6,10468,LUX_858
2022-08-09T18:54:00Z,26.6,9736,LUX_858
2022-08-09T18:56:00Z,26.6,9014,LUX_858
2022-08-09T18:58:00Z,26.51,8251,LUX_858
2022-08-09T19:00:00Z,26.55,7700,LUX_858
2022-08-09T19:02:00Z,26.51,7363,LUX_858
2022-08-09T19:04:00Z,26.47,6925,LUX_858
2022-08-09T19:06:00Z,26.51,6979,LUX_858
2022-08-09T19:08:00Z,26.51,7370,LUX_858
2022-08-09T19:10:00Z,26.51,7603,LUX_858
2022-08-09T19:12:00Z,26.51,7608,LUX_858
2022-08-09T19:14:00Z,26.47,7314,LUX_858
2022-08-09T19:16:00Z,26.51,7063,LUX_858
2022-08-09T19:18:00Z,26.47,6784,LUX_858
2022-08-09T19:20:00Z,26.47,6666,LUX_858
2022-08-09T19:22:00Z,26.47,6607,LUX_858
2022-08-09T19:24:00Z,26.47,7017,LUX_858
2022-08-09T19:26:00Z,26.47,6843,LUX_858
2022-08-09T19:28:00Z,26.47,6973,LUX_858
2022-08-09T19:30:00Z,26.47,6881,LUX_858
2022-08-09T19:32:00Z,26.47,7370,LUX_858
2022-08-09T19:34:00Z,26.51,8105,LUX_858
2022-08-09T19:36:00Z,26.47,10235,LUX_858
2022-08-09T19:38:00Z,26.51,9070,LUX_858
2022-08-09T19:40:00Z,26.51,8809,LUX_858
2022-08-09T19:42:00Z,26.51,8343,LUX_858
2022-08-09T19:44:00Z,26.47,7539,LUX_858
2022-08-09T19:46:00Z,26.47,7114,LUX_858
2022-08-09T19:48:00Z,26.47,6359,LUX_858
2022-08-09T19:50:00Z,26.42,5699,LUX_858
2022-08-09T19:52:00Z,26.42,5437,LUX_858
2022-08-09T19:54:00Z,26.38,5381,LUX_858
2022-08-09T19:56:00Z,26.38,5729,LUX_858
2022-08-09T19:58:00Z,26.42,8323,LUX_858
2022-08-09T20:00:00Z,26.51,9162,LUX_858
2022-08-09T20:02:00Z,26.51,7828,LUX_858
2022-08-09T20:04:00Z,26.47,8274,LUX_858
2022-08-09T20:06:00Z,26.47,8202,LUX_858
2022-08-09T20:08:00Z,26.47,7667,LUX_858
2022-08-09T20:10:00Z,26.51,7037,LUX_858
2022-08-09T20:12:00Z,26.42,6495,LUX_858
2022-08-09T20:14:00Z,26.42,6113,LUX_858
2022-08-09T20:16:00Z,26.38,5629,LUX_858
2022-08-09T20:18:00Z,26.38,4507,LUX_858
2022-08-09T20:20:00Z,26.34,4013,LUX_858
2022-08-09T20:22:00Z,26.34,3452,LUX_858
2022-08-09T20:24:00Z,26.3,3039,LUX_858
2022-08-09T20:26:00Z,26.3,2666,LUX_858
2022-08-09T20:28:00Z,26.3,2376,LUX_858
2022-08-09T20:30:00Z,26.3,1996,LUX_858
2022-08-09T20:32:00Z,26.25,1682,LUX_858
2022-08-09T20:34:00Z,26.25,1411,LUX_858
2022-08-09T20:36:00Z,26.17,1155,LUX_858
2022-08-09T20:38:00Z,26.21,963,LUX_858
2022-08-09T20:40:00Z,26.17,808,LUX_858
2022-08-09T20:42:00Z,26.17,671,LUX_858
2022-08-09T20:44:00Z,26.17,552,LUX_858
2022-08-09T20:46:00Z,26.17,432,LUX_858
2022-08-09T20:48:00Z,26.12,325,LUX_858
2022-08-09T20:50:00Z,26.12,244,LUX_858
2022-08-09T20:52:00Z,26.12,180,LUX_858
2022-08-09T20:54:00Z,26.08,134,LUX_858
2022-08-09T20:56:00Z,26.12,100,LUX_858
2022-08-09T20:58:00Z,26.08,72,LUX_858
2022-08-09T21:00:00Z,26.08,49,LUX_858
2022-08-09T21:02:00Z,26.04,32,LUX_858
2022-08-09T21:04:00Z,26.04,20,LUX_858
2022-08-09T21:06:00Z,25.99,12,LUX_858
2022-08-09T21:08:00Z,26.04,7,LUX_858
2022-08-09T21:10:00Z,26.08,4,LUX_858
2022-08-09T21:12:00Z,25.99,2,LUX_858
2022-08-09T21:14:00Z,25.99,2,LUX_858
2022-08-09T21:16:00Z,26.04,1,LUX_858
2022-08-09T21:18:00Z,25.99,0,LUX_858
2022-08-09T21:20:00Z,25.95,0,LUX_858
2022-08-09T21:22:00Z,25.99,0,LUX_858
2022-08-09T21:24:00Z,25.95,0,LUX_858
2022-08-09T21:26:00Z,25.99,0,LUX_858
2022-08-09T21:28:00Z,25.95,0,LUX_858
2022-08-09T21:30:00Z,25.95,0,LUX_858
2022-08-09T21:32:00Z,25.95,0,LUX_858
2022-08-09T21:34:00Z,25.95,0,LUX_858
2022-08-09T21:36:00Z,25.95,0,LUX_858
2022-08-09T21:38:00Z,25.95,0,LUX_858
2022-08-09T21:40:00Z,25.95,0,LUX_858
2022-08-09T21:42:00Z,25.91,0,LUX_858
2022-08-09T21:44:00Z,25.91,0,LUX_858
2022-08-09T21:46:00Z,25.91,0,LUX_858
2022-08-09T21:48:00Z,25.91,0,LUX_858
2022-08-09T21:50:00Z,25.95,0,LUX_858
2022-08-09T21:52:00Z,25.91,0,LUX_858
2022-08-09T21:54:00Z,25.91,0,LUX_858
2022-08-09T21:56:00Z,25.91,0,LUX_858
2022-08-09T21:58:00Z,25.91,0,LUX_858
2022-08-09T22:00:00Z,25.87,0,LUX_858
2022-08-09T22:02:00Z,25.87,0,LUX_858
2022-08-09T22:04:00Z,25.91,0,LUX_858
2022-08-09T22:06:00Z,25.87,0,LUX_858
2022-08-09T22:08:00Z,25.82,0,LUX_858
2022-08-09T22:10:00Z,25.82,0,LUX_858
2022-08-09T22:12:00Z,25.82,0,LUX_858
2022-08-09T22:14:00Z,25.82,0,LUX_858
2022-08-09T22:16:00Z,25.78,0,LUX_858
2022-08-09T22:18:00Z,25.78,0,LUX_858
2022-08-09T22:20:00Z,25.82,0,LUX_858
2022-08-09T22:22:00Z,25.82,0,LUX_858
2022-08-09T22:24:00Z,25.78,0,LUX_858
2022-08-09T22:26:00Z,25.82,0,LUX_858
2022-08-09T22:28:00Z,25.82,0,LUX_858
2022-08-09T22:30:00Z,25.82,0,LUX_858
2022-08-09T22:32:00Z,25.74,0,LUX_858
2022-08-09T22:34:00Z,25.74,0,LUX_858
2022-08-09T22:36:00Z,25.78,0,LUX_858
2022-08-09T22:38:00Z,25.74,0,LUX_858
2022-08-09T22:40:00Z,25.78,0,LUX_858
2022-08-09T22:42:00Z,25.78,0,LUX_858
2022-08-09T22:44:00Z,25.74,0,LUX_858
2022-08-09T22:46:00Z,25.74,0,LUX_858
2022-08-09T22:48:00Z,25.74,0,LUX_858
2022-08-09T22:50:00Z,25.74,0,LUX_858
2022-08-09T22:52:00Z,25.74,0,LUX_858
2022-08-09T22:54:00Z,25.78,0,LUX_858
2022-08-09T22:56:00Z,25.74,0,LUX_858
2022-08-09T22:58:00Z,25.74,0,LUX_858
2022-08-09T23:00:00Z,25.78,0,LUX_858
2022-08-09T23:02:00Z,25.69,0,LUX_858
2022-08-09T23:04:00Z,25.74,0,LUX_858
2022-08-09T23:06:00Z,25.74,0,LUX_858
2022-08-09T23:08:00Z,25.74,0,LUX_858
2022-08-09T23:10:00Z,25.74,0,LUX_858
2022-08-09T23:12:00Z,25.74,0,LUX_858
2022-08-09T23:14:00Z,25.74,0,LUX_858
2022-08-09T23:16:00Z,25.74,0,LUX_858
2022-08-09T23:18:00Z,25.69,0,LUX_858
2022-08-09T23:20:00Z,25.74,0,LUX_858
2022-08-09T23:22:00Z,25.74,0,LUX_858
2022-08-09T23:24:00Z,25.74,0,LUX_858
2022-08-09T23:26:00Z,25.69,0,LUX_858
2022-08-09T23:28:00Z,25.74,0,LUX_858
2022-08-09T23:30:00Z,25.69,0,LUX_858
2022-08-09T23:32:00Z,25.74,0,LUX_858
2022-08-09T23:34:00Z,25.69,0,LUX_858
2022-08-09T23:36:00Z,25.69,0,LUX_858
2022-08-09T23:38:00Z,25.69,0,LUX_858
2022-08-09T23:40:00Z,25.65,0,LUX_858
2022-08-09T23:42:00Z,25.74,0,LUX_858
2022-08-09T23:44:00Z,25.69,0,LUX_858
2022-08-09T23:46:00Z,25.69,0,LUX_858
2022-08-09T23:48:00Z,25.65,0,LUX_858
2022-08-09T23:50:00Z,25.69,0,LUX_858
2022-08-09T23:52:00Z,25.74,0,LUX_858
2022-08-09T23:54:00Z,25.69,0,LUX_858
2022-08-09T23:56:00Z,25.74,0,LUX_858
2022-08-09T23:58:00Z,25.69,0,LUX_858
2022-08-10T00:00:00Z,25.69,0,LUX_858
2022-08-10T00:02:00Z,25.69,0,LUX_858
2022-08-10T00:04:00Z,25.69,0,LUX_858
2022-08-10T00:06:00Z,25.69,0,LUX_858
2022-08-10T00:08:00Z,25.69,0,LUX_858
2022-08-10T00:10:00Z,25.69,0,LUX_858
2022-08-10T00:12:00Z,25.74,0,LUX_858
2022-08-10T00:14:00Z,25.74,0,LUX_858
2022-08-10T00:16:00Z,25.74,0,LUX_858
2022-08-10T00:18:00Z,25.69,0,LUX_858
2022-08-10T00:20:00Z,25.69,0,LUX_858
2022-08-10T00:22:00Z,25.65,0,LUX_858
2022-08-10T00:24:00Z,25.69,0,LUX_858
2022-08-10T00:26:00Z,25.69,0,LUX_858
2022-08-10T00:28:00Z,25.65,0,LUX_858
2022-08-10T00:30:00Z,25.69,0,LUX_858
2022-08-10T00:32:00Z,25.65,0,LUX_858
2022-08-10T00:34:00Z,25.69,0,LUX_858
2022-08-10T00:36:00Z,25.65,0,LUX_858
2022-08-10T00:38:00Z,25.65,0,LUX_858
2022-08-10T00:40:00Z,25.69,0,LUX_858
2022-08-10T00:42:00Z,25.65,0,LUX_858
2022-08-10T00:44:00Z,25.65,0,LUX_858
2022-08-10T00:46:00Z,25.61,0,LUX_858
2022-08-10T00:48:00Z,25.61,0,LUX_858
2022-08-10T00:50:00Z,25.65,0,LUX_858
2022-08-10T00:52:00Z,25.61,0,LUX_858
2022-08-10T00:54:00Z,25.61,0,LUX_858
2022-08-10T00:56:00Z,25.61,0,LUX_858
2022-08-10T00:58:00Z,25.65,0,LUX_858
2022-08-10T01:00:00Z,25.61,0,LUX_858
2022-08-10T01:02:00Z,25.61,0,LUX_858
2022-08-10T01:04:00Z,25.61,0,LUX_858
2022-08-10T01:06:00Z,25.61,0,LUX_858
2022-08-10T01:08:00Z,25.61,0,LUX_858
2022-08-10T01:10:00Z,25.61,0,LUX_858
2022-08-10T01:12:00Z,25.65,0,LUX_858
2022-08-10T01:14:00Z,25.57,0,LUX_858
2022-08-10T01:16:00Z,25.65,0,LUX_858
2022-08-10T01:18:00Z,25.61,0,LUX_858
2022-08-10T01:20:00Z,25.65,0,LUX_858
2022-08-10T01:22:00Z,25.61,0,LUX_858
2022-08-10T01:24:00Z,25.57,0,LUX_858
2022-08-10T01:26:00Z,25.65,0,LUX_858
2022-08-10T01:28:00Z,25.61,0,LUX_858
2022-08-10T01:30:00Z,25.61,0,LUX_858
2022-08-10T01:32:00Z,25.57,0,LUX_858
2022-08-10T01:34:00Z,25.57,0,LUX_858
2022-08-10T01:36:00Z,25.61,0,LUX_858
2022-08-10T01:38:00Z,25.57,0,LUX_858
2022-08-10T01:40:00Z,25.61,0,LUX_858
2022-08-10T01:42:00Z,25.61,0,LUX_858
2022-08-10T01:44:00Z,25.61,0,LUX_858
2022-08-10T01:46:00Z,25.57,0,LUX_858
2022-08-10T01:48:00Z,25.57,0,LUX_858
2022-08-10T01:50:00Z,25.52,0,LUX_858
2022-08-10T01:52:00Z,25.57,0,LUX_858
2022-08-10T01:54:00Z,25.57,0,LUX_858
2022-08-10T01:56:00Z,25.57,0,LUX_858
2022-08-10T01:58:00Z,25.52,0,LUX_858
2022-08-10T02:00:00Z,25.52,0,LUX_858
2022-08-10T02:02:00Z,25.57,0,LUX_858
2022-08-10T02:04:00Z,25.57,0,LUX_858
2022-08-10T02:06:00Z,25.57,0,LUX_858
2022-08-10T02:08:00Z,25.48,0,LUX_858
2022-08-10T02:10:00Z,25.57,0,LUX_858
2022-08-10T02:12:00Z,25.52,0,LUX_858
2022-08-10T02:14:00Z,25.52,0,LUX_858
2022-08-10T02:16:00Z,25.57,0,LUX_858
2022-08-10T02:18:00Z,25.57,0,LUX_858
2022-08-10T02:20:00Z,25.57,0,LUX_858
2022-08-10T02:22:00Z,25.44,0,LUX_858
2022-08-10T02:24:00Z,25.48,0,LUX_858
2022-08-10T02:26:00Z,25.52,0,LUX_858
2022-08-10T02:28:00Z,25.57,0,LUX_858
2022-08-10T02:30:00Z,25.57,0,LUX_858
2022-08-10T02:32:00Z,25.52,0,LUX_858
2022-08-10T02:34:00Z,25.52,0,LUX_858
2022-08-10T02:36:00Z,25.52,0,LUX_858
2022-08-10T02:38:00Z,25.57,0,LUX_858
2022-08-10T02:40:00Z,25.48,0,LUX_858
2022-08-10T02:42:00Z,25.48,0,LUX_858
2022-08-10T02:44:00Z,25.52,0,LUX_858
2022-08-10T02:46:00Z,25.52,0,LUX_858
2022-08-10T02:48:00Z,25.44,0,LUX_858
2022-08-10T02:50:00Z,25.48,0,LUX_858
2022-08-10T02:52:00Z,25.48,0,LUX_858
2022-08-10T02:54:00Z,25.48,0,LUX_858
2022-08-10T02:56:00Z,25.48,0,LUX_858
2022-08-10T02:58:00Z,25.44,0,LUX_858
2022-08-10T03:00:00Z,25.44,0,LUX_858
2022-08-10T03:02:00Z,25.44,0,LUX_858
2022-08-10T03:04:00Z,25.39,0,LUX_858
2022-08-10T03:06:00Z,25.35,0,LUX_858
2022-08-10T03:08:00Z,25.35,0,LUX_858
2022-08-10T03:10:00Z,25.48,0,LUX_858
2022-08-10T03:12:00Z,25.39,0,LUX_858
2022-08-10T03:14:00Z,25.35,0,LUX_858
2022-08-10T03:16:00Z,25.35,0,LUX_858
2022-08-10T03:18:00Z,25.39,0,LUX_858
2022-08-10T03:20:00Z,25.35,0,LUX_858
2022-08-10T03:22:00Z,25.39,0,LUX_858
2022-08-10T03:24:00Z,25.39,0,LUX_858
2022-08-10T03:26:00Z,25.39,0,LUX_858
2022-08-10T03:28:00Z,25.44,0,LUX_858
2022-08-10T03:30:00Z,25.35,0,LUX_858
2022-08-10T03:32:00Z,25.44,0,LUX_858
2022-08-10T03:34:00Z,25.35,0,LUX_858
2022-08-10T03:36:00Z,25.35,0,LUX_858
2022-08-10T03:38:00Z,25.35,0,LUX_858
2022-08-10T03:40:00Z,25.35,0,LUX_858
2022-08-10T03:42:00Z,25.35,0,LUX_858
2022-08-10T03:44:00Z,25.35,0,LUX_858
2022-08-10T03:46:00Z,25.39,0,LUX_858
2022-08-10T03:48:00Z,25.39,0,LUX_858
2022-08-10T03:50:00Z,25.39,0,LUX_858
2022-08-10T03:52:00Z,25.35,0,LUX_858
2022-08-10T03:54:00Z,25.31,0,LUX_858
2022-08-10T03:56:00Z,25.39,0,LUX_858
2022-08-10T03:58:00Z,25.35,0,LUX_858
2022-08-10T04:00:00Z,25.35,0,LUX_858
2022-08-10T04:02:00Z,25.35,0,LUX_858
2022-08-10T04:04:00Z,25.31,0,LUX_858
2022-08-10T04:06:00Z,25.35,0,LUX_858
2022-08-10T04:08:00Z,25.35,0,LUX_858
2022-08-10T04:10:00Z,25.44,0,LUX_858
2022-08-10T04:12:00Z,25.44,0,LUX_858
2022-08-10T04:14:00Z,25.39,0,LUX_858
2022-08-10T04:16:00Z,25.39,0,LUX_858
2022-08-10T04:18:00Z,25.39,0,LUX_858
2022-08-10T04:20:00Z,25.35,0,LUX_858
2022-08-10T04:22:00Z,25.35,0,LUX_858
2022-08-10T04:24:00Z,25.35,0,LUX_858
2022-08-10T04:26:00Z,25.35,0,LUX_858
2022-08-10T04:28:00Z,25.35,0,LUX_858
2022-08-10T04:30:00Z,25.35,0,LUX_858
2022-08-10T04:32:00Z,25.44,0,LUX_858
2022-08-10T04:34:00Z,25.35,0,LUX_858
2022-08-10T04:36:00Z,25.44,0,LUX_858
2022-08-10T04:38:00Z,25.35,0,LUX_858
2022-08-10T04:40:00Z,25.39,0,LUX_858
2022-08-10T04:42:00Z,25.39,0,LUX_858
2022-08-10T04:44:00Z,25.31,0,LUX_858
2022-08-10T04:46:00Z,25.35,0,LUX_858
2022-08-10T04:48:00Z,25.31,0,LUX_858
2022-08-10T04:50:00Z,25.31,0,LUX_858
2022-08-10T04:52:00Z,25.35,0,LUX_858
2022-08-10T04:54:00Z,25.31,0,LUX_858
2022-08-10T04:56:00Z,25.31,0,LUX_858
2022-08-10T04:58:00Z,25.31,0,LUX_858
2022-08-10T05:00:00Z,25.27,0,LUX_858
2022-08-10T05:02:00Z,25.31,0,LUX_858
2022-08-10T05:04:00Z,25.31,0,LUX_858
2022-08-10T05:06:00Z,25.35,0,LUX_858
2022-08-10T05:08:00Z,25.35,0,LUX_858
2022-08-10T05:10:00Z,25.39,0,LUX_858
2022-08-10T05:12:00Z,25.39,0,LUX_858
2022-08-10T05:14:00Z,25.39,0,LUX_858
2022-08-10T05:16:00Z,25.39,0,LUX_858
2022-08-10T05:18:00Z,25.35,0,LUX_858
2022-08-10T05:20:00Z,25.31,0,LUX_858
2022-08-10T05:22:00Z,25.31,0,LUX_858
2022-08-10T05:24:00Z,25.35,0,LUX_858
2022-08-10T05:26:00Z,25.39,0,LUX_858
2022-08-10T05:28:00Z,25.35,0,LUX_858
2022-08-10T05:30:00Z,25.35,0,LUX_858
2022-08-10T05:32:00Z,25.35,0,LUX_858
2022-08-10T05:34:00Z,25.35,0,LUX_858
2022-08-10T05:36:00Z,25.35,0,LUX_858
2022-08-10T05:38:00Z,25.35,0,LUX_858
2022-08-10T05:40:00Z,25.35,0,LUX_858
2022-08-10T05:42:00Z,25.31,0,LUX_858
2022-08-10T05:44:00Z,25.35,0,LUX_858
2022-08-10T05:46:00Z,25.35,0,LUX_858
2022-08-10T05:48:00Z,25.35,0,LUX_858
2022-08-10T05:50:00Z,25.31,0,LUX_858
2022-08-10T05:52:00Z,25.35,0,LUX_858
2022-08-10T05:54:00Z,25.31,0,LUX_858
2022-08-10T05:56:00Z,25.27,0,LUX_858
2022-08-10T05:58:00Z,25.35,0,LUX_858
2022-08-10T06:00:00Z,25.35,0,LUX_858
2022-08-10T06:02:00Z,25.35,0,LUX_858
2022-08-10T06:04:00Z,25.31,0,LUX_858
2022-08-10T06:06:00Z,25.27,0,LUX_858
2022-08-10T06:08:00Z,25.31,0,LUX_858
2022-08-10T06:10:00Z,25.35,0,LUX_858
2022-08-10T06:12:00Z,25.31,0,LUX_858
2022-08-10T06:14:00Z,25.31,0,LUX_858
2022-08-10T06:16:00Z,25.35,0,LUX_858
2022-08-10T06:18:00Z,25.35,0,LUX_858
2022-08-10T06:20:00Z,25.31,0,LUX_858
2022-08-10T06:22:00Z,25.35,0,LUX_858
2022-08-10T06:24:00Z,25.35,0,LUX_858
2022-08-10T06:26:00Z,25.35,0,LUX_858
2022-08-10T06:28:00Z,25.35,0,LUX_858
2022-08-10T06:30:00Z,25.35,0,LUX_858
2022-08-10T06:32:00Z,25.39,0,LUX_858
2022-08-10T06:34:00Z,25.35,0,LUX_858
2022-08-10T06:36:00Z,25.31,0,LUX_858
2022-08-10T06:38:00Z,25.31,0,LUX_858
2022-08-10T06:40:00Z,25.35,0,LUX_858
2022-08-10T06:42:00Z,25.35,0,LUX_858
2022-08-10T06:44:00Z,25.31,0,LUX_858
2022-08-10T06:46:00Z,25.31,0,LUX_858
2022-08-10T06:48:00Z,25.35,0,LUX_858
2022-08-10T06:50:00Z,25.35,0,LUX_858
2022-08-10T06:52:00Z,25.35,0,LUX_858
2022-08-10T06:54:00Z,25.31,0,LUX_858
2022-08-10T06:56:00Z,25.39,0,LUX_858
2022-08-10T06:58:00Z,25.35,0,LUX_858
2022-08-10T07:00:00Z,25.35,0,LUX_858
2022-08-10T07:02:00Z,25.35,0,LUX_858
2022-08-10T07:04:00Z,25.31,0,LUX_858
2022-08-10T07:06:00Z,25.31,0,LUX_858
2022-08-10T07:08:00Z,25.31,0,LUX_858
2022-08-10T07:10:00Z,25.27,0,LUX_858
2022-08-10T07:12:00Z,25.31,0,LUX_858
2022-08-10T07:14:00Z,25.31,0,LUX_858
2022-08-10T07:16:00Z,25.27,0,LUX_858
2022-08-10T07:18:00Z,25.31,0,LUX_858
2022-08-10T07:20:00Z,25.35,0,LUX_858
2022-08-10T07:22:00Z,25.35,0,LUX_858
2022-08-10T07:24:00Z,25.31,0,LUX_858
2022-08-10T07:26:00Z,25.31,0,LUX_858
2022-08-10T07:28:00Z,25.31,0,LUX_858
2022-08-10T07:30:00Z,25.35,0,LUX_858
2022-08-10T07:32:00Z,25.31,0,LUX_858
2022-08-10T07:34:00Z,25.31,0,LUX_858
2022-08-10T07:36:00Z,25.31,0,LUX_858
2022-08-10T07:38:00Z,25.31,0,LUX_858
2022-08-10T07:40:00Z,25.35,0,LUX_858
2022-08-10T07:42:00Z,25.31,0,LUX_858
2022-08-10T07:44:00Z,25.35,0,LUX_858
2022-08-10T07:46:00Z,25.35,0,LUX_858
2022-08-10T07:48:00Z,25.35,0,LUX_858
2022-08-10T07:50:00Z,25.31,0,LUX_858
2022-08-10T07:52:00Z,25.31,0,LUX_858
2022-08-10T07:54:00Z,25.31,0,LUX_858
2022-08-10T07:56:00Z,25.31,0,LUX_858
2022-08-10T07:58:00Z,25.27,0,LUX_858
2022-08-10T08:00:00Z,25.27,0,LUX_858
2022-08-10T08:02:00Z,25.31,0,LUX_858
2022-08-10T08:04:00Z,25.31,0,LUX_858
2022-08-10T08:06:00Z,25.27,0,LUX_858
2022-08-10T08:08:00Z,25.27,0,LUX_858
2022-08-10T08:10:00Z,25.31,0,LUX_858
2022-08-10T08:12:00Z,25.27,0,LUX_858
2022-08-10T08:14:00Z,25.27,0,LUX_858
2022-08-10T08:16:00Z,25.27,0,LUX_858
2022-08-10T08:18:00Z,25.27,0,LUX_858
2022-08-10T08:20:00Z,25.27,0,LUX_858
2022-08-10T08:22:00Z,25.27,0,LUX_858
2022-08-10T08:24:00Z,25.27,0,LUX_858
2022-08-10T08:26:00Z,25.31,0,LUX_858
2022-08-10T08:28:00Z,25.27,0,LUX_858
2022-08-10T08:30:00Z,25.27,0,LUX_858
2022-08-10T08:32:00Z,25.31,0,LUX_858
2022-08-10T08:34:00Z,25.27,0,LUX_858
2022-08-10T08:36:00Z,25.27,0,LUX_858
2022-08-10T08:38:00Z,25.27,0,LUX_858
2022-08-10T08:40:00Z,25.27,0,LUX_858
2022-08-10T08:42:00Z,25.27,0,LUX_858
2022-08-10T08:44:00Z,25.27,0,LUX_858
2022-08-10T08:46:00Z,25.27,0,LUX_858
2022-08-10T08:48:00Z,25.27,0,LUX_858
2022-08-10T08:50:00Z,25.27,0,LUX_858
2022-08-10T08:52:00Z,25.27,0,LUX_858
2022-08-10T08:54:00Z,25.27,0,LUX_858
2022-08-10T08:56:00Z,25.27,0,LUX_858
2022-08-10T08:58:00Z,25.22,1,LUX_858
2022-08-10T09:00:00Z,25.22,2,LUX_858
2022-08-10T09:02:00Z,25.27,3,LUX_858
2022-08-10T09:04:00Z,25.22,5,LUX_858
2022-08-10T09:06:00Z,25.27,8,LUX_858
2022-08-10T09:08:00Z,25.31,14,LUX_858
2022-08-10T09:10:00Z,25.27,23,LUX_858
2022-08-10T09:12:00Z,25.22,35,LUX_858
2022-08-10T09:14:00Z,25.27,48,LUX_858
2022-08-10T09:16:00Z,25.27,62,LUX_858
2022-08-10T09:18:00Z,25.27,88,LUX_858
2022-08-10T09:20:00Z,25.27,128,LUX_858
2022-08-10T09:22:00Z,25.31,177,LUX_858
2022-08-10T09:24:00Z,25.27,247,LUX_858
2022-08-10T09:26:00Z,25.31,329,LUX_858
2022-08-10T09:28:00Z,25.31,434,LUX_858
2022-08-10T09:30:00Z,25.27,547,LUX_858
2022-08-10T09:32:00Z,25.31,675,LUX_858
2022-08-10T09:34:00Z,25.27,812,LUX_858
2022-08-10T09:36:00Z,25.31,972,LUX_858
2022-08-10T09:38:00Z,25.31,1149,LUX_858
2022-08-10T09:40:00Z,25.27,1318,LUX_858
2022-08-10T09:42:00Z,25.31,1465,LUX_858
2022-08-10T09:44:00Z,25.31,1628,LUX_858
2022-08-10T09:46:00Z,25.31,1745,LUX_858
2022-08-10T09:48:00Z,25.31,1895,LUX_858
2022-08-10T09:50:00Z,25.31,2012,LUX_858
2022-08-10T09:52:00Z,25.35,2100,LUX_858
2022-08-10T09:54:00Z,25.31,2153,LUX_858
2022-08-10T09:56:00Z,25.35,2162,LUX_858
2022-08-10T09:58:00Z,25.35,2223,LUX_858
2022-08-10T10:00:00Z,25.35,2289,LUX_858
2022-08-10T10:02:00Z,25.35,2307,LUX_858
2022-08-10T10:04:00Z,25.31,2312,LUX_858
2022-08-10T10:06:00Z,25.35,2340,LUX_858
2022-08-10T10:08:00Z,25.31,2321,LUX_858
2022-08-10T10:10:00Z,25.35,2428,LUX_858
2022-08-10T10:12:00Z,25.35,2620,LUX_858
2022-08-10T10:14:00Z,25.35,2903,LUX_858
2022-08-10T10:16:00Z,25.35,3203,LUX_858
2022-08-10T10:18:00Z,25.39,3466,LUX_858
2022-08-10T10:20:00Z,25.44,3649,LUX_858
2022-08-10T10:22:00Z,25.39,3988,LUX_858
2022-08-10T10:24:00Z,25.39,4451,LUX_858
2022-08-10T10:26:00Z,25.44,5015,LUX_858
2022-08-10T10:28:00Z,25.48,5530,LUX_858
2022-08-10T10:30:00Z,25.48,6001,LUX_858
2022-08-10T10:32:00Z,25.44,6610,LUX_858
2022-08-10T10:34:00Z,25.52,7130,LUX_858
2022-08-10T10:36:00Z,25.48,7757,LUX_858
2022-08-10T10:38:00Z,25.57,8387,LUX_858
2022-08-10T10:40:00Z,25.57,8901,LUX_858
2022-08-10T10:42:00Z,25.57,9544,LUX_858
2022-08-10T10:44:00Z,25.61,9884,LUX_858
2022-08-10T10:46:00Z,25.61,10406,LUX_858
2022-08-10T10:48:00Z,25.65,11049,LUX_858
2022-08-10T10:50:00Z,25.69,11182,LUX_858
2022-08-10T10:52:00Z,25.69,11540,LUX_858
2022-08-10T10:54:00Z,25.69,11889,LUX_858
2022-08-10T10:56:00Z,25.74,11878,LUX_858
2022-08-10T10:58:00Z,25.74,12549,LUX_858
2022-08-10T11:00:00Z,25.78,12641,LUX_858
2022-08-10T11:02:00Z,25.82,13230,LUX_858
2022-08-10T11:04:00Z,25.82,14218,LUX_858
2022-08-10T11:06:00Z,25.82,12564,LUX_858
2022-08-10T11:08:00Z,25.87,12636,LUX_858
2022-08-10T11:10:00Z,25.78,11802,LUX_858
2022-08-10T11:12:00Z,25.78,10778,LUX_858
2022-08-10T11:14:00Z,25.87,11576,LUX_858
2022-08-10T11:16:00Z,25.87,10757,LUX_858
2022-08-10T11:18:00Z,25.82,10468,LUX_858
2022-08-10T11:20:00Z,25.82,10138,LUX_858
2022-08-10T11:22:00Z,25.87,9940,LUX_858
2022-08-10T11:24:00Z,25.87,11090,LUX_858
2022-08-10T11:26:00Z,25.95,12995,LUX_858
2022-08-10T11:28:00Z,26.04,13844,LUX_858
2022-08-10T11:30:00Z,26.08,21381,LUX_858
2022-08-10T11:32:00Z,26.12,13194,LUX_858
2022-08-10T11:34:00Z,26.04,11049,LUX_858
2022-08-10T11:36:00Z,26.12,18514,LUX_858
2022-08-10T11:38:00Z,26.12,14484,LUX_858
2022-08-10T11:40:00Z,26.08,22211,LUX_858
2022-08-10T11:42:00Z,26.08,10491,LUX_858
2022-08-10T11:44:00Z,26.04,11039,LUX_858
2022-08-10T11:46:00Z,26.12,14776,LUX_858
2022-08-10T11:48:00Z,26.08,10885,LUX_858
2022-08-10T11:50:00Z,26.12,10371,LUX_858
2022-08-10T11:52:00Z,26.17,6999,LUX_858
2022-08-10T11:54:00Z,26.17,12918,LUX_858
2022-08-10T11:56:00Z,26.12,4896,LUX_858
2022-08-10T11:58:00Z,25.95,4673,LUX_858
2022-08-10T12:00:00Z,25.99,7468,LUX_858
2022-08-10T12:02:00Z,25.99,5496,LUX_858
2022-08-10T12:04:00Z,26.25,16461,LUX_858
2022-08-10T12:06:00Z,26.12,5993,LUX_858
2022-08-10T12:08:00Z,26.04,5220,LUX_858
2022-08-10T12:10:00Z,25.99,5274,LUX_858
2022-08-10T12:12:00Z,25.99,5524,LUX_858
2022-08-10T12:14:00Z,26.04,6272,LUX_858
2022-08-10T12:16:00Z,26.04,6152,LUX_858
2022-08-10T12:18:00Z,26.04,7511,LUX_858
2022-08-10T12:20:00Z,26.08,8571,LUX_858
2022-08-10T12:22:00Z,26.12,9741,LUX_858
2022-08-10T12:24:00Z,26.12,9684,LUX_858
2022-08-10T12:26:00Z,26.08,7468,LUX_858
2022-08-10T12:28:00Z,26.04,6684,LUX_858
2022-08-10T12:30:00Z,25.99,5286,LUX_858
2022-08-10T12:32:00Z,26.04,4980,LUX_858
2022-08-10T12:34:00Z,25.99,4920,LUX_858
2022-08-10T12:36:00Z,25.99,5268,LUX_858
2022-08-10T12:38:00Z,26.04,5509,LUX_858
2022-08-10T12:40:00Z,25.99,5722,LUX_858
2022-08-10T12:42:00Z,25.99,5965,LUX_858
2022-08-10T12:44:00Z,25.99,6909,LUX_858
2022-08-10T12:46:00Z,26.04,10427,LUX_858
2022-08-10T12:48:00Z,26.17,14612,LUX_858
2022-08-10T12:50:00Z,26.25,14915,LUX_858
2022-08-10T12:52:00Z,26.3,14049,LUX_858
2022-08-10T12:54:00Z,26.21,11469,LUX_858
2022-08-10T12:56:00Z,26.17,8804,LUX_858
2022-08-10T12:58:00Z,26.12,7439,LUX_858
2022-08-10T13:00:00Z,26.12,7532,LUX_858
2022-08-10T13:02:00Z,26.17,8366,LUX_858
2022-08-10T13:04:00Z,26.21,11034,LUX_858
2022-08-10T13:06:00Z,26.3,14986,LUX_858
2022-08-10T13:08:00Z,26.47,18570,LUX_858
2022-08-10T13:10:00Z,26.55,20029,LUX_858
2022-08-10T13:12:00Z,26.55,18580,LUX_858
2022-08-10T13:14:00Z,26.55,14490,LUX_858
2022-08-10T13:16:00Z,26.51,12063,LUX_858
2022-08-10T13:18:00Z,26.51,12467,LUX_858
2022-08-10T13:20:00Z,26.55,14705,LUX_858
2022-08-10T13:22:00Z,26.6,13496,LUX_858
2022-08-10T13:24:00Z,26.51,9126,LUX_858
2022-08-10T13:26:00Z,26.55,10271,LUX_858
2022-08-10T13:28:00Z,26.55,13286,LUX_858
2022-08-10T13:30:00Z,26.64,13614,LUX_858
2022-08-10T13:32:00Z,26.68,14264,LUX_858
2022-08-10T13:34:00Z,26.64,12078,LUX_858
2022-08-10T13:36:00Z,26.6,11684,LUX_858
2022-08-10T13:38:00Z,26.77,17469,LUX_858
2022-08-10T13:40:00Z,26.81,16036,LUX_858
2022-08-10T13:42:00Z,26.77,14684,LUX_858
2022-08-10T13:44:00Z,26.85,14694,LUX_858
2022-08-10T13:46:00Z,26.81,14433,LUX_858
2022-08-10T13:48:00Z,26.85,17961,LUX_858
2022-08-10T13:50:00Z,26.9,19348,LUX_858
2022-08-10T13:52:00Z,26.98,20132,LUX_858
2022-08-10T13:54:00Z,26.94,16154,LUX_858
2022-08-10T13:56:00Z,26.98,16881,LUX_858
2022-08-10T13:58:00Z,27.11,19645,LUX_858
2022-08-10T14:00:00Z,27.15,19180,LUX_858
2022-08-10T14:02:00Z,27.2,20813,LUX_858
2022-08-10T14:04:00Z,27.24,23183,LUX_858
2022-08-10T14:06:00Z,27.28,24986,LUX_858
2022-08-10T14:08:00Z,27.24,20972,LUX_858
2022-08-10T14:10:00Z,27.24,18396,LUX_858
2022-08-10T14:12:00Z,27.15,16573,LUX_858
2022-08-10T14:14:00Z,27.07,15119,LUX_858
2022-08-10T14:16:00Z,27.11,13460,LUX_858
2022-08-10T14:18:00Z,27.11,13343,LUX_858
2022-08-10T14:20:00Z,27.07,14188,LUX_858
2022-08-10T14:22:00Z,27.11,15027,LUX_858
2022-08-10T14:24:00Z,27.15,15058,LUX_858
2022-08-10T14:26:00Z,27.15,14802,LUX_858
2022-08-10T14:28:00Z,27.11,14413,LUX_858
2022-08-10T14:30:00Z,27.11,13087,LUX_858
2022-08-10T14:32:00Z,26.98,11648,LUX_858
2022-08-10T14:34:00Z,26.94,10250,LUX_858
2022-08-10T14:36:00Z,26.94,8612,LUX_858
2022-08-10T14:38:00Z,26.9,6702,LUX_858
2022-08-10T14:40:00Z,26.81,6712,LUX_858
2022-08-10T14:42:00Z,26.81,8343,LUX_858
2022-08-10T14:44:00Z,26.9,10299,LUX_858
2022-08-10T14:46:00Z,26.85,9142,LUX_858
2022-08-10T14:48:00Z,26.85,8901,LUX_858
2022-08-10T14:50:00Z,26.81,10030,LUX_858
2022-08-10T14:52:00Z,26.9,11612,LUX_858
2022-08-10T14:54:00Z,26.94,11950,LUX_858
2022-08-10T14:56:00Z,27.24,41196,LUX_858
2022-08-10T14:58:00Z,27.8,40100,LUX_858
2022-08-10T15:00:00Z,27.32,21801,LUX_858
2022-08-10T15:02:00Z,27.63,40335,LUX_858
2022-08-10T15:04:00Z,27.88,45056,LUX_858
2022-08-10T15:06:00Z,27.63,34222,LUX_858
2022-08-10T15:08:00Z,27.71,24453,LUX_858
2022-08-10T15:10:00Z,27.75,35144,LUX_858
2022-08-10T15:12:00Z,27.45,19835,LUX_858
2022-08-10T15:14:00Z,27.41,21432,LUX_858
2022-08-10T15:16:00Z,27.45,26532,LUX_858
2022-08-10T15:18:00Z,27.58,34990,LUX_858
2022-08-10T15:20:00Z,28.14,58245,LUX_858
2022-08-10T15:22:00Z,27.58,17393,LUX_858
2022-08-10T15:24:00Z,27.41,17321,LUX_858
2022-08-10T15:26:00Z,27.32,18903,LUX_858
2022-08-10T15:28:00Z,27.75,75366,LUX_858
2022-08-10T15:30:00Z,28.14,16886,LUX_858
2022-08-10T15:32:00Z,27.5,14039,LUX_858
2022-08-10T15:34:00Z,27.41,14669,LUX_858
2022-08-10T15:36:00Z,27.37,20070,LUX_858
2022-08-10T15:38:00Z,28.18,59331,LUX_858
2022-08-10T15:40:00Z,28.4,73953,LUX_858
2022-08-10T15:42:00Z,28.4,41892,LUX_858
2022-08-10T15:44:00Z,28.35,37417,LUX_858
2022-08-10T15:46:00Z,28.44,43745,LUX_858
2022-08-10T15:48:00Z,28.48,47821,LUX_858
2022-08-10T15:50:00Z,28.65,41677,LUX_858
2022-08-10T15:52:00Z,28.48,16737,LUX_858
2022-08-10T15:54:00Z,28.23,21361,LUX_858
2022-08-10T15:56:00Z,27.88,21371,LUX_858
2022-08-10T15:58:00Z,27.97,35123,LUX_858
2022-08-10T16:00:00Z,28.31,49336,LUX_858
2022-08-10T16:02:00Z,28.65,71946,LUX_858
2022-08-10T16:04:00Z,28.61,41789,LUX_858
2022-08-10T16:06:00Z,28.18,22057,LUX_858
2022-08-10T16:08:00Z,28.61,44155,LUX_858
2022-08-10T16:10:00Z,28.83,53391,LUX_858
2022-08-10T16:12:00Z,28.83,35379,LUX_858
2022-08-10T16:14:00Z,28.27,23480,LUX_858
2022-08-10T16:16:00Z,28.18,23521,LUX_858
2022-08-10T16:18:00Z,28.14,22661,LUX_858
2022-08-10T16:20:00Z,28.05,29348,LUX_858
2022-08-10T16:22:00Z,28.05,22088,LUX_858
2022-08-10T16:24:00Z,28.05,23439,LUX_858
2022-08-10T16:26:00Z,27.93,18427,LUX_858
2022-08-10T16:28:00Z,27.93,18744,LUX_858
2022-08-10T16:30:00Z,27.88,15580,LUX_858
2022-08-10T16:32:00Z,27.8,15375,LUX_858
2022-08-10T16:34:00Z,27.84,15785,LUX_858
2022-08-10T16:36:00Z,27.75,18038,LUX_858
2022-08-10T16:38:00Z,28.44,66232,LUX_858
2022-08-10T16:40:00Z,28.53,37827,LUX_858
2022-08-10T16:42:00Z,28.44,38093,LUX_858
2022-08-10T16:44:00Z,28.78,40028,LUX_858
2022-08-10T16:46:00Z,28.53,30433,LUX_858
2022-08-10T16:48:00Z,28.31,16210,LUX_858
2022-08-10T16:50:00Z,28.23,14275,LUX_858
2022-08-10T16:52:00Z,27.93,11208,LUX_858
2022-08-10T16:54:00Z,27.84,11796,LUX_858
2022-08-10T16:56:00Z,27.84,16389,LUX_858
2022-08-10T16:58:00Z,28.48,38083,LUX_858
2022-08-10T17:00:00Z,28.83,54784,LUX_858
2022-08-10T17:02:00Z,28.61,16753,LUX_858
2022-08-10T17:04:00Z,28.01,12175,LUX_858
2022-08-10T17:06:00Z,27.88,9736,LUX_858
2022-08-10T17:08:00Z,27.84,11049,LUX_858
2022-08-10T17:10:00Z,27.93,19302,LUX_858
2022-08-10T17:12:00Z,27.88,17843,LUX_858
2022-08-10T17:14:00Z,27.8,13809,LUX_858
2022-08-10T17:16:00Z,27.71,11540,LUX_858
2022-08-10T17:18:00Z,27.75,14172,LUX_858
2022-08-10T17:20:00Z,27.8,16123,LUX_858
2022-08-10T17:22:00Z,27.8,15918,LUX_858
2022-08-10T17:24:00Z,27.75,15242,LUX_858
2022-08-10T17:26:00Z,27.8,16737,LUX_858
2022-08-10T17:28:00Z,28.18,58819,LUX_858
2022-08-10T17:30:00Z,28.65,48865,LUX_858
2022-08-10T17:32:00Z,28.1,17075,LUX_858
2022-08-10T17:34:00Z,28.23,21821,LUX_858
2022-08-10T17:36:00Z,28.4,30802,LUX_858
2022-08-10T17:38:00Z,28.53,42086,LUX_858
2022-08-10T17:40:00Z,28.61,40827,LUX_858
2022-08-10T17:42:00Z,28.7,37796,LUX_858
2022-08-10T17:44:00Z,28.65,34222,LUX_858
2022-08-10T17:46:00Z,28.65,35328,LUX_858
2022-08-10T17:48:00Z,28.65,37212,LUX_858
2022-08-10T17:50:00Z,28.7,37724,LUX_858
2022-08-10T17:52:00Z,28.7,40632,LUX_858
2022-08-10T17:54:00Z,28.74,37949,LUX_858
2022-08-10T17:56:00Z,28.44,28692,LUX_858
2022-08-10T17:58:00Z,28.61,41830,LUX_858
2022-08-10T18:00:00Z,28.78,37540,LUX_858
2022-08-10T18:02:00Z,28.83,39035,LUX_858
2022-08-10T18:04:00Z,28.91,44052,LUX_858
2022-08-10T18:06:00Z,28.95,41155,LUX_858
2022-08-10T18:08:00Z,28.95,34191,LUX_858
2022-08-10T18:10:00Z,28.83,33710,LUX_858
2022-08-10T18:12:00Z,28.48,15437,LUX_858
2022-08-10T18:14:00Z,28.35,18898,LUX_858
2022-08-10T18:16:00Z,28.35,12621,LUX_858
2022-08-10T18:18:00Z,28.14,10967,LUX_858
2022-08-10T18:20:00Z,28.18,10680,LUX_858
2022-08-10T18:22:00Z,28.18,10900,LUX_858
2022-08-10T18:24:00Z,28.18,8338,LUX_858
2022-08-10T18:26:00Z,28.14,9219,LUX_858
2022-08-10T18:28:00Z,28.14,8676,LUX_858
2022-08-10T18:30:00Z,28.14,8082,LUX_858
2022-08-10T18:32:00Z,28.14,8330,LUX_858
2022-08-10T18:34:00Z,28.18,9856,LUX_858
2022-08-10T18:36:00Z,28.18,8351,LUX_858
2022-08-10T18:38:00Z,28.18,10117,LUX_858
2022-08-10T18:40:00Z,28.18,8323,LUX_858
2022-08-10T18:42:00Z,28.18,7475,LUX_858
2022-08-10T18:44:00Z,28.23,7235,LUX_858
2022-08-10T18:46:00Z,28.23,9050,LUX_858
2022-08-10T18:48:00Z,28.18,7406,LUX_858
2022-08-10T18:50:00Z,28.14,7596,LUX_858
2022-08-10T18:52:00Z,28.18,7447,LUX_858
2022-08-10T18:54:00Z,28.18,7025,LUX_858
2022-08-10T18:56:00Z,28.18,7194,LUX_858
2022-08-10T18:58:00Z,28.31,13793,LUX_858
2022-08-10T19:00:00Z,28.35,13440,LUX_858
2022-08-10T19:02:00Z,28.31,8338,LUX_858
2022-08-10T19:04:00Z,28.31,15119,LUX_858
2022-08-10T19:06:00Z,28.53,15877,LUX_858
2022-08-10T19:08:00Z,28.53,16788,LUX_858
2022-08-10T19:10:00Z,28.48,18278,LUX_858
2022-08-10T19:12:00Z,28.35,11356,LUX_858
2022-08-10T19:14:00Z,28.31,10371,LUX_858
2022-08-10T19:16:00Z,28.4,13901,LUX_858
2022-08-10T19:18:00Z,28.48,15063,LUX_858
2022-08-10T19:20:00Z,28.48,13158,LUX_858
2022-08-10T19:22:00Z,28.4,14285,LUX_858
2022-08-10T19:24:00Z,28.53,19446,LUX_858
2022-08-10T19:26:00Z,28.57,17142,LUX_858
2022-08-10T19:28:00Z,28.61,20337,LUX_858
2022-08-10T19:30:00Z,28.61,19425,LUX_858
2022-08-10T19:32:00Z,28.57,18458,LUX_858
2022-08-10T19:34:00Z,28.57,20311,LUX_858
2022-08-10T19:36:00Z,28.57,14684,LUX_858
2022-08-10T19:38:00Z,28.44,13911,LUX_858
2022-08-10T19:40:00Z,28.44,12421,LUX_858
2022-08-10T19:42:00Z,28.44,12974,LUX_858
2022-08-10T19:44:00Z,28.31,8852,LUX_858
2022-08-10T19:46:00Z,28.31,12196,LUX_858
2022-08-10T19:48:00Z,28.31,11730,LUX_858
2022-08-10T19:50:00Z,28.27,10371,LUX_858
2022-08-10T19:52:00Z,28.27,11505,LUX_858
2022-08-10T19:54:00Z,28.27,11049,LUX_858
2022-08-10T19:56:00Z,28.27,11689,LUX_858
2022-08-10T19:58:00Z,28.23,10455,LUX_858
2022-08-10T20:00:00Z,28.23,9395,LUX_858
2022-08-10T20:02:00Z,28.18,8563,LUX_858
2022-08-10T20:04:00Z,28.14,7539,LUX_858
2022-08-10T20:06:00Z,28.1,7040,LUX_858
2022-08-10T20:08:00Z,28.1,5939,LUX_858
2022-08-10T20:10:00Z,28.05,5604,LUX_858
2022-08-10T20:12:00Z,28.01,5888,LUX_858
2022-08-10T20:14:00Z,28.01,5376,LUX_858
2022-08-10T20:16:00Z,27.97,4535,LUX_858
2022-08-10T20:18:00Z,27.93,3924,LUX_858
2022-08-10T20:20:00Z,27.88,3498,LUX_858
2022-08-10T20:22:00Z,27.88,3105,LUX_858
2022-08-10T20:24:00Z,27.88,2730,LUX_858
2022-08-10T20:26:00Z,27.88,2390,LUX_858
2022-08-10T20:28:00Z,27.84,2019,LUX_858
2022-08-10T20:30:00Z,27.84,1773,LUX_858
2022-08-10T20:32:00Z,27.8,1476,LUX_858
2022-08-10T20:34:00Z,27.8,1302,LUX_858
2022-08-10T20:36:00Z,27.75,1101,LUX_858
2022-08-10T20:38:00Z,27.75,998,LUX_858
2022-08-10T20:40:00Z,27.71,835,LUX_858
2022-08-10T20:42:00Z,27.67,669,LUX_858
2022-08-10T20:44:00Z,27.67,535,LUX_858
2022-08-10T20:46:00Z,27.63,414,LUX_858
2022-08-10T20:48:00Z,27.58,311,LUX_858
2022-08-10T20:50:00Z,27.58,236,LUX_858
2022-08-10T20:52:00Z,27.58,170,LUX_858
2022-08-10T20:54:00Z,27.58,123,LUX_858
2022-08-10T20:56:00Z,27.54,89,LUX_858
2022-08-10T20:58:00Z,27.54,62,LUX_858
2022-08-10T21:00:00Z,27.58,41,LUX_858
2022-08-10T21:02:00Z,27.54,27,LUX_858
2022-08-10T21:04:00Z,27.5,17,LUX_858
2022-08-10T21:06:00Z,27.45,11,LUX_858
2022-08-10T21:08:00Z,27.45,7,LUX_858
2022-08-10T21:10:00Z,27.45,4,LUX_858
2022-08-10T21:12:00Z,27.5,2,LUX_858
2022-08-10T21:14:00Z,27.45,1,LUX_858
2022-08-10T21:16:00Z,27.45,1,LUX_858
2022-08-10T21:18:00Z,27.45,0,LUX_858
2022-08-10T21:20:00Z,27.5,0,LUX_858
2022-08-10T21:22:00Z,27.45,0,LUX_858
2022-08-10T21:24:00Z,27.45,0,LUX_858
2022-08-10T21:26:00Z,27.45,0,LUX_858
2022-08-10T21:28:00Z,27.41,0,LUX_858
2022-08-10T21:30:00Z,27.41,0,LUX_858
2022-08-10T21:32:00Z,27.37,0,LUX_858
2022-08-10T21:34:00Z,27.37,0,LUX_858
2022-08-10T21:36:00Z,27.32,0,LUX_858
2022-08-10T21:38:00Z,27.32,0,LUX_858
2022-08-10T21:40:00Z,27.37,0,LUX_858
2022-08-10T21:42:00Z,27.32,0,LUX_858
2022-08-10T21:44:00Z,27.37,0,LUX_858
2022-08-10T21:46:00Z,27.32,0,LUX_858
2022-08-10T21:48:00Z,27.32,0,LUX_858
2022-08-10T21:50:00Z,27.37,0,LUX_858
2022-08-10T21:52:00Z,27.28,0,LUX_858
2022-08-10T21:54:00Z,27.28,0,LUX_858
2022-08-10T21:56:00Z,27.24,0,LUX_858
2022-08-10T21:58:00Z,27.28,0,LUX_858
2022-08-10T22:00:00Z,27.28,0,LUX_858
2022-08-10T22:02:00Z,27.28,0,LUX_858
2022-08-10T22:04:00Z,27.24,0,LUX_858
2022-08-10T22:06:00Z,27.28,0,LUX_858
2022-08-10T22:08:00Z,27.24,0,LUX_858
2022-08-10T22:10:00Z,27.24,0,LUX_858
2022-08-10T22:12:00Z,27.28,0,LUX_858
2022-08-10T22:14:00Z,27.24,0,LUX_858
2022-08-10T22:16:00Z,27.24,0,LUX_858
2022-08-10T22:18:00Z,27.24,0,LUX_858
2022-08-10T22:20:00Z,27.24,0,LUX_858
2022-08-10T22:22:00Z,27.2,0,LUX_858
2022-08-10T22:24:00Z,27.2,0,LUX_858
2022-08-10T22:26:00Z,27.2,0,LUX_858
2022-08-10T22:28:00Z,27.2,0,LUX_858
2022-08-10T22:30:00Z,27.2,0,LUX_858
2022-08-10T22:32:00Z,27.15,0,LUX_858
2022-08-10T22:34:00Z,27.15,0,LUX_858
2022-08-10T22:36:00Z,27.15,0,LUX_858
2022-08-10T22:38:00Z,27.15,0,LUX_858
2022-08-10T22:40:00Z,27.2,0,LUX_858
2022-08-10T22:42:00Z,27.15,0,LUX_858
2022-08-10T22:44:00Z,27.15,0,LUX_858
2022-08-10T22:46:00Z,27.15,0,LUX_858
2022-08-10T22:48:00Z,27.11,0,LUX_858
2022-08-10T22:50:00Z,27.11,0,LUX_858
2022-08-10T22:52:00Z,27.07,0,LUX_858
2022-08-10T22:54:00Z,27.11,0,LUX_858
2022-08-10T22:56:00Z,27.15,0,LUX_858
2022-08-10T22:58:00Z,27.11,0,LUX_858
2022-08-10T23:00:00Z,27.11,0,LUX_858
2022-08-10T23:02:00Z,27.11,0,LUX_858
2022-08-10T23:04:00Z,27.07,0,LUX_858
2022-08-10T23:06:00Z,27.11,0,LUX_858
2022-08-10T23:08:00Z,27.11,0,LUX_858
2022-08-10T23:10:00Z,27.11,0,LUX_858
2022-08-10T23:12:00Z,27.07,0,LUX_858
2022-08-10T23:14:00Z,27.11,0,LUX_858
2022-08-10T23:16:00Z,27.07,0,LUX_858
2022-08-10T23:18:00Z,27.07,0,LUX_858
2022-08-10T23:20:00Z,27.07,0,LUX_858
2022-08-10T23:22:00Z,27.07,0,LUX_858
2022-08-10T23:24:00Z,27.07,0,LUX_858
2022-08-10T23:26:00Z,27.07,0,LUX_858
2022-08-10T23:28:00Z,27.07,0,LUX_858
2022-08-10T23:30:00Z,27.02,0,LUX_858
2022-08-10T23:32:00Z,27.02,0,LUX_858
2022-08-10T23:34:00Z,27.07,0,LUX_858
2022-08-10T23:36:00Z,27.02,0,LUX_858
2022-08-10T23:38:00Z,27.07,0,LUX_858
2022-08-10T23:40:00Z,27.02,0,LUX_858
2022-08-10T23:42:00Z,27.02,0,LUX_858
2022-08-10T23:44:00Z,27.02,0,LUX_858
2022-08-10T23:46:00Z,27.02,0,LUX_858
2022-08-10T23:48:00Z,27.02,0,LUX_858
2022-08-10T23:50:00Z,26.98,0,LUX_858
2022-08-10T23:52:00Z,26.98,0,LUX_858
2022-08-10T23:54:00Z,27.02,0,LUX_858
2022-08-10T23:56:00Z,26.98,0,LUX_858
2022-08-10T23:58:00Z,26.98,0,LUX_858
2022-08-11T00:00:00Z,26.98,0,LUX_858
2022-08-11T00:02:00Z,26.98,0,LUX_858
2022-08-11T00:04:00Z,26.94,0,LUX_858
2022-08-11T00:06:00Z,26.94,0,LUX_858
2022-08-11T00:08:00Z,26.9,0,LUX_858
2022-08-11T00:10:00Z,26.94,0,LUX_858
2022-08-11T00:12:00Z,26.9,0,LUX_858
2022-08-11T00:14:00Z,26.94,0,LUX_858
2022-08-11T00:16:00Z,26.9,0,LUX_858
2022-08-11T00:18:00Z,26.94,0,LUX_858
2022-08-11T00:20:00Z,26.9,0,LUX_858
2022-08-11T00:22:00Z,26.9,0,LUX_858
2022-08-11T00:24:00Z,26.85,0,LUX_858
2022-08-11T00:26:00Z,26.85,0,LUX_858
2022-08-11T00:28:00Z,26.9,0,LUX_858
2022-08-11T00:30:00Z,26.85,0,LUX_858
2022-08-11T00:32:00Z,26.85,0,LUX_858
2022-08-11T00:34:00Z,26.9,0,LUX_858
2022-08-11T00:36:00Z,26.9,0,LUX_858
2022-08-11T00:38:00Z,26.85,0,LUX_858
2022-08-11T00:40:00Z,26.85,0,LUX_858
2022-08-11T00:42:00Z,26.85,0,LUX_858
2022-08-11T00:44:00Z,26.85,0,LUX_858
2022-08-11T00:46:00Z,26.81,0,LUX_858
2022-08-11T00:48:00Z,26.77,0,LUX_858
2022-08-11T00:50:00Z,26.77,0,LUX_858
2022-08-11T00:52:00Z,26.81,0,LUX_858
2022-08-11T00:54:00Z,26.72,0,LUX_858
2022-08-11T00:56:00Z,26.77,0,LUX_858
2022-08-11T00:58:00Z,26.77,0,LUX_858
2022-08-11T01:00:00Z,26.77,0,LUX_858
2022-08-11T01:02:00Z,26.77,0,LUX_858
2022-08-11T01:04:00Z,26.81,0,LUX_858
2022-08-11T01:06:00Z,26.72,0,LUX_858
2022-08-11T01:08:00Z,26.72,0,LUX_858
2022-08-11T01:10:00Z,26.68,0,LUX_858
2022-08-11T01:12:00Z,26.72,0,LUX_858
2022-08-11T01:14:00Z,26.72,0,LUX_858
2022-08-11T01:16:00Z,26.72,0,LUX_858
2022-08-11T01:18:00Z,26.68,0,LUX_858
2022-08-11T01:20:00Z,26.68,0,LUX_858
2022-08-11T01:22:00Z,26.68,0,LUX_858
2022-08-11T01:24:00Z,26.64,0,LUX_858
2022-08-11T01:26:00Z,26.64,0,LUX_858
2022-08-11T01:28:00Z,26.64,0,LUX_858
2022-08-11T01:30:00Z,26.64,0,LUX_858
2022-08-11T01:32:00Z,26.64,0,LUX_858
2022-08-11T01:34:00Z,26.64,0,LUX_858
2022-08-11T01:36:00Z,26.64,0,LUX_858
2022-08-11T01:38:00Z,26.64,0,LUX_858
2022-08-11T01:40:00Z,26.64,0,LUX_858
2022-08-11T01:42:00Z,26.6,0,LUX_858
2022-08-11T01:44:00Z,26.68,0,LUX_858
2022-08-11T01:46:00Z,26.68,0,LUX_858
2022-08-11T01:48:00Z,26.6,0,LUX_858
2022-08-11T01:50:00Z,26.64,0,LUX_858
2022-08-11T01:52:00Z,26.64,0,LUX_858
2022-08-11T01:54:00Z,26.64,0,LUX_858
2022-08-11T01:56:00Z,26.64,0,LUX_858
2022-08-11T01:58:00Z,26.68,0,LUX_858
2022-08-11T02:00:00Z,26.6,0,LUX_858
2022-08-11T02:02:00Z,26.64,0,LUX_858
2022-08-11T02:04:00Z,26.64,0,LUX_858
2022-08-11T02:06:00Z,26.64,0,LUX_858
2022-08-11T02:08:00Z,26.64,0,LUX_858
2022-08-11T02:10:00Z,26.64,0,LUX_858
2022-08-11T02:12:00Z,26.64,0,LUX_858
2022-08-11T02:14:00Z,26.64,0,LUX_858
2022-08-11T02:16:00Z,26.64,0,LUX_858
2022-08-11T02:18:00Z,26.64,0,LUX_858
2022-08-11T02:20:00Z,26.68,0,LUX_858
2022-08-11T02:22:00Z,26.64,0,LUX_858
2022-08-11T02:24:00Z,26.6,0,LUX_858
2022-08-11T02:26:00Z,26.64,0,LUX_858
2022-08-11T02:28:00Z,26.68,0,LUX_858
2022-08-11T02:30:00Z,26.64,0,LUX_858
2022-08-11T02:32:00Z,26.64,0,LUX_858
2022-08-11T02:34:00Z,26.6,0,LUX_858
2022-08-11T02:36:00Z,26.64,0,LUX_858
2022-08-11T02:38:00Z,26.64,0,LUX_858
2022-08-11T02:40:00Z,26.6,0,LUX_858
2022-08-11T02:42:00Z,26.6,0,LUX_858
2022-08-11T02:44:00Z,26.6,0,LUX_858
2022-08-11T02:46:00Z,26.55,0,LUX_858
2022-08-11T02:48:00Z,26.55,0,LUX_858
2022-08-11T02:50:00Z,26.6,0,LUX_858
2022-08-11T02:52:00Z,26.6,0,LUX_858
2022-08-11T02:54:00Z,26.6,0,LUX_858
2022-08-11T02:56:00Z,26.55,0,LUX_858
2022-08-11T02:58:00Z,26.55,0,LUX_858
2022-08-11T03:00:00Z,26.55,0,LUX_858
2022-08-11T03:02:00Z,26.55,0,LUX_858
2022-08-11T03:04:00Z,26.55,0,LUX_858
2022-08-11T03:06:00Z,26.6,0,LUX_858
2022-08-11T03:08:00Z,26.6,0,LUX_858
2022-08-11T03:10:00Z,26.6,0,LUX_858
2022-08-11T03:12:00Z,26.6,0,LUX_858
2022-08-11T03:14:00Z,26.6,0,LUX_858
2022-08-11T03:16:00Z,26.55,0,LUX_858
2022-08-11T03:18:00Z,26.6,0,LUX_858
2022-08-11T03:20:00Z,26.55,0,LUX_858
2022-08-11T03:22:00Z,26.55,0,LUX_858
2022-08-11T03:24:00Z,26.55,0,LUX_858
2022-08-11T03:26:00Z,26.51,0,LUX_858
2022-08-11T03:28:00Z,26.55,0,LUX_858
2022-08-11T03:30:00Z,26.55,0,LUX_858
2022-08-11T03:32:00Z,26.55,0,LUX_858
2022-08-11T03:34:00Z,26.51,0,LUX_858
2022-08-11T03:36:00Z,26.51,0,LUX_858
2022-08-11T03:38:00Z,26.51,0,LUX_858
2022-08-11T03:40:00Z,26.47,0,LUX_858
2022-08-11T03:42:00Z,26.47,0,LUX_858
2022-08-11T03:44:00Z,26.51,0,LUX_858
2022-08-11T03:46:00Z,26.51,0,LUX_858
2022-08-11T03:48:00Z,26.51,0,LUX_858
2022-08-11T03:50:00Z,26.51,0,LUX_858
2022-08-11T03:52:00Z,26.42,0,LUX_858
2022-08-11T03:54:00Z,26.47,0,LUX_858
2022-08-11T03:56:00Z,26.47,0,LUX_858
2022-08-11T03:58:00Z,26.47,0,LUX_858
2022-08-11T04:00:00Z,26.42,0,LUX_858
2022-08-11T04:02:00Z,26.42,0,LUX_858
2022-08-11T04:04:00Z,26.42,0,LUX_858
2022-08-11T04:06:00Z,26.38,0,LUX_858
2022-08-11T04:08:00Z,26.38,0,LUX_858
2022-08-11T04:10:00Z,26.38,0,LUX_858
2022-08-11T04:12:00Z,26.42,0,LUX_858
2022-08-11T04:14:00Z,26.38,0,LUX_858
2022-08-11T04:16:00Z,26.42,0,LUX_858
2022-08-11T04:18:00Z,26.42,0,LUX_858
2022-08-11T04:20:00Z,26.42,0,LUX_858
2022-08-11T04:22:00Z,26.42,0,LUX_858
2022-08-11T04:24:00Z,26.38,0,LUX_858
2022-08-11T04:26:00Z,26.38,0,LUX_858
2022-08-11T04:28:00Z,26.38,0,LUX_858
2022-08-11T04:30:00Z,26.38,0,LUX_858
2022-08-11T04:32:00Z,26.34,0,LUX_858
2022-08-11T04:34:00Z,26.38,0,LUX_858
2022-08-11T04:36:00Z,26.38,0,LUX_858
2022-08-11T04:38:00Z,26.3,0,LUX_858
2022-08-11T04:40:00Z,26.34,0,LUX_858
2022-08-11T04:42:00Z,26.34,0,LUX_858
2022-08-11T04:44:00Z,26.34,0,LUX_858
2022-08-11T04:46:00Z,26.34,0,LUX_858
2022-08-11T04:48:00Z,26.34,0,LUX_858
2022-08-11T04:50:00Z,26.3,0,LUX_858
2022-08-11T04:52:00Z,26.25,0,LUX_858
2022-08-11T04:54:00Z,26.3,0,LUX_858
2022-08-11T04:56:00Z,26.3,0,LUX_858
2022-08-11T04:58:00Z,26.34,0,LUX_858
2022-08-11T05:00:00Z,26.34,0,LUX_858
2022-08-11T05:02:00Z,26.25,0,LUX_858
2022-08-11T05:04:00Z,26.34,0,LUX_858
2022-08-11T05:06:00Z,26.34,0,LUX_858
2022-08-11T05:08:00Z,26.3,0,LUX_858
2022-08-11T05:10:00Z,26.3,0,LUX_858
2022-08-11T05:12:00Z,26.3,0,LUX_858
2022-08-11T05:14:00Z,26.3,0,LUX_858
2022-08-11T05:16:00Z,26.25,0,LUX_858
2022-08-11T05:18:00Z,26.25,0,LUX_858
2022-08-11T05:20:00Z,26.25,0,LUX_858
2022-08-11T05:22:00Z,26.25,0,LUX_858
2022-08-11T05:24:00Z,26.21,0,LUX_858
2022-08-11T05:26:00Z,26.21,0,LUX_858
2022-08-11T05:28:00Z,26.21,0,LUX_858
2022-08-11T05:30:00Z,26.21,0,LUX_858
2022-08-11T05:32:00Z,26.25,0,LUX_858
2022-08-11T05:34:00Z,26.25,0,LUX_858
2022-08-11T05:36:00Z,26.25,0,LUX_858
2022-08-11T05:38:00Z,26.25,0,LUX_858
2022-08-11T05:40:00Z,26.21,0,LUX_858
2022-08-11T05:42:00Z,26.21,0,LUX_858
2022-08-11T05:44:00Z,26.17,0,LUX_858
2022-08-11T05:46:00Z,26.17,0,LUX_858
2022-08-11T05:48:00Z,26.17,0,LUX_858
2022-08-11T05:50:00Z,26.21,0,LUX_858
2022-08-11T05:52:00Z,26.17,0,LUX_858
2022-08-11T05:54:00Z,26.21,0,LUX_858
2022-08-11T05:56:00Z,26.21,0,LUX_858
2022-08-11T05:58:00Z,26.21,0,LUX_858
2022-08-11T06:00:00Z,26.21,0,LUX_858
2022-08-11T06:02:00Z,26.21,0,LUX_858
2022-08-11T06:04:00Z,26.21,0,LUX_858
2022-08-11T06:06:00Z,26.21,0,LUX_858
2022-08-11T06:08:00Z,26.21,0,LUX_858
2022-08-11T06:10:00Z,26.21,0,LUX_858
2022-08-11T06:12:00Z,26.17,0,LUX_858
2022-08-11T06:14:00Z,26.25,0,LUX_858
2022-08-11T06:16:00Z,26.17,0,LUX_858
2022-08-11T06:18:00Z,26.17,0,LUX_858
2022-08-11T06:20:00Z,26.17,0,LUX_858
2022-08-11T06:22:00Z,26.21,0,LUX_858
2022-08-11T06:24:00Z,26.21,0,LUX_858
2022-08-11T06:26:00Z,26.12,0,LUX_858
2022-08-11T06:28:00Z,26.12,0,LUX_858
2022-08-11T06:30:00Z,26.12,0,LUX_858
2022-08-11T06:32:00Z,26.08,0,LUX_858
2022-08-11T06:34:00Z,26.08,0,LUX_858
2022-08-11T06:36:00Z,26.08,0,LUX_858
2022-08-11T06:38:00Z,26.12,0,LUX_858
2022-08-11T06:40:00Z,26.04,0,LUX_858
2022-08-11T06:42:00Z,26.08,0,LUX_858
2022-08-11T06:44:00Z,26.12,0,LUX_858
2022-08-11T06:46:00Z,26.04,0,LUX_858
2022-08-11T06:48:00Z,26.04,0,LUX_858
2022-08-11T06:50:00Z,26.04,0,LUX_858
2022-08-11T06:52:00Z,26.04,0,LUX_858
2022-08-11T06:54:00Z,26.08,0,LUX_858
2022-08-11T06:56:00Z,25.99,0,LUX_858
2022-08-11T06:58:00Z,26.04,0,LUX_858
2022-08-11T07:00:00Z,26.04,0,LUX_858
2022-08-11T07:02:00Z,26.04,0,LUX_858
2022-08-11T07:04:00Z,25.99,0,LUX_858
2022-08-11T07:06:00Z,26.04,0,LUX_858
2022-08-11T07:08:00Z,25.99,0,LUX_858
2022-08-11T07:10:00Z,26.04,0,LUX_858
2022-08-11T07:12:00Z,25.99,0,LUX_858
2022-08-11T07:14:00Z,25.99,0,LUX_858
2022-08-11T07:16:00Z,25.99,0,LUX_858
2022-08-11T07:18:00Z,25.99,0,LUX_858
2022-08-11T07:20:00Z,25.99,0,LUX_858
2022-08-11T07:22:00Z,25.99,0,LUX_858
2022-08-11T07:24:00Z,25.95,0,LUX_858
2022-08-11T07:26:00Z,25.91,0,LUX_858
2022-08-11T07:28:00Z,25.95,0,LUX_858
2022-08-11T07:30:00Z,25.91,0,LUX_858
2022-08-11T07:32:00Z,25.91,0,LUX_858
2022-08-11T07:34:00Z,25.91,0,LUX_858
2022-08-11T07:36:00Z,25.91,0,LUX_858
2022-08-11T07:38:00Z,25.91,0,LUX_858
2022-08-11T07:40:00Z,25.91,0,LUX_858
2022-08-11T07:42:00Z,25.91,0,LUX_858
2022-08-11T07:44:00Z,25.95,0,LUX_858
2022-08-11T07:46:00Z,25.91,0,LUX_858
2022-08-11T07:48:00Z,25.91,0,LUX_858
2022-08-11T07:50:00Z,25.87,0,LUX_858
2022-08-11T07:52:00Z,25.87,0,LUX_858
2022-08-11T07:54:00Z,25.95,0,LUX_858
2022-08-11T07:56:00Z,25.91,0,LUX_858
2022-08-11T07:58:00Z,25.95,0,LUX_858
2022-08-11T08:00:00Z,25.95,0,LUX_858
2022-08-11T08:02:00Z,25.91,0,LUX_858
2022-08-11T08:04:00Z,25.87,0,LUX_858
2022-08-11T08:06:00Z,25.91,0,LUX_858
2022-08-11T08:08:00Z,25.87,0,LUX_858
2022-08-11T08:10:00Z,25.87,0,LUX_858
2022-08-11T08:12:00Z,25.87,0,LUX_858
2022-08-11T08:14:00Z,25.95,0,LUX_858
2022-08-11T08:16:00Z,25.91,0,LUX_858
2022-08-11T08:18:00Z,25.87,0,LUX_858
2022-08-11T08:20:00Z,25.87,0,LUX_858
2022-08-11T08:22:00Z,25.87,0,LUX_858
2022-08-11T08:24:00Z,25.87,0,LUX_858
2022-08-11T08:26:00Z,25.87,0,LUX_858
2022-08-11T08:28:00Z,25.91,0,LUX_858
2022-08-11T08:30:00Z,25.87,0,LUX_858
2022-08-11T08:32:00Z,25.82,0,LUX_858
2022-08-11T08:34:00Z,25.78,0,LUX_858
2022-08-11T08:36:00Z,25.82,0,LUX_858
2022-08-11T08:38:00Z,25.87,0,LUX_858
2022-08-11T08:40:00Z,25.87,0,LUX_858
2022-08-11T08:42:00Z,25.87,0,LUX_858
2022-08-11T08:44:00Z,25.87,0,LUX_858
2022-08-11T08:46:00Z,25.82,0,LUX_858
2022-08-11T08:48:00Z,25.82,0,LUX_858
2022-08-11T08:50:00Z,25.69,0,LUX_858
2022-08-11T08:52:00Z,25.74,0,LUX_858
2022-08-11T08:54:00Z,25.74,0,LUX_858
2022-08-11T08:56:00Z,25.78,0,LUX_858
2022-08-11T08:58:00Z,25.74,1,LUX_858
2022-08-11T09:00:00Z,25.74,2,LUX_858
2022-08-11T09:02:00Z,25.69,3,LUX_858
2022-08-11T09:04:00Z,25.69,6,LUX_858
2022-08-11T09:06:00Z,25.74,9,LUX_858
2022-08-11T09:08:00Z,25.69,15,LUX_858
2022-08-11T09:10:00Z,25.69,22,LUX_858
2022-08-11T09:12:00Z,25.69,33,LUX_858
2022-08-11T09:14:00Z,25.69,44,LUX_858
2022-08-11T09:16:00Z,25.74,62,LUX_858
2022-08-11T09:18:00Z,25.74,85,LUX_858
2022-08-11T09:20:00Z,25.74,115,LUX_858
2022-08-11T09:22:00Z,25.74,148,LUX_858
2022-08-11T09:24:00Z,25.74,192,LUX_858
2022-08-11T09:26:00Z,25.69,245,LUX_858
2022-08-11T09:28:00Z,25.69,294,LUX_858
2022-08-11T09:30:00Z,25.74,350,LUX_858
2022-08-11T09:32:00Z,25.74,404,LUX_858
2022-08-11T09:34:00Z,25.74,458,LUX_858
2022-08-11T09:36:00Z,25.74,511,LUX_858
2022-08-11T09:38:00Z,25.74,552,LUX_858
2022-08-11T09:40:00Z,25.74,604,LUX_858
2022-08-11T09:42:00Z,25.78,656,LUX_858
2022-08-11T09:44:00Z,25.78,708,LUX_858
2022-08-11T09:46:00Z,25.74,761,LUX_858
2022-08-11T09:48:00Z,25.78,803,LUX_858
2022-08-11T09:50:00Z,25.78,882,LUX_858
2022-08-11T09:52:00Z,25.78,974,LUX_858
2022-08-11T09:54:00Z,25.82,1011,LUX_858
2022-08-11T09:56:00Z,25.78,1053,LUX_858
2022-08-11T09:58:00Z,25.82,1101,LUX_858
2022-08-11T10:00:00Z,25.82,1159,LUX_858
2022-08-11T10:02:00Z,25.82,1203,LUX_858
2022-08-11T10:04:00Z,25.82,1257,LUX_858
2022-08-11T10:06:00Z,25.87,1349,LUX_858
2022-08-11T10:08:00Z,25.82,1402,LUX_858
2022-08-11T10:10:00Z,25.87,1352,LUX_858
2022-08-11T10:12:00Z,25.87,1389,LUX_858
2022-08-11T10:14:00Z,25.82,1421,LUX_858
2022-08-11T10:16:00Z,25.82,1494,LUX_858
2022-08-11T10:18:00Z,25.87,1570,LUX_858
2022-08-11T10:20:00Z,25.82,1661,LUX_858
2022-08-11T10:22:00Z,25.87,1678,LUX_858
2022-08-11T10:24:00Z,25.87,1729,LUX_858
2022-08-11T10:26:00Z,25.82,1812,LUX_858
2022-08-11T10:28:00Z,25.91,1887,LUX_858
2022-08-11T10:30:00Z,25.87,2006,LUX_858
2022-08-11T10:32:00Z,25.87,2083,LUX_858
2022-08-11T10:34:00Z,25.91,2275,LUX_858
2022-08-11T10:36:00Z,25.82,2287,LUX_858
2022-08-11T10:38:00Z,25.87,2208,LUX_858
2022-08-11T10:40:00Z,25.87,2370,LUX_858
2022-08-11T10:42:00Z,25.87,2550,LUX_858
2022-08-11T10:44:00Z,25.91,2725,LUX_858
2022-08-11T10:46:00Z,25.91,2488,LUX_858
2022-08-11T10:48:00Z,25.87,2711,LUX_858
2022-08-11T10:50:00Z,25.95,3862,LUX_858
2022-08-11T10:52:00Z,25.95,2552,LUX_858
2022-08-11T10:54:00Z,25.91,2425,LUX_858
2022-08-11T10:56:00Z,25.91,2847,LUX_858
2022-08-11T10:58:00Z,25.95,2460,LUX_858
2022-08-11T11:00:00Z,25.91,2708,LUX_858
2022-08-11T11:02:00Z,25.95,2559,LUX_858
2022-08-11T11:04:00Z,25.87,2811,LUX_858
2022-08-11T11:06:00Z,25.91,3072,LUX_858
2022-08-11T11:08:00Z,25.95,3444,LUX_858
2022-08-11T11:10:00Z,25.91,2848,LUX_858
2022-08-11T11:12:00Z,25.91,2918,LUX_858
2022-08-11T11:14:00Z,25.99,4310,LUX_858
2022-08-11T11:16:00Z,25.99,2871,LUX_858
2022-08-11T11:18:00Z,25.95,2847,LUX_858
2022-08-11T11:20:00Z,25.95,2788,LUX_858
2022-08-11T11:22:00Z,25.99,4067,LUX_858
2022-08-11T11:24:00Z,25.95,3040,LUX_858
2022-08-11T11:26:00Z,25.99,5125,LUX_858
2022-08-11T11:28:00Z,26.08,5037,LUX_858
2022-08-11T11:30:00Z,26.08,4991,LUX_858
2022-08-11T11:32:00Z,26.17,5768,LUX_858
2022-08-11T11:34:00Z,26.12,5266,LUX_858
2022-08-11T11:36:00Z,26.21,5880,LUX_858
2022-08-11T11:38:00Z,26.25,6541,LUX_858
2022-08-11T11:40:00Z,26.3,7511,LUX_858
2022-08-11T11:42:00Z,26.3,6784,LUX_858
2022-08-11T11:44:00Z,26.17,3393,LUX_858
2022-08-11T11:46:00Z,26.12,3217,LUX_858
2022-08-11T11:48:00Z,26.17,6415,LUX_858
2022-08-11T11:50:00Z,26.34,9805,LUX_858
2022-08-11T11:52:00Z,26.42,8724,LUX_858
2022-08-11T11:54:00Z,26.47,6628,LUX_858
2022-08-11T11:56:00Z,26.6,10243,LUX_858
2022-08-11T11:58:00Z,26.55,6085,LUX_858
2022-08-11T12:00:00Z,26.38,5955,LUX_858
2022-08-11T12:02:00Z,26.42,4818,LUX_858
2022-08-11T12:04:00Z,26.42,5330,LUX_858
2022-08-11T12:06:00Z,26.42,5047,LUX_858
2022-08-11T12:08:00Z,26.38,3950,LUX_858
2022-08-11T12:10:00Z,26.38,3072,LUX_858
2022-08-11T12:12:00Z,26.38,3410,LUX_858
2022-08-11T12:14:00Z,26.42,3512,LUX_858
2022-08-11T12:16:00Z,26.42,3155,LUX_858
2022-08-11T12:18:00Z,26.47,3104,LUX_858
2022-08-11T12:20:00Z,26.47,3247,LUX_858
2022-08-11T12:22:00Z,26.51,3756,LUX_858
2022-08-11T12:24:00Z,26.55,4370,LUX_858
2022-08-11T12:26:00Z,26.55,3071,LUX_858
2022-08-11T12:28:00Z,26.51,3640,LUX_858
2022-08-11T12:30:00Z,26.55,3314,LUX_858
2022-08-11T12:32:00Z,26.51,5051,LUX_858
2022-08-11T12:34:00Z,26.64,4539,LUX_858
2022-08-11T12:36:00Z,26.51,2931,LUX_858
2022-08-11T12:38:00Z,26.55,2529,LUX_858
2022-08-11T12:40:00Z,26.55,2652,LUX_858
2022-08-11T12:42:00Z,26.6,2264,LUX_858
2022-08-11T12:44:00Z,26.64,2360,LUX_858
2022-08-11T12:46:00Z,26.6,2409,LUX_858
2022-08-11T12:48:00Z,26.68,2220,LUX_858
2022-08-11T12:50:00Z,26.72,2220,LUX_858
2022-08-11T12:52:00Z,26.72,2497,LUX_858
2022-08-11T12:54:00Z,26.77,2308,LUX_858
2022-08-11T12:56:00Z,26.81,2239,LUX_858
2022-08-11T12:58:00Z,26.81,2269,LUX_858
2022-08-11T13:00:00Z,26.85,2225,LUX_858
2022-08-11T13:02:00Z,26.94,2828,LUX_858
2022-08-11T13:04:00Z,26.94,2852,LUX_858
2022-08-11T13:06:00Z,26.94,2875,LUX_858
2022-08-11T13:08:00Z,27.02,2598,LUX_858
2022-08-11T13:10:00Z,27.02,3043,LUX_858
2022-08-11T13:12:00Z,27.02,2781,LUX_858
2022-08-11T13:14:00Z,27.07,2721,LUX_858
2022-08-11T13:16:00Z,27.11,2839,LUX_858
2022-08-11T13:18:00Z,27.11,2853,LUX_858
2022-08-11T13:20:00Z,27.11,2796,LUX_858
2022-08-11T13:22:00Z,27.07,2774,LUX_858
2022-08-11T13:24:00Z,27.15,2871,LUX_858
2022-08-11T13:26:00Z,27.2,2778,LUX_858
2022-08-11T13:28:00Z,27.2,3081,LUX_858
2022-08-11T13:30:00Z,27.24,3473,LUX_858
2022-08-11T13:32:00Z,27.28,3160,LUX_858
2022-08-11T13:34:00Z,27.32,4035,LUX_858
2022-08-11T13:36:00Z,27.32,5027,LUX_858
2022-08-11T13:38:00Z,27.41,4765,LUX_858
2022-08-11T13:40:00Z,27.5,5178,LUX_858
2022-08-11T13:42:00Z,27.5,5238,LUX_858
2022-08-11T13:44:00Z,27.54,6021,LUX_858
2022-08-11T13:46:00Z,27.45,4172,LUX_858
2022-08-11T13:48:00Z,27.58,4447,LUX_858
2022-08-11T13:50:00Z,27.58,4730,LUX_858
2022-08-11T13:52:00Z,27.63,4376,LUX_858
2022-08-11T13:54:00Z,27.71,5965,LUX_858
2022-08-11T13:56:00Z,27.88,13230,LUX_858
2022-08-11T13:58:00Z,28.01,14126,LUX_858
2022-08-11T14:00:00Z,28.01,7736,LUX_858
2022-08-11T14:02:00Z,28.05,4193,LUX_858
2022-08-11T14:04:00Z,28.35,20593,LUX_858
2022-08-11T14:06:00Z,28.4,13875,LUX_858
2022-08-11T14:08:00Z,28.48,20444,LUX_858
2022-08-11T14:10:00Z,28.57,18253,LUX_858
2022-08-11T14:12:00Z,28.61,24914,LUX_858
2022-08-11T14:14:00Z,28.7,21729,LUX_858
2022-08-11T14:16:00Z,28.7,21637,LUX_858
2022-08-11T14:18:00Z,28.7,20470,LUX_858
2022-08-11T14:20:00Z,28.74,8717,LUX_858
2022-08-11T14:22:00Z,28.65,17700,LUX_858
2022-08-11T14:24:00Z,28.78,27412,LUX_858
2022-08-11T14:26:00Z,28.87,30269,LUX_858
2022-08-11T14:28:00Z,28.95,23214,LUX_858
2022-08-11T14:30:00Z,28.95,19676,LUX_858
2022-08-11T14:32:00Z,28.61,20541,LUX_858
2022-08-11T14:34:00Z,28.95,18514,LUX_858
2022-08-11T14:36:00Z,28.95,26911,LUX_858
2022-08-11T14:38:00Z,29.08,16901,LUX_858
2022-08-11T14:40:00Z,29.13,19031,LUX_858
2022-08-11T14:42:00Z,29.13,20797,LUX_858
2022-08-11T14:44:00Z,28.91,7455,LUX_858
2022-08-11T14:46:00Z,28.95,26143,LUX_858
2022-08-11T14:48:00Z,29.13,22528,LUX_858
2022-08-11T14:50:00Z,29.17,22712,LUX_858
2022-08-11T14:52:00Z,29.17,20204,LUX_858
2022-08-11T14:54:00Z,29.21,29501,LUX_858
2022-08-11T14:56:00Z,29.26,24320,LUX_858
2022-08-11T14:58:00Z,29.26,25385,LUX_858
2022-08-11T15:00:00Z,29.26,22825,LUX_858
2022-08-11T15:02:00Z,29.3,27167,LUX_858
2022-08-11T15:04:00Z,29.3,30904,LUX_858
2022-08-11T15:06:00Z,29.34,26941,LUX_858
2022-08-11T15:08:00Z,29.38,19845,LUX_858
2022-08-11T15:10:00Z,29.43,23695,LUX_858
2022-08-11T15:12:00Z,29.47,23972,LUX_858
2022-08-11T15:14:00Z,29.43,21166,LUX_858
2022-08-11T15:16:00Z,29.47,22651,LUX_858
2022-08-11T15:18:00Z,29.47,23900,LUX_858
2022-08-11T15:20:00Z,29.56,19983,LUX_858
2022-08-11T15:22:00Z,29.6,32799,LUX_858
2022-08-11T15:24:00Z,29.6,16497,LUX_858
2022-08-11T15:26:00Z,29.64,11776,LUX_858
2022-08-11T15:28:00Z,29.68,19231,LUX_858
2022-08-11T15:30:00Z,29.73,19799,LUX_858
2022-08-11T15:32:00Z,29.68,19072,LUX_858
2022-08-11T15:34:00Z,29.77,24422,LUX_858
2022-08-11T15:36:00Z,29.73,24074,LUX_858
2022-08-11T15:38:00Z,29.68,23163,LUX_858
2022-08-11T15:40:00Z,29.73,22876,LUX_858
2022-08-11T15:42:00Z,29.73,23224,LUX_858
2022-08-11T15:44:00Z,29.81,27003,LUX_858
2022-08-11T15:46:00Z,29.77,21934,LUX_858
2022-08-11T15:48:00Z,29.73,23931,LUX_858
2022-08-11T15:50:00Z,29.68,23183,LUX_858
2022-08-11T15:52:00Z,29.68,22374,LUX_858
2022-08-11T15:54:00Z,29.51,10532,LUX_858
2022-08-11T15:56:00Z,29.73,28037,LUX_858
2022-08-11T15:58:00Z,29.73,6254,LUX_858
2022-08-11T16:00:00Z,29.81,20260,LUX_858
2022-08-11T16:02:00Z,29.38,5929,LUX_858
2022-08-11T16:04:00Z,29.34,5955,LUX_858
2022-08-11T16:06:00Z,29.17,6597,LUX_858
2022-08-11T16:08:00Z,29.08,7808,LUX_858
2022-08-11T16:10:00Z,29.3,7278,LUX_858
2022-08-11T16:12:00Z,29.43,26122,LUX_858
2022-08-11T16:14:00Z,29.26,7201,LUX_858
2022-08-11T16:16:00Z,29.68,24822,LUX_858
2022-08-11T16:18:00Z,29.94,26122,LUX_858
2022-08-11T16:20:00Z,29.47,22364,LUX_858
2022-08-11T16:22:00Z,29.73,32317,LUX_858
2022-08-11T16:24:00Z,29.81,28918,LUX_858
2022-08-11T16:26:00Z,29.98,29368,LUX_858
2022-08-11T16:28:00Z,29.43,8781,LUX_858
2022-08-11T16:30:00Z,29.68,27843,LUX_858
2022-08-11T16:32:00Z,29.86,27392,LUX_858
2022-08-11T16:34:00Z,29.98,26931,LUX_858
2022-08-11T16:36:00Z,29.73,10250,LUX_858
2022-08-11T16:38:00Z,29.38,5757,LUX_858
2022-08-11T16:40:00Z,29.47,22323,LUX_858
2022-08-11T16:42:00Z,29.68,20198,LUX_858
2022-08-11T16:44:00Z,29.77,21524,LUX_858
2022-08-11T16:46:00Z,29.77,22528,LUX_858
2022-08-11T16:48:00Z,29.81,20552,LUX_858
2022-08-11T16:50:00Z,29.81,21545,LUX_858
2022-08-11T16:52:00Z,29.81,20086,LUX_858
2022-08-11T16:54:00Z,29.86,18939,LUX_858
2022-08-11T16:56:00Z,29.86,21596,LUX_858
2022-08-11T16:58:00Z,29.86,20500,LUX_858
2022-08-11T17:00:00Z,29.9,19937,LUX_858
2022-08-11T17:02:00Z,29.9,23286,LUX_858
2022-08-11T17:04:00Z,29.94,20152,LUX_858
2022-08-11T17:06:00Z,29.94,18140,LUX_858
2022-08-11T17:08:00Z,29.9,22098,LUX_858
2022-08-11T17:10:00Z,29.98,21309,LUX_858
2022-08-11T17:12:00Z,29.98,26522,LUX_858
2022-08-11T17:14:00Z,29.94,19845,LUX_858
2022-08-11T17:16:00Z,29.9,28887,LUX_858
2022-08-11T17:18:00Z,29.86,20029,LUX_858
2022-08-11T17:20:00Z,29.98,21094,LUX_858
2022-08-11T17:22:00Z,29.98,18975,LUX_858
2022-08-11T17:24:00Z,29.94,18447,LUX_858
2022-08-11T17:26:00Z,29.94,16717,LUX_858
2022-08-11T17:28:00Z,29.94,27167,LUX_858
2022-08-11T17:30:00Z,29.94,21166,LUX_858
2022-08-11T17:32:00Z,29.98,19717,LUX_858
2022-08-11T17:34:00Z,29.9,8069,LUX_858
2022-08-11T17:36:00Z,29.51,7716,LUX_858
2022-08-11T17:38:00Z,29.64,13665,LUX_858
2022-08-11T17:40:00Z,29.64,11264,LUX_858
2022-08-11T17:42:00Z,29.47,6830,LUX_858
2022-08-11T17:44:00Z,29.77,8146,LUX_858
2022-08-11T17:46:00Z,29.6,7780,LUX_858
2022-08-11T17:48:00Z,29.56,11730,LUX_858
2022-08-11T17:50:00Z,29.64,19871,LUX_858
2022-08-11T17:52:00Z,29.68,15037,LUX_858
2022-08-11T17:54:00Z,29.81,20352,LUX_858
2022-08-11T17:56:00Z,29.94,18417,LUX_858
2022-08-11T17:58:00Z,29.77,20465,LUX_858
2022-08-11T18:00:00Z,29.94,18232,LUX_858
2022-08-11T18:02:00Z,29.81,7941,LUX_858
2022-08-11T18:04:00Z,29.64,16696,LUX_858
2022-08-11T18:06:00Z,29.51,9170,LUX_858
2022-08-11T18:08:00Z,29.34,6717,LUX_858
2022-08-11T18:10:00Z,29.43,14956,LUX_858
2022-08-11T18:12:00Z,29.38,6876,LUX_858
2022-08-11T18:14:00Z,29.47,10993,LUX_858
2022-08-11T18:16:00Z,29.38,8105,LUX_858
2022-08-11T18:18:00Z,29.38,8696,LUX_858
2022-08-11T18:20:00Z,29.34,7483,LUX_858
2022-08-11T18:22:00Z,29.3,5972,LUX_858
2022-08-11T18:24:00Z,29.26,5699,LUX_858
2022-08-11T18:26:00Z,29.3,7002,LUX_858
2022-08-11T18:28:00Z,29.34,5678,LUX_858
2022-08-11T18:30:00Z,29.38,7857,LUX_858
2022-08-11T18:32:00Z,29.38,7688,LUX_858
2022-08-11T18:34:00Z,29.3,5075,LUX_858
2022-08-11T18:36:00Z,29.3,4475,LUX_858
2022-08-11T18:38:00Z,29.21,4422,LUX_858
2022-08-11T18:40:00Z,29.21,5117,LUX_858
2022-08-11T18:42:00Z,29.21,5455,LUX_858
2022-08-11T18:44:00Z,29.17,5622,LUX_858
2022-08-11T18:46:00Z,29.21,8018,LUX_858
2022-08-11T18:48:00Z,29.26,6377,LUX_858
2022-08-11T18:50:00Z,29.3,6592,LUX_858
2022-08-11T18:52:00Z,29.26,5245,LUX_858
2022-08-11T18:54:00Z,29.17,6159,LUX_858
2022-08-11T18:56:00Z,29.21,6720,LUX_858
2022-08-11T18:58:00Z,29.3,8302,LUX_858
2022-08-11T19:00:00Z,29.3,6188,LUX_858
2022-08-11T19:02:00Z,29.17,4433,LUX_858
2022-08-11T19:04:00Z,29.13,3924,LUX_858
2022-08-11T19:06:00Z,29.13,6861,LUX_858
2022-08-11T19:08:00Z,29.13,4041,LUX_858
2022-08-11T19:10:00Z,29.04,3886,LUX_858
2022-08-11T19:12:00Z,29.04,3922,LUX_858
2022-08-11T19:14:00Z,29,3876,LUX_858
2022-08-11T19:16:00Z,29,4200,LUX_858
2022-08-11T19:18:00Z,29,4669,LUX_858
2022-08-11T19:20:00Z,29.17,7007,LUX_858
2022-08-11T19:22:00Z,29.21,8689,LUX_858
2022-08-11T19:24:00Z,29.3,8302,LUX_858
2022-08-11T19:26:00Z,29.21,7877,LUX_858
2022-08-11T19:28:00Z,29.17,5093,LUX_858
2022-08-11T19:30:00Z,29,7306,LUX_858
2022-08-11T19:32:00Z,29.04,6019,LUX_858
2022-08-11T19:34:00Z,29,4826,LUX_858
2022-08-11T19:36:00Z,28.87,3108,LUX_858
2022-08-11T19:38:00Z,28.78,3914,LUX_858
2022-08-11T19:40:00Z,28.87,4998,LUX_858
2022-08-11T19:42:00Z,28.91,5786,LUX_858
2022-08-11T19:44:00Z,28.87,5196,LUX_858
2022-08-11T19:46:00Z,28.83,4264,LUX_858
2022-08-11T19:48:00Z,28.7,2575,LUX_858
2022-08-11T19:50:00Z,28.61,3864,LUX_858
2022-08-11T19:52:00Z,28.53,2029,LUX_858
2022-08-11T19:54:00Z,28.48,3360,LUX_858
2022-08-11T19:56:00Z,28.53,3657,LUX_858
2022-08-11T19:58:00Z,28.4,2208,LUX_858
2022-08-11T20:00:00Z,28.44,3416,LUX_858
2022-08-11T20:02:00Z,28.4,2414,LUX_858
2022-08-11T20:04:00Z,28.35,3196,LUX_858
2022-08-11T20:06:00Z,28.31,3387,LUX_858
2022-08-11T20:08:00Z,28.23,3081,LUX_858
2022-08-11T20:10:00Z,28.18,2935,LUX_858
2022-08-11T20:12:00Z,28.14,3067,LUX_858
2022-08-11T20:14:00Z,28.1,2570,LUX_858
2022-08-11T20:16:00Z,28.1,2201,LUX_858
2022-08-11T20:18:00Z,28.05,1808,LUX_858
2022-08-11T20:20:00Z,28.05,1473,LUX_858
2022-08-11T20:22:00Z,28.01,1489,LUX_858
2022-08-11T20:24:00Z,27.88,1498,LUX_858
2022-08-11T20:26:00Z,27.88,1242,LUX_858
2022-08-11T20:28:00Z,27.93,1092,LUX_858
2022-08-11T20:30:00Z,27.97,961,LUX_858
2022-08-11T20:32:00Z,27.88,886,LUX_858
2022-08-11T20:34:00Z,27.88,830,LUX_858
2022-08-11T20:36:00Z,27.93,735,LUX_858
2022-08-11T20:38:00Z,27.97,623,LUX_858
2022-08-11T20:40:00Z,27.97,444,LUX_858
2022-08-11T20:42:00Z,27.93,326,LUX_858
2022-08-11T20:44:00Z,27.84,237,LUX_858
2022-08-11T20:46:00Z,27.97,177,LUX_858
2022-08-11T20:48:00Z,27.88,152,LUX_858
2022-08-11T20:50:00Z,27.88,124,LUX_858
2022-08-11T20:52:00Z,27.93,97,LUX_858
2022-08-11T20:54:00Z,27.93,69,LUX_858
2022-08-11T20:56:00Z,27.93,49,LUX_858
2022-08-11T20:58:00Z,27.93,35,LUX_858
2022-08-11T21:00:00Z,27.93,28,LUX_858
2022-08-11T21:02:00Z,27.93,19,LUX_858
2022-08-11T21:04:00Z,27.93,12,LUX_858
2022-08-11T21:06:00Z,27.93,7,LUX_858
2022-08-11T21:08:00Z,27.97,4,LUX_858
2022-08-11T21:10:00Z,27.93,2,LUX_858
2022-08-11T21:12:00Z,27.93,1,LUX_858
2022-08-11T21:14:00Z,27.97,1,LUX_858
2022-08-11T21:16:00Z,27.97,0,LUX_858
2022-08-11T21:18:00Z,27.93,0,LUX_858
2022-08-11T21:20:00Z,27.97,0,LUX_858
2022-08-11T21:22:00Z,27.93,0,LUX_858
2022-08-11T21:24:00Z,27.93,0,LUX_858
2022-08-11T21:26:00Z,27.93,0,LUX_858
2022-08-11T21:28:00Z,27.88,0,LUX_858
2022-08-11T21:30:00Z,27.93,0,LUX_858
2022-08-11T21:32:00Z,27.88,0,LUX_858
2022-08-11T21:34:00Z,27.88,0,LUX_858
2022-08-11T21:36:00Z,27.88,0,LUX_858
2022-08-11T21:38:00Z,27.84,0,LUX_858
2022-08-11T21:40:00Z,27.8,0,LUX_858
2022-08-11T21:42:00Z,27.84,0,LUX_858
2022-08-11T21:44:00Z,27.8,0,LUX_858
2022-08-11T21:46:00Z,27.84,0,LUX_858
2022-08-11T21:48:00Z,27.8,0,LUX_858
2022-08-11T21:50:00Z,27.75,0,LUX_858
2022-08-11T21:52:00Z,27.71,0,LUX_858
2022-08-11T21:54:00Z,27.67,0,LUX_858
2022-08-11T21:56:00Z,27.71,0,LUX_858
2022-08-11T21:58:00Z,27.71,0,LUX_858
2022-08-11T22:00:00Z,27.71,0,LUX_858
2022-08-11T22:02:00Z,27.71,0,LUX_858
2022-08-11T22:04:00Z,27.63,0,LUX_858
2022-08-11T22:06:00Z,27.67,0,LUX_858
2022-08-11T22:08:00Z,27.67,0,LUX_858
2022-08-11T22:10:00Z,27.58,0,LUX_858
2022-08-11T22:12:00Z,27.58,0,LUX_858
2022-08-11T22:14:00Z,27.63,0,LUX_858
2022-08-11T22:16:00Z,27.63,0,LUX_858
2022-08-11T22:18:00Z,27.67,0,LUX_858
2022-08-11T22:20:00Z,27.63,0,LUX_858
2022-08-11T22:22:00Z,27.63,0,LUX_858
2022-08-11T22:24:00Z,27.58,0,LUX_858
2022-08-11T22:26:00Z,27.58,0,LUX_858
2022-08-11T22:28:00Z,27.58,0,LUX_858
2022-08-11T22:30:00Z,27.58,0,LUX_858
2022-08-11T22:32:00Z,27.58,0,LUX_858
2022-08-11T22:34:00Z,27.58,0,LUX_858
2022-08-11T22:36:00Z,27.58,0,LUX_858
2022-08-11T22:38:00Z,27.58,0,LUX_858
2022-08-11T22:40:00Z,27.58,0,LUX_858
2022-08-11T22:42:00Z,27.58,0,LUX_858
2022-08-11T22:44:00Z,27.58,0,LUX_858
2022-08-11T22:46:00Z,27.54,0,LUX_858
2022-08-11T22:48:00Z,27.54,0,LUX_858
2022-08-11T22:50:00Z,27.58,0,LUX_858
2022-08-11T22:52:00Z,27.54,0,LUX_858
2022-08-11T22:54:00Z,27.58,0,LUX_858
2022-08-11T22:56:00Z,27.58,0,LUX_858
2022-08-11T22:58:00Z,27.63,0,LUX_858
2022-08-11T23:00:00Z,27.58,0,LUX_858
2022-08-11T23:02:00Z,27.58,0,LUX_858
2022-08-11T23:04:00Z,27.58,0,LUX_858
2022-08-11T23:06:00Z,27.58,0,LUX_858
2022-08-11T23:08:00Z,27.58,0,LUX_858
2022-08-11T23:10:00Z,27.58,0,LUX_858
2022-08-11T23:12:00Z,27.63,0,LUX_858
2022-08-11T23:14:00Z,27.58,0,LUX_858
2022-08-11T23:16:00Z,27.58,0,LUX_858
2022-08-11T23:18:00Z,27.58,0,LUX_858
2022-08-11T23:20:00Z,27.63,0,LUX_858
2022-08-11T23:22:00Z,27.58,0,LUX_858
2022-08-11T23:24:00Z,27.63,0,LUX_858
2022-08-11T23:26:00Z,27.63,0,LUX_858
2022-08-11T23:28:00Z,27.58,0,LUX_858
2022-08-11T23:30:00Z,27.67,0,LUX_858
2022-08-11T23:32:00Z,27.58,0,LUX_858
2022-08-11T23:34:00Z,27.63,0,LUX_858
2022-08-11T23:36:00Z,27.63,0,LUX_858
2022-08-11T23:38:00Z,27.58,0,LUX_858
2022-08-11T23:40:00Z,27.58,0,LUX_858
2022-08-11T23:42:00Z,27.54,0,LUX_858
2022-08-11T23:44:00Z,27.54,0,LUX_858
2022-08-11T23:46:00Z,27.54,0,LUX_858
2022-08-11T23:48:00Z,27.54,0,LUX_858
2022-08-11T23:50:00Z,27.54,0,LUX_858
2022-08-11T23:52:00Z,27.5,0,LUX_858
2022-08-11T23:54:00Z,27.54,0,LUX_858
2022-08-11T23:56:00Z,27.5,0,LUX_858
2022-08-11T23:58:00Z,27.45,0,LUX_858
2022-08-12T00:00:00Z,27.5,0,LUX_858
2022-08-12T00:02:00Z,27.5,0,LUX_858
2022-08-12T00:04:00Z,27.5,0,LUX_858
2022-08-12T00:06:00Z,27.45,0,LUX_858
2022-08-12T00:08:00Z,27.45,0,LUX_858
2022-08-12T00:10:00Z,27.45,0,LUX_858
2022-08-12T00:12:00Z,27.45,0,LUX_858
2022-08-12T00:14:00Z,27.45,0,LUX_858
2022-08-12T00:16:00Z,27.45,0,LUX_858
2022-08-12T00:18:00Z,27.41,0,LUX_858
2022-08-12T00:20:00Z,27.45,0,LUX_858
2022-08-12T00:22:00Z,27.45,0,LUX_858
2022-08-12T00:24:00Z,27.41,0,LUX_858
2022-08-12T00:26:00Z,27.45,0,LUX_858
2022-08-12T00:28:00Z,27.41,0,LUX_858
2022-08-12T00:30:00Z,27.41,0,LUX_858
2022-08-12T00:32:00Z,27.45,0,LUX_858
2022-08-12T00:34:00Z,27.41,0,LUX_858
2022-08-12T00:36:00Z,27.41,0,LUX_858
2022-08-12T00:38:00Z,27.41,0,LUX_858
2022-08-12T00:40:00Z,27.41,0,LUX_858
2022-08-12T00:42:00Z,27.37,0,LUX_858
2022-08-12T00:44:00Z,27.41,0,LUX_858
2022-08-12T00:46:00Z,27.45,0,LUX_858
2022-08-12T00:48:00Z,27.45,0,LUX_858
2022-08-12T00:50:00Z,27.45,0,LUX_858
2022-08-12T00:52:00Z,27.45,0,LUX_858
2022-08-12T00:54:00Z,27.45,0,LUX_858
2022-08-12T00:56:00Z,27.45,0,LUX_858
2022-08-12T00:58:00Z,27.5,0,LUX_858
2022-08-12T01:00:00Z,27.45,0,LUX_858
