date,LoggerID,FullLoggerID,TempInSitu,ECond.mS.cm,Salinity_psu
2022-06-03T07:50:00Z,332,CT_332_VSled_20220604,25.94,60421.492964780104,39.68597046780703
2022-06-03T07:52:00Z,332,CT_332_VSled_20220604,25.94,60203.5929647801,39.5238407341663
2022-06-03T07:54:00Z,332,CT_332_VSled_20220604,25.96,59659.0929647801,39.10205955015722
2022-06-03T07:56:00Z,332,CT_332_VSled_20220604,25.860000000000003,58400.19296478011,38.25349097420356
2022-06-03T07:58:00Z,332,CT_332_VSled_20220604,25.950000000000003,60317.992964780104,39.600258796020164
2022-06-03T08:00:00Z,332,CT_332_VSled_20220604,26.000000000000004,61044.892964780105,40.09764082394384
2022-06-03T08:02:00Z,332,CT_332_VSled_20220604,25.990000000000002,61084.492964780104,40.13593892279105
2022-06-03T08:04:00Z,332,CT_332_VSled_20220604,25.890000000000004,58243.79296478011,38.112589917728506
2022-06-03T08:06:00Z,332,CT_332_VSled_20220604,25.900000000000002,58188.492964780104,38.063335371587996
2022-06-03T08:08:00Z,332,CT_332_VSled_20220604,25.94,59603.492964780104,39.077932093450045
2022-06-03T08:10:00Z,332,CT_332_VSled_20220604,26.03,60981.79296478011,40.0243154508797
2022-06-03T08:12:00Z,332,CT_332_VSled_20220604,26.060000000000002,61295.29296478011,40.23126991431298
2022-06-03T08:14:00Z,332,CT_332_VSled_20220604,25.990000000000002,59890.19296478011,39.247812068948306
2022-06-03T08:16:00Z,332,CT_332_VSled_20220604,26.03,61359.29296478011,40.30541198709996
2022-06-03T08:18:00Z,332,CT_332_VSled_20220604,26.01,60887.392964780105,39.97159620902566
2022-06-03T08:20:00Z,332,CT_332_VSled_20220604,25.950000000000003,58212.69296478011,38.03953363152188
2022-06-03T08:22:00Z,332,CT_332_VSled_20220604,26.130000000000003,61371.392964780105,40.22620700561053
2022-06-03T08:24:00Z,332,CT_332_VSled_20220604,26.05,60479.19296478011,39.633235721320105
2022-06-03T08:26:00Z,332,CT_332_VSled_20220604,26.000000000000004,60571.79296478011,39.7455354891473
2022-06-03T08:28:00Z,332,CT_332_VSled_20220604,26.01,60707.5929647801,39.83781493298535
2022-06-03T08:30:00Z,332,CT_332_VSled_20220604,26.05,60622.19296478011,39.7394533665729
2022-06-03T08:32:00Z,332,CT_332_VSled_20220604,26.060000000000002,60486.892964780105,39.63027293036018
2022-06-03T08:34:00Z,332,CT_332_VSled_20220604,26.05,61052.79296478011,40.05959515064139
2022-06-03T08:36:00Z,332,CT_332_VSled_20220604,26.01,59897.69296478011,39.23618010115898
2022-06-03T08:38:00Z,332,CT_332_VSled_20220604,25.94,47369.59296478011,30.179430888182043
2022-06-03T08:40:00Z,332,CT_332_VSled_20220604,25.890000000000004,45916.492964780104,29.17870711977847
2022-06-03T08:42:00Z,332,CT_332_VSled_20220604,25.890000000000004,42996.392964780105,27.117580154358492
2022-06-03T08:44:00Z,332,CT_332_VSled_20220604,25.94,45508.59296478011,28.858096183114085
2022-06-03T08:46:00Z,332,CT_332_VSled_20220604,25.830000000000002,46507.29296478011,29.637033048491688
2022-06-03T08:48:00Z,332,CT_332_VSled_20220604,25.94,48526.392964780105,31.005107028921895
2022-06-03T08:50:00Z,332,CT_332_VSled_20220604,25.950000000000003,50384.1929647801,32.33099511504145
2022-06-03T08:52:00Z,332,CT_332_VSled_20220604,25.980000000000004,52203.59296478011,33.622303482398635
2022-06-03T08:54:00Z,332,CT_332_VSled_20220604,26.040000000000003,58783.992964780104,38.38626145925466
2022-06-03T08:56:00Z,332,CT_332_VSled_20220604,25.930000000000003,55352.992964780104,35.95259287399477
2022-06-03T08:58:00Z,332,CT_332_VSled_20220604,25.950000000000003,56182.892964780105,36.54501917598113
2022-06-03T09:00:00Z,332,CT_332_VSled_20220604,25.950000000000003,50852.29296478011,32.66811412315667
2022-06-03T09:02:00Z,332,CT_332_VSled_20220604,25.990000000000002,49666.1929647801,31.787233379955484
2022-06-03T09:04:00Z,332,CT_332_VSled_20220604,26.03,50283.59296478011,32.20243208197486
2022-06-03T09:06:00Z,332,CT_332_VSled_20220604,25.990000000000002,48776.59296478011,31.150184350100428
2022-06-03T09:08:00Z,332,CT_332_VSled_20220604,25.96,47695.59296478011,30.398541176821283
2022-06-03T09:10:00Z,332,CT_332_VSled_20220604,26.000000000000004,48919.1929647801,31.245366587112677
2022-06-03T09:12:00Z,332,CT_332_VSled_20220604,26.01,49495.59296478011,31.651126144141486
2022-06-03T09:14:00Z,332,CT_332_VSled_20220604,26.090000000000003,47010.492964780104,29.826354647856753
2022-06-03T09:16:00Z,332,CT_332_VSled_20220604,26.060000000000002,48202.392964780105,30.693256797314362
2022-06-03T09:18:00Z,332,CT_332_VSled_20220604,26.19,50768.6929647801,32.43794345745453
2022-06-03T09:20:00Z,332,CT_332_VSled_20220604,25.930000000000003,46977.392964780105,29.906757150253465
2022-06-03T09:22:00Z,332,CT_332_VSled_20220604,26.05,47691.992964780104,30.33652038570266
2022-06-03T09:24:00Z,332,CT_332_VSled_20220604,26.080000000000002,48096.6929647801,30.604652063217774
2022-06-03T09:26:00Z,332,CT_332_VSled_20220604,26.17,44457.29296478011,27.97547861402345
2022-06-03T09:28:00Z,332,CT_332_VSled_20220604,26.090000000000003,42934.79296478011,26.957037546724035
2022-06-03T09:30:00Z,332,CT_332_VSled_20220604,26.19,42180.09296478011,26.373114222251345
2022-06-03T09:32:00Z,332,CT_332_VSled_20220604,26.090000000000003,42185.1929647801,26.433838492724778
2022-06-03T09:34:00Z,332,CT_332_VSled_20220604,26.140000000000004,41652.09296478011,26.03440707163195
2022-06-03T09:36:00Z,332,CT_332_VSled_20220604,26.200000000000003,42444.392964780105,26.5512712287038
2022-06-03T09:38:00Z,332,CT_332_VSled_20220604,26.17,41933.6929647801,26.213166451368444
2022-06-03T09:40:00Z,332,CT_332_VSled_20220604,26.200000000000003,41714.29296478011,26.043798804099797
2022-06-03T09:42:00Z,332,CT_332_VSled_20220604,26.3,41942.492964780104,26.14569026972626
2022-06-03T09:44:00Z,332,CT_332_VSled_20220604,26.28,41621.09296478011,25.934226673361593
2022-06-03T09:46:00Z,332,CT_332_VSled_20220604,26.270000000000003,41976.59296478011,26.186298030852402
2022-06-03T09:48:00Z,332,CT_332_VSled_20220604,26.28,42666.6929647801,26.659885860720607
2022-06-03T09:50:00Z,332,CT_332_VSled_20220604,26.230000000000004,42240.392964780105,26.392209316263212
2022-06-03T09:52:00Z,332,CT_332_VSled_20220604,26.3,42382.1929647801,26.450733903599467
2022-06-03T09:54:00Z,332,CT_332_VSled_20220604,26.28,41623.492964780104,25.93588915670045
2022-06-03T09:56:00Z,332,CT_332_VSled_20220604,26.3,42071.6929647801,26.235272953527666
2022-06-03T09:58:00Z,332,CT_332_VSled_20220604,26.320000000000004,41859.392964780105,26.07682766097804
2022-06-03T10:00:00Z,332,CT_332_VSled_20220604,26.28,41855.59296478011,26.096733644923923
2022-06-03T10:02:00Z,332,CT_332_VSled_20220604,26.330000000000002,41591.29296478011,25.885618769279056
2022-06-03T10:04:00Z,332,CT_332_VSled_20220604,26.37,41759.1929647801,25.97937905835313
2022-06-03T10:06:00Z,332,CT_332_VSled_20220604,26.37,41874.492964780104,26.059146161309766
2022-06-03T10:08:00Z,332,CT_332_VSled_20220604,26.37,41533.29296478011,25.823193149230356
2022-06-03T10:10:00Z,332,CT_332_VSled_20220604,26.320000000000004,41577.6929647801,25.88179688308394
2022-06-03T10:12:00Z,332,CT_332_VSled_20220604,26.400000000000002,41527.09296478011,25.802205889342183
2022-06-03T10:14:00Z,332,CT_332_VSled_20220604,26.42,41841.79296478011,26.008454301284207
2022-06-03T10:16:00Z,332,CT_332_VSled_20220604,26.400000000000002,41732.992964780104,25.944461889948997
2022-06-03T10:18:00Z,332,CT_332_VSled_20220604,26.44,42230.09296478011,26.265677325749092
2022-06-03T10:20:00Z,332,CT_332_VSled_20220604,26.42,42539.492964780104,26.49126189559042
2022-06-03T10:22:00Z,332,CT_332_VSled_20220604,26.400000000000002,42658.79296478011,26.585407613173373
2022-06-03T10:24:00Z,332,CT_332_VSled_20220604,26.500000000000004,42510.79296478011,26.42576582734121
2022-06-03T10:26:00Z,332,CT_332_VSled_20220604,26.500000000000004,42856.09296478011,26.664718089302024
2022-06-03T10:28:00Z,332,CT_332_VSled_20220604,26.480000000000004,42260.892964780105,26.26433160937337
2022-06-03T10:30:00Z,332,CT_332_VSled_20220604,26.470000000000002,42171.1929647801,26.20798211511314
2022-06-03T10:32:00Z,332,CT_332_VSled_20220604,26.540000000000003,42018.392964780105,26.063073403219494
2022-06-03T10:34:00Z,332,CT_332_VSled_20220604,26.540000000000003,42160.892964780105,26.161388353480156
2022-06-03T10:36:00Z,332,CT_332_VSled_20220604,26.62,42018.392964780105,26.01825317565453
2022-06-03T10:38:00Z,332,CT_332_VSled_20220604,26.590000000000003,41868.1929647801,25.93158633546809
2022-06-03T10:40:00Z,332,CT_332_VSled_20220604,26.570000000000004,41771.6929647801,25.876276479292095
2022-06-03T10:42:00Z,332,CT_332_VSled_20220604,26.570000000000004,41477.79296478011,25.67398006138324
2022-06-03T10:44:00Z,332,CT_332_VSled_20220604,26.590000000000003,41299.1929647801,25.54016354842629
2022-06-03T10:46:00Z,332,CT_332_VSled_20220604,26.590000000000003,41071.59296478011,25.38382093728659
2022-06-03T10:48:00Z,332,CT_332_VSled_20220604,26.580000000000002,40877.79296478011,25.256228390790753
2022-06-03T10:50:00Z,332,CT_332_VSled_20220604,26.660000000000004,40629.29296478011,25.042673034605798
2022-06-03T10:52:00Z,332,CT_332_VSled_20220604,26.67,40329.59296478011,24.832315163921816
2022-06-03T10:54:00Z,332,CT_332_VSled_20220604,26.630000000000003,40118.992964780104,24.709625593482027
2022-06-03T10:56:00Z,332,CT_332_VSled_20220604,26.67,39993.392964780105,24.60263860349531
2022-06-03T10:58:00Z,332,CT_332_VSled_20220604,26.660000000000004,39750.1929647801,24.441918859179275
2022-06-03T11:00:00Z,332,CT_332_VSled_20220604,26.680000000000003,39452.1929647801,24.228312795476377
2022-06-03T11:02:00Z,332,CT_332_VSled_20220604,26.680000000000003,39262.392964780105,24.099062799083022
2022-06-03T11:04:00Z,332,CT_332_VSled_20220604,26.69,39184.59296478011,24.04095032311796
2022-06-03T11:06:00Z,332,CT_332_VSled_20220604,26.740000000000002,38881.492964780104,23.809297997405324
2022-06-03T11:08:00Z,332,CT_332_VSled_20220604,26.78,38795.392964780105,23.730506226018928
2022-06-03T11:10:00Z,332,CT_332_VSled_20220604,26.820000000000004,39019.992964780104,23.862414867555827
2022-06-03T11:12:00Z,332,CT_332_VSled_20220604,26.810000000000002,39218.59296478011,24.002266565189775
2022-06-03T11:14:00Z,332,CT_332_VSled_20220604,26.790000000000003,39200.992964780104,24.000601164826257
2022-06-03T11:16:00Z,332,CT_332_VSled_20220604,26.87,38983.1929647801,23.811967213279658
2022-06-03T11:18:00Z,332,CT_332_VSled_20220604,26.92,38827.59296478011,23.681283882135734
2022-06-03T11:20:00Z,332,CT_332_VSled_20220604,26.890000000000004,38857.79296478011,23.716913347591426
2022-06-03T11:22:00Z,332,CT_332_VSled_20220604,26.860000000000003,39027.59296478011,23.847140933620757
2022-06-03T11:24:00Z,332,CT_332_VSled_20220604,26.87,39211.992964780104,23.966983266043222
2022-06-03T11:26:00Z,332,CT_332_VSled_20220604,26.910000000000004,39413.392964780105,24.08292653946809
2022-06-03T11:28:00Z,332,CT_332_VSled_20220604,26.930000000000003,39565.492964780104,24.1756945881014
2022-06-03T11:30:00Z,332,CT_332_VSled_20220604,26.930000000000003,39708.6929647801,24.27278259036664
2022-06-03T11:32:00Z,332,CT_332_VSled_20220604,26.94,39776.09296478011,24.313297282663584
2022-06-03T11:34:00Z,332,CT_332_VSled_20220604,26.910000000000004,39762.59296478011,24.319740120982665
2022-06-03T11:36:00Z,332,CT_332_VSled_20220604,26.880000000000003,39746.79296478011,24.324626534670006
2022-06-03T11:38:00Z,332,CT_332_VSled_20220604,26.970000000000002,39713.1929647801,24.255084505293762
2022-06-03T11:40:00Z,332,CT_332_VSled_20220604,26.970000000000002,39559.992964780104,24.15130695660929
2022-06-03T11:42:00Z,332,CT_332_VSled_20220604,26.980000000000004,39582.29296478011,24.161245721607393
2022-06-03T11:44:00Z,332,CT_332_VSled_20220604,26.980000000000004,39708.6929647801,24.246853207836942
2022-06-03T11:46:00Z,332,CT_332_VSled_20220604,26.96,39868.59296478011,24.365619801379125
2022-06-03T11:48:00Z,332,CT_332_VSled_20220604,26.94,39932.09296478011,24.419125229442443
2022-06-03T11:50:00Z,332,CT_332_VSled_20220604,26.970000000000002,39977.492964780104,24.43425894101753
2022-06-03T11:52:00Z,332,CT_332_VSled_20220604,26.96,40033.29296478011,24.47734100299602
2022-06-03T11:54:00Z,332,CT_332_VSled_20220604,27.020000000000003,40003.6929647801,24.425920803436913
2022-06-03T11:56:00Z,332,CT_332_VSled_20220604,26.980000000000004,40049.1929647801,24.477663644829242
2022-06-03T11:58:00Z,332,CT_332_VSled_20220604,26.94,40123.59296478011,24.549118905576048
2022-06-03T12:00:00Z,332,CT_332_VSled_20220604,26.970000000000002,40255.6929647801,24.623044703482297
2022-06-03T12:02:00Z,332,CT_332_VSled_20220604,26.970000000000002,40284.492964780104,24.642599317813957
2022-06-03T12:04:00Z,332,CT_332_VSled_20220604,27.01,40424.79296478011,24.716750500938364
2022-06-03T12:06:00Z,332,CT_332_VSled_20220604,26.980000000000004,40502.79296478011,24.785588543850608
2022-06-03T12:08:00Z,332,CT_332_VSled_20220604,27.01,40576.492964780104,24.819749206609913
2022-06-03T12:10:00Z,332,CT_332_VSled_20220604,26.930000000000003,40597.59296478011,24.876592588201042
2022-06-03T12:12:00Z,332,CT_332_VSled_20220604,27.03,40781.59296478011,24.948431882932088
2022-06-03T12:14:00Z,332,CT_332_VSled_20220604,26.94,40692.892964780105,24.936109744472496
2022-06-03T12:16:00Z,332,CT_332_VSled_20220604,27.000000000000004,41011.59296478011,25.120851224668485
2022-06-03T12:18:00Z,332,CT_332_VSled_20220604,26.94,41335.6929647801,25.374031205485757
2022-06-03T12:20:00Z,332,CT_332_VSled_20220604,27.020000000000003,41769.1929647801,25.626054924108857
2022-06-03T12:22:00Z,332,CT_332_VSled_20220604,26.970000000000002,41915.992964780104,25.753714387206738
2022-06-03T12:24:00Z,332,CT_332_VSled_20220604,26.94,41866.892964780105,25.736694553121588
2022-06-03T12:26:00Z,332,CT_332_VSled_20220604,27.110000000000003,42167.29296478011,25.847983315359276
2022-06-03T12:28:00Z,332,CT_332_VSled_20220604,26.92,42509.492964780104,26.18755510193589
2022-06-03T12:30:00Z,332,CT_332_VSled_20220604,26.970000000000002,42332.992964780104,26.03876259148033
2022-06-03T12:32:00Z,332,CT_332_VSled_20220604,27.070000000000004,42266.09296478011,25.937487592670706
2022-06-03T12:34:00Z,332,CT_332_VSled_20220604,26.970000000000002,42404.1929647801,26.08747544046529
2022-06-03T12:36:00Z,332,CT_332_VSled_20220604,27.110000000000003,42344.6929647801,25.968937052272747
2022-06-03T12:38:00Z,332,CT_332_VSled_20220604,26.970000000000002,42472.992964780104,26.134558116352537
2022-06-03T12:40:00Z,332,CT_332_VSled_20220604,27.05,42476.892964780105,26.09254834110196
2022-06-03T12:42:00Z,332,CT_332_VSled_20220604,27.150000000000002,42369.1929647801,25.96346755404371
2022-06-03T12:44:00Z,332,CT_332_VSled_20220604,27.110000000000003,42267.29296478011,25.91615519984692
2022-06-03T12:46:00Z,332,CT_332_VSled_20220604,27.000000000000004,42276.29296478011,25.983299050387526
2022-06-03T12:48:00Z,332,CT_332_VSled_20220604,27.12,42446.992964780104,26.033162111430727
2022-06-03T12:50:00Z,332,CT_332_VSled_20220604,27.060000000000002,42446.992964780104,26.0665489670644
2022-06-03T12:52:00Z,332,CT_332_VSled_20220604,27.020000000000003,42373.09296478011,26.038334091592887
2022-06-03T12:54:00Z,332,CT_332_VSled_20220604,27.17,42304.6929647801,25.908456962223635
2022-06-03T12:56:00Z,332,CT_332_VSled_20220604,27.28,42322.6929647801,25.860003368277003
2022-06-03T12:58:00Z,332,CT_332_VSled_20220604,27.35,43658.29296478011,26.729775060042883
2022-06-03T13:00:00Z,332,CT_332_VSled_20220604,27.070000000000004,43520.392964780105,26.795385348041695
2022-06-03T13:02:00Z,332,CT_332_VSled_20220604,27.3,43460.892964780105,26.623597306601496
2022-06-03T13:04:00Z,332,CT_332_VSled_20220604,27.410000000000004,44919.09296478011,27.555908368292226
2022-06-03T13:06:00Z,332,CT_332_VSled_20220604,27.35,44535.492964780104,27.328664975928437
2022-06-03T13:08:00Z,332,CT_332_VSled_20220604,27.44,45461.29296478011,27.90919449513026
2022-06-03T13:10:00Z,332,CT_332_VSled_20220604,27.400000000000002,45390.6929647801,27.884598408880997
2022-06-03T13:12:00Z,332,CT_332_VSled_20220604,27.320000000000004,45713.492964780104,28.15382789521532
2022-06-03T13:14:00Z,332,CT_332_VSled_20220604,27.310000000000002,45362.492964780104,27.91877056654074
2022-06-03T13:16:00Z,332,CT_332_VSled_20220604,27.37,45819.492964780104,28.196600654126968
2022-06-03T13:18:00Z,332,CT_332_VSled_20220604,27.44,45970.09296478011,28.25786093941136
2022-06-03T13:20:00Z,332,CT_332_VSled_20220604,27.410000000000004,45745.59296478011,28.12189797115781
2022-06-03T13:22:00Z,332,CT_332_VSled_20220604,27.520000000000003,45813.09296478011,28.102336451726416
2022-06-03T13:24:00Z,332,CT_332_VSled_20220604,27.310000000000002,45476.992964780104,27.997375054869575
2022-06-03T13:26:00Z,332,CT_332_VSled_20220604,27.46,47200.492964780104,29.0911708421178
2022-06-03T13:28:00Z,332,CT_332_VSled_20220604,27.520000000000003,48002.79296478011,29.606465196895314
2022-06-03T13:30:00Z,332,CT_332_VSled_20220604,27.46,47746.992964780104,29.46779079248707
2022-06-03T13:32:00Z,332,CT_332_VSled_20220604,27.390000000000004,47092.892964780105,29.06040931820572
2022-06-03T13:34:00Z,332,CT_332_VSled_20220604,27.700000000000003,49857.892964780105,30.7715180265861
2022-06-03T13:36:00Z,332,CT_332_VSled_20220604,27.51,48989.09296478011,30.294115311000827
2022-06-03T13:38:00Z,332,CT_332_VSled_20220604,27.410000000000004,48518.59296478011,30.032734483647676
2022-06-03T13:40:00Z,332,CT_332_VSled_20220604,27.560000000000002,49125.6929647801,30.35632358500498
2022-06-03T13:42:00Z,332,CT_332_VSled_20220604,27.76,49161.992964780104,30.252546400348887
2022-06-03T13:44:00Z,332,CT_332_VSled_20220604,27.660000000000004,50187.992964780104,31.02616698522115
2022-06-03T13:46:00Z,332,CT_332_VSled_20220604,27.42,48739.1929647801,30.179092321765324
2022-06-03T13:48:00Z,332,CT_332_VSled_20220604,27.46,48372.1929647801,29.899512666514532
2022-06-03T13:50:00Z,332,CT_332_VSled_20220604,27.590000000000003,48812.09296478011,30.120339197695305
2022-06-03T13:52:00Z,332,CT_332_VSled_20220604,27.85,50856.79296478011,31.362986766817844
2022-06-03T13:54:00Z,332,CT_332_VSled_20220604,27.51,48881.392964780105,30.219603590941137
2022-06-03T13:56:00Z,332,CT_332_VSled_20220604,27.900000000000002,50179.29296478011,30.862488089452448
2022-06-03T13:58:00Z,332,CT_332_VSled_20220604,27.360000000000003,48395.1929647801,29.979272194020066
2022-06-03T14:00:00Z,332,CT_332_VSled_20220604,27.720000000000002,49722.79296478011,30.665132111606646
2022-06-03T14:02:00Z,332,CT_332_VSled_20220604,27.35,48098.492964780104,29.78016599688925
2022-06-03T14:04:00Z,332,CT_332_VSled_20220604,27.330000000000002,47866.892964780105,29.632541061006478
2022-06-03T14:06:00Z,332,CT_332_VSled_20220604,27.62,47646.29296478011,29.29843398708649
2022-06-03T14:08:00Z,332,CT_332_VSled_20220604,27.700000000000003,48006.59296478011,29.496002199066343
2022-06-03T14:10:00Z,332,CT_332_VSled_20220604,27.470000000000002,47452.29296478011,29.258378976817358
2022-06-03T14:12:00Z,332,CT_332_VSled_20220604,27.76,47828.09296478011,29.336068496168874
2022-06-03T14:14:00Z,332,CT_332_VSled_20220604,27.520000000000003,47013.992964780104,28.925842394500954
2022-06-03T14:16:00Z,332,CT_332_VSled_20220604,27.69,47310.6929647801,29.024774021785706
2022-06-03T14:18:00Z,332,CT_332_VSled_20220604,27.55,46503.892964780105,28.557403928440106
2022-06-03T14:20:00Z,332,CT_332_VSled_20220604,27.540000000000003,46826.492964780104,28.78479298113135
2022-06-03T14:22:00Z,332,CT_332_VSled_20220604,27.51,46862.6929647801,28.828034213234197
2022-06-03T14:24:00Z,332,CT_332_VSled_20220604,27.470000000000002,47038.492964780104,28.973494751591474
2022-06-03T14:26:00Z,332,CT_332_VSled_20220604,27.62,46733.59296478011,28.672241111564517
2022-06-03T14:28:00Z,332,CT_332_VSled_20220604,27.69,46724.992964780104,28.623778646895254
2022-06-03T14:30:00Z,332,CT_332_VSled_20220604,27.320000000000004,46397.892964780105,28.624609007195666
2022-06-03T14:32:00Z,332,CT_332_VSled_20220604,27.590000000000003,47117.492964780104,28.953843685285378
2022-06-03T14:34:00Z,332,CT_332_VSled_20220604,27.42,47133.392964780105,29.0697358810263
2022-06-03T14:36:00Z,332,CT_332_VSled_20220604,27.46,46745.59296478011,28.77821644181257
2022-06-03T14:38:00Z,332,CT_332_VSled_20220604,27.390000000000004,46453.29296478011,28.620021678283067
2022-06-03T14:40:00Z,332,CT_332_VSled_20220604,27.590000000000003,46471.892964780105,28.51121906960756
2022-06-03T14:42:00Z,332,CT_332_VSled_20220604,27.51,46919.892964780105,28.867331898058513
2022-06-03T14:44:00Z,332,CT_332_VSled_20220604,27.62,46935.59296478011,28.81066168167689
2022-06-03T14:46:00Z,332,CT_332_VSled_20220604,27.320000000000004,45934.392964780105,28.305656965817512
2022-06-03T14:48:00Z,332,CT_332_VSled_20220604,27.790000000000003,46965.1929647801,28.72714415765541
2022-06-03T14:50:00Z,332,CT_332_VSled_20220604,27.46,45919.79296478011,28.21135196323775
2022-06-03T14:52:00Z,332,CT_332_VSled_20220604,27.62,46406.29296478011,28.448163277254373
2022-06-03T14:54:00Z,332,CT_332_VSled_20220604,27.770000000000003,46736.992964780104,28.58344869034822
2022-06-03T14:56:00Z,332,CT_332_VSled_20220604,27.76,46712.992964780104,28.57311831088194
2022-06-03T14:58:00Z,332,CT_332_VSled_20220604,27.500000000000004,46198.1929647801,28.378111886944385
2022-06-03T15:00:00Z,332,CT_332_VSled_20220604,27.700000000000003,46507.29296478011,28.46889713605208
2022-06-03T15:02:00Z,332,CT_332_VSled_20220604,27.650000000000002,46682.1929647801,28.618795774735975
2022-06-03T15:04:00Z,332,CT_332_VSled_20220604,27.470000000000002,46125.59296478011,28.346436644996977
2022-06-03T15:06:00Z,332,CT_332_VSled_20220604,27.76,46043.59296478011,28.11651960688962
2022-06-03T15:08:00Z,332,CT_332_VSled_20220604,27.610000000000003,44529.59296478011,27.173994324861784
2022-06-03T15:10:00Z,332,CT_332_VSled_20220604,27.570000000000004,44248.1929647801,27.00567518951946
2022-06-03T15:12:00Z,332,CT_332_VSled_20220604,27.590000000000003,44392.6929647801,27.092431992239835
2022-06-03T15:14:00Z,332,CT_332_VSled_20220604,27.610000000000003,44407.29296478011,27.090856778884433
2022-06-03T15:16:00Z,332,CT_332_VSled_20220604,27.470000000000002,43698.892964780105,26.689228351031325
2022-06-03T15:18:00Z,332,CT_332_VSled_20220604,27.590000000000003,44480.892964780105,27.152408188086923
2022-06-03T15:20:00Z,332,CT_332_VSled_20220604,27.560000000000002,44198.892964780105,26.97788919655871
2022-06-03T15:22:00Z,332,CT_332_VSled_20220604,27.500000000000004,43809.992964780104,26.747731525385575
2022-06-03T15:24:00Z,332,CT_332_VSled_20220604,27.520000000000003,44017.59296478011,26.87749092104107
2022-06-03T15:26:00Z,332,CT_332_VSled_20220604,27.570000000000004,44372.1929647801,27.089994436940557
2022-06-03T15:28:00Z,332,CT_332_VSled_20220604,27.410000000000004,42782.992964780104,26.100694644659292
2022-06-03T15:30:00Z,332,CT_332_VSled_20220604,27.55,42568.29296478011,25.87796534720208
2022-06-03T15:32:00Z,332,CT_332_VSled_20220604,27.660000000000004,42719.492964780104,25.919687887178902
2022-06-03T15:34:00Z,332,CT_332_VSled_20220604,27.69,42525.1929647801,25.77222427672956
2022-06-03T15:36:00Z,332,CT_332_VSled_20220604,27.490000000000002,42312.392964780105,25.73779012881939
2022-06-03T15:38:00Z,332,CT_332_VSled_20220604,27.71,42566.992964780104,25.789473570919476
2022-06-03T15:40:00Z,332,CT_332_VSled_20220604,27.520000000000003,42248.09296478011,25.677944312102277
2022-06-03T15:42:00Z,332,CT_332_VSled_20220604,27.46,42496.492964780104,25.878836461470616
2022-06-03T15:44:00Z,332,CT_332_VSled_20220604,27.610000000000003,42360.1929647801,25.704588176316882
2022-06-03T15:46:00Z,332,CT_332_VSled_20220604,27.700000000000003,42504.29296478011,25.752684967307424
2022-06-03T15:48:00Z,332,CT_332_VSled_20220604,27.450000000000003,42140.492964780104,25.64333825305393
2022-06-03T15:50:00Z,332,CT_332_VSled_20220604,27.640000000000004,42153.29296478011,25.548789155130017
2022-06-03T15:52:00Z,332,CT_332_VSled_20220604,27.610000000000003,42436.59296478011,25.756144314033417
2022-06-03T15:54:00Z,332,CT_332_VSled_20220604,27.6,42094.59296478011,25.530877901888424
2022-06-03T15:56:00Z,332,CT_332_VSled_20220604,27.470000000000002,42070.392964780105,25.585046794509395
2022-06-03T15:58:00Z,332,CT_332_VSled_20220604,27.490000000000002,41917.29296478011,25.470749163053444
2022-06-03T16:00:00Z,332,CT_332_VSled_20220604,27.360000000000003,41886.992964780104,25.52069813485533
2022-06-03T16:02:00Z,332,CT_332_VSled_20220604,27.390000000000004,41772.892964780105,25.42721420980247
2022-06-03T16:04:00Z,332,CT_332_VSled_20220604,27.28,41655.79296478011,25.40740989376222
2022-06-03T16:06:00Z,332,CT_332_VSled_20220604,27.44,41638.392964780105,25.309335618903592
2022-06-03T16:08:00Z,332,CT_332_VSled_20220604,27.46,41921.09296478011,25.48955075858342
2022-06-03T16:10:00Z,332,CT_332_VSled_20220604,27.42,41860.59296478011,25.47030466909247
2022-06-03T16:12:00Z,332,CT_332_VSled_20220604,27.390000000000004,41573.992964780104,25.292704129832313
2022-06-03T16:14:00Z,332,CT_332_VSled_20220604,27.590000000000003,41878.1929647801,25.390413437837445
2022-06-03T16:16:00Z,332,CT_332_VSled_20220604,27.500000000000004,41909.6929647801,25.460210004508426
2022-06-03T16:18:00Z,332,CT_332_VSled_20220604,27.410000000000004,41855.59296478011,25.472336947878507
2022-06-03T16:20:00Z,332,CT_332_VSled_20220604,27.230000000000004,41729.1929647801,25.484300239532818
2022-06-03T16:22:00Z,332,CT_332_VSled_20220604,27.400000000000002,41914.79296478011,25.517809617937438
2022-06-03T16:24:00Z,332,CT_332_VSled_20220604,27.160000000000004,41495.09296478011,25.363294266287728
2022-06-03T16:26:00Z,332,CT_332_VSled_20220604,27.390000000000004,41705.492964780104,25.38162281677925
2022-06-03T16:28:00Z,332,CT_332_VSled_20220604,27.37,41594.992964780104,25.317665877496548
2022-06-03T16:30:00Z,332,CT_332_VSled_20220604,27.390000000000004,41796.6929647801,25.443315892098877
2022-06-03T16:32:00Z,332,CT_332_VSled_20220604,27.390000000000004,41760.392964780105,25.418757996635154
2022-06-03T16:34:00Z,332,CT_332_VSled_20220604,27.42,41730.492964780104,25.382340310128754
2022-06-03T16:36:00Z,332,CT_332_VSled_20220604,27.35,41502.492964780104,25.26585725170485
2022-06-03T16:38:00Z,332,CT_332_VSled_20220604,27.200000000000003,41450.79296478011,25.311609161276216
2022-06-03T16:40:00Z,332,CT_332_VSled_20220604,27.200000000000003,41423.79296478011,25.29329025175979
2022-06-03T16:42:00Z,332,CT_332_VSled_20220604,27.26,41493.79296478011,25.308409458217287
2022-06-03T16:44:00Z,332,CT_332_VSled_20220604,27.1,41365.09296478011,25.307397890876498
2022-06-03T16:46:00Z,332,CT_332_VSled_20220604,27.110000000000003,41243.1929647801,25.219168288332273
2022-06-03T16:48:00Z,332,CT_332_VSled_20220604,27.130000000000003,41355.29296478011,25.284541882993913
2022-06-03T16:50:00Z,332,CT_332_VSled_20220604,27.130000000000003,41385.79296478011,25.305261892144486
2022-06-03T16:52:00Z,332,CT_332_VSled_20220604,27.270000000000003,41422.59296478011,25.254781779903258
2022-06-03T16:54:00Z,332,CT_332_VSled_20220604,27.160000000000004,41332.09296478011,25.252615882881962
2022-06-03T16:56:00Z,332,CT_332_VSled_20220604,27.110000000000003,41565.392964780105,25.438174858323837
2022-06-03T16:58:00Z,332,CT_332_VSled_20220604,27.200000000000003,41475.392964780105,25.32830128110722
2022-06-03T17:00:00Z,332,CT_332_VSled_20220604,27.26,41493.79296478011,25.308409458217287
2022-06-03T17:02:00Z,332,CT_332_VSled_20220604,27.12,41451.992964780104,25.35565281835881
2022-06-03T17:04:00Z,332,CT_332_VSled_20220604,27.03,41327.1929647801,25.31946163230505
2022-06-03T17:06:00Z,332,CT_332_VSled_20220604,27.1,41345.492964780104,25.29407480324549
2022-06-03T17:08:00Z,332,CT_332_VSled_20220604,27.03,41290.59296478011,25.29454915340534
2022-06-03T17:10:00Z,332,CT_332_VSled_20220604,27.150000000000002,41280.892964780105,25.2232435806994
2022-06-03T17:12:00Z,332,CT_332_VSled_20220604,27.220000000000002,41350.392964780105,25.232740798118588
2022-06-03T17:14:00Z,332,CT_332_VSled_20220604,27.180000000000003,41334.492964780104,25.243476121186692
2022-06-03T17:16:00Z,332,CT_332_VSled_20220604,26.94,40902.79296478011,25.07899599727866
2022-06-03T17:18:00Z,332,CT_332_VSled_20220604,27.03,40973.1929647801,25.07864365346592
2022-06-03T17:20:00Z,332,CT_332_VSled_20220604,27.060000000000002,41016.392964780105,25.09193024293676
2022-06-03T17:22:00Z,332,CT_332_VSled_20220604,27.130000000000003,40888.492964780104,24.967709733482938
2022-06-03T17:24:00Z,332,CT_332_VSled_20220604,27.080000000000002,40884.892964780105,24.99192209189957
2022-06-03T17:26:00Z,332,CT_332_VSled_20220604,27.03,40925.392964780105,25.046150164582937
2022-06-03T17:28:00Z,332,CT_332_VSled_20220604,27.070000000000004,40889.6929647801,25.000517929959194
2022-06-03T17:30:00Z,332,CT_332_VSled_20220604,26.96,40779.1929647801,24.984154428485084
2022-06-03T17:32:00Z,332,CT_332_VSled_20220604,27.080000000000002,40936.1929647801,25.026752070901374
2022-06-03T17:34:00Z,332,CT_332_VSled_20220604,27.01,40952.892964780105,25.075557448030306
2022-06-03T17:36:00Z,332,CT_332_VSled_20220604,27.020000000000003,40930.1929647801,25.054765554609084
2022-06-03T17:38:00Z,332,CT_332_VSled_20220604,26.980000000000004,40909.892964780105,25.06238246330928
2022-06-03T17:40:00Z,332,CT_332_VSled_20220604,27.03,40966.09296478011,25.073816857266625
2022-06-03T17:42:00Z,332,CT_332_VSled_20220604,26.980000000000004,40932.59296478011,25.0778286630118
2022-06-03T17:44:00Z,332,CT_332_VSled_20220604,27.110000000000003,40945.6929647801,25.017177983740808
2022-06-03T17:46:00Z,332,CT_332_VSled_20220604,27.01,40855.09296478011,25.009057040569648
2022-06-03T17:48:00Z,332,CT_332_VSled_20220604,27.060000000000002,41028.392964780105,25.100084461049153
2022-06-03T17:50:00Z,332,CT_332_VSled_20220604,27.060000000000002,41081.29296478011,25.136035213671775
2022-06-03T17:52:00Z,332,CT_332_VSled_20220604,26.980000000000004,41035.59296478011,25.147930982435906
2022-06-03T17:54:00Z,332,CT_332_VSled_20220604,26.970000000000002,41047.59296478011,25.161479608016325
2022-06-03T17:56:00Z,332,CT_332_VSled_20220604,27.1,41029.59296478011,25.079472584778397
2022-06-03T17:58:00Z,332,CT_332_VSled_20220604,26.94,40982.79296478011,25.133483569651926
2022-06-03T18:00:00Z,332,CT_332_VSled_20220604,26.94,40838.492964780104,25.03521312207081
2022-06-03T18:02:00Z,332,CT_332_VSled_20220604,26.92,40748.392964780105,24.984567926075368
2022-06-03T18:04:00Z,332,CT_332_VSled_20220604,27.01,40980.392964780105,25.09426070359551
2022-06-03T18:06:00Z,332,CT_332_VSled_20220604,26.92,40915.892964780105,25.098654887170493
2022-06-03T18:08:00Z,332,CT_332_VSled_20220604,26.910000000000004,40877.79296478011,25.078064296128417
2022-06-03T18:10:00Z,332,CT_332_VSled_20220604,26.830000000000002,40817.09296478011,25.079634942964315
2022-06-03T18:12:00Z,332,CT_332_VSled_20220604,26.830000000000002,40782.6929647801,25.056161375881505
2022-06-03T18:14:00Z,332,CT_332_VSled_20220604,26.87,40641.09296478011,24.938194924391226
2022-06-03T18:16:00Z,332,CT_332_VSled_20220604,26.880000000000003,40382.892964780105,24.757044763913857
2022-06-03T18:18:00Z,332,CT_332_VSled_20220604,26.87,39922.992964780104,24.44953768217338
2022-06-03T18:20:00Z,332,CT_332_VSled_20220604,26.860000000000003,39613.492964780104,24.24451330511101
2022-06-03T18:22:00Z,332,CT_332_VSled_20220604,26.930000000000003,39537.6929647801,24.1568524495107
2022-06-03T18:24:00Z,332,CT_332_VSled_20220604,26.930000000000003,39458.79296478011,24.10338656563362
2022-06-03T18:26:00Z,332,CT_332_VSled_20220604,26.810000000000002,39317.392964780105,24.06933507136354
2022-06-03T18:28:00Z,332,CT_332_VSled_20220604,26.87,39423.392964780105,24.110327540835886
2022-06-03T18:30:00Z,332,CT_332_VSled_20220604,26.770000000000003,39290.992964780104,24.0720309594839
2022-06-03T18:32:00Z,332,CT_332_VSled_20220604,26.87,39314.09296478011,24.036200323743397
2022-06-03T18:34:00Z,332,CT_332_VSled_20220604,26.810000000000002,39185.6929647801,23.979938481111397
2022-06-03T18:36:00Z,332,CT_332_VSled_20220604,26.820000000000004,39122.29296478011,23.93179345034086
2022-06-03T18:38:00Z,332,CT_332_VSled_20220604,26.87,39077.6929647801,23.875976663061387
2022-06-03T18:40:00Z,332,CT_332_VSled_20220604,26.840000000000003,39097.29296478011,23.904598500894934
2022-06-03T18:42:00Z,332,CT_332_VSled_20220604,26.810000000000002,39165.992964780104,23.966570082777825
2022-06-03T18:44:00Z,332,CT_332_VSled_20220604,26.830000000000002,39170.392964780105,23.959292780570625
2022-06-03T18:46:00Z,332,CT_332_VSled_20220604,26.840000000000003,39417.892964780105,24.122081435365423
2022-06-03T18:48:00Z,332,CT_332_VSled_20220604,26.740000000000002,39644.79296478011,24.32822968461852
2022-06-03T18:50:00Z,332,CT_332_VSled_20220604,26.76,39659.392964780105,24.327736239627868
2022-06-03T18:52:00Z,332,CT_332_VSled_20220604,26.67,39396.892964780105,24.1958370956979
2022-06-03T18:54:00Z,332,CT_332_VSled_20220604,26.67,38991.79296478011,23.920078928915558
2022-06-03T18:56:00Z,332,CT_332_VSled_20220604,26.71,38429.992964780104,23.518156868901514
2022-06-03T18:58:00Z,332,CT_332_VSled_20220604,26.740000000000002,38287.79296478011,23.40668828795316
2022-06-03T19:00:00Z,332,CT_332_VSled_20220604,26.69,38372.992964780104,23.489575903816423
2022-06-03T19:02:00Z,332,CT_332_VSled_20220604,26.640000000000004,38505.09296478011,23.604514566140747
2022-06-03T19:04:00Z,332,CT_332_VSled_20220604,26.69,38399.392964780105,23.507484888114696
2022-06-03T19:06:00Z,332,CT_332_VSled_20220604,26.720000000000002,38248.992964780104,23.39043191296223
2022-06-03T19:08:00Z,332,CT_332_VSled_20220604,26.730000000000004,38305.6929647801,23.423833396642806
2022-06-03T19:10:00Z,332,CT_332_VSled_20220604,26.69,38376.1929647801,23.49174659537262
2022-06-03T19:12:00Z,332,CT_332_VSled_20220604,26.630000000000003,38454.29296478011,23.575063284571943
2022-06-03T19:14:00Z,332,CT_332_VSled_20220604,26.580000000000002,38434.1929647801,23.58671747044955
2022-06-03T19:16:00Z,332,CT_332_VSled_20220604,26.62,38361.392964780105,23.51700279955134
2022-06-03T19:18:00Z,332,CT_332_VSled_20220604,26.630000000000003,38245.892964780105,23.433525250007666
2022-06-03T19:20:00Z,332,CT_332_VSled_20220604,26.610000000000003,38047.6929647801,23.309021795266286
2022-06-03T19:22:00Z,332,CT_332_VSled_20220604,26.610000000000003,38100.6929647801,23.34499591068411
2022-06-03T19:24:00Z,332,CT_332_VSled_20220604,26.660000000000004,38141.392964780105,23.347559649749375
2022-06-03T19:26:00Z,332,CT_332_VSled_20220604,26.67,38296.1929647801,23.447543233117482
2022-06-03T19:28:00Z,332,CT_332_VSled_20220604,26.62,38353.992964780104,23.511975738474884
2022-06-03T19:30:00Z,332,CT_332_VSled_20220604,26.630000000000003,38544.392964780105,23.6362903264558
2022-06-03T19:32:00Z,332,CT_332_VSled_20220604,26.640000000000004,38736.392964780105,23.76173061018458
2022-06-03T19:34:00Z,332,CT_332_VSled_20220604,26.62,38758.892964780105,23.787242426465625
2022-06-03T19:36:00Z,332,CT_332_VSled_20220604,26.590000000000003,38921.492964780104,23.913304424781874
2022-06-03T19:38:00Z,332,CT_332_VSled_20220604,26.610000000000003,39133.1929647801,24.04724056837787
2022-06-03T19:40:00Z,332,CT_332_VSled_20220604,26.560000000000002,39186.79296478011,24.109657199276498
2022-06-03T19:42:00Z,332,CT_332_VSled_20220604,26.570000000000004,39152.892964780105,24.081351503096684
2022-06-03T19:44:00Z,332,CT_332_VSled_20220604,26.560000000000002,39108.1929647801,24.056033761564148
2022-06-03T19:46:00Z,332,CT_332_VSled_20220604,26.560000000000002,38956.09296478011,23.95231082556215
2022-06-03T19:48:00Z,332,CT_332_VSled_20220604,26.560000000000002,38914.992964780104,23.924293218268183
2022-06-03T19:50:00Z,332,CT_332_VSled_20220604,26.590000000000003,38852.392964780105,23.866238738448303
2022-06-03T19:52:00Z,332,CT_332_VSled_20220604,26.640000000000004,38803.992964780104,23.807704424557492
2022-06-03T19:54:00Z,332,CT_332_VSled_20220604,26.67,39107.09296478011,23.998523244748565
2022-06-03T19:56:00Z,332,CT_332_VSled_20220604,26.580000000000002,39314.09296478011,24.186140242628905
2022-06-03T19:58:00Z,332,CT_332_VSled_20220604,26.580000000000002,39529.892964780105,24.333451818901075
2022-06-03T20:00:00Z,332,CT_332_VSled_20220604,26.590000000000003,39545.492964780104,24.338874584536356
2022-06-03T20:02:00Z,332,CT_332_VSled_20220604,26.630000000000003,39493.1929647801,24.282294531343528
2022-06-03T20:04:00Z,332,CT_332_VSled_20220604,26.640000000000004,39600.09296478011,24.349992263655647
2022-06-03T20:06:00Z,332,CT_332_VSled_20220604,26.640000000000004,39764.79296478011,24.46238274352111
2022-06-03T20:08:00Z,332,CT_332_VSled_20220604,26.640000000000004,39859.59296478011,24.527104824537815
2022-06-03T20:10:00Z,332,CT_332_VSled_20220604,26.630000000000003,39875.392964780105,24.54316459074698
2022-06-03T20:12:00Z,332,CT_332_VSled_20220604,26.680000000000003,39894.6929647801,24.52999935466434
2022-06-03T20:14:00Z,332,CT_332_VSled_20220604,26.640000000000004,39886.6929647801,24.545610763847915
2022-06-03T20:16:00Z,332,CT_332_VSled_20220604,26.630000000000003,39903.6929647801,24.562495366884875
2022-06-03T20:18:00Z,332,CT_332_VSled_20220604,26.630000000000003,39907.09296478011,24.564817928093
2022-06-03T20:20:00Z,332,CT_332_VSled_20220604,26.660000000000004,39937.6929647801,24.569888479309846
2022-06-03T20:22:00Z,332,CT_332_VSled_20220604,26.610000000000003,39945.6929647801,24.601755615943876
2022-06-03T20:24:00Z,332,CT_332_VSled_20220604,26.660000000000004,40026.392964780105,24.630457482111446
2022-06-03T20:26:00Z,332,CT_332_VSled_20220604,26.630000000000003,40072.09296478011,24.677565452988514
2022-06-03T20:28:00Z,332,CT_332_VSled_20220604,26.640000000000004,40151.09296478011,24.726260215398476
2022-06-03T20:30:00Z,332,CT_332_VSled_20220604,26.590000000000003,40141.892964780105,24.7465419068723
2022-06-03T20:32:00Z,332,CT_332_VSled_20220604,26.610000000000003,40062.892964780105,24.68187982458801
2022-06-03T20:34:00Z,332,CT_332_VSled_20220604,26.62,39961.59296478011,24.607336486770787
2022-06-03T20:36:00Z,332,CT_332_VSled_20220604,26.680000000000003,39908.1929647801,24.53921110480359
2022-06-03T20:38:00Z,332,CT_332_VSled_20220604,26.67,39960.392964780105,24.580109816881333
2022-06-03T20:40:00Z,332,CT_332_VSled_20220604,26.62,40101.79296478011,24.703173490109343
2022-06-03T20:42:00Z,332,CT_332_VSled_20220604,26.640000000000004,40156.79296478011,24.730156637680846
2022-06-03T20:44:00Z,332,CT_332_VSled_20220604,26.630000000000003,40115.492964780104,24.707232854552647
2022-06-03T20:46:00Z,332,CT_332_VSled_20220604,26.62,40123.59296478011,24.718079838368695
2022-06-03T20:48:00Z,332,CT_332_VSled_20220604,26.610000000000003,40169.392964780105,24.754718941989143
2022-06-03T20:50:00Z,332,CT_332_VSled_20220604,26.610000000000003,40191.1929647801,24.769632253557916
2022-06-03T20:52:00Z,332,CT_332_VSled_20220604,26.67,40209.59296478011,24.750304026742164
2022-06-03T20:54:00Z,332,CT_332_VSled_20220604,26.630000000000003,40232.6929647801,24.78737218796187
2022-06-03T20:56:00Z,332,CT_332_VSled_20220604,26.630000000000003,40345.79296478011,24.86474075814569
2022-06-03T20:58:00Z,332,CT_332_VSled_20220604,26.610000000000003,40384.09296478011,24.901646629205292
2022-06-03T21:00:00Z,332,CT_332_VSled_20220604,26.570000000000004,40409.59296478011,24.94054057064594
2022-06-03T21:02:00Z,332,CT_332_VSled_20220604,26.590000000000003,40364.392964780105,24.898860732720077
2022-06-03T21:04:00Z,332,CT_332_VSled_20220604,26.590000000000003,40232.6929647801,24.808686629782844
2022-06-03T21:06:00Z,332,CT_332_VSled_20220604,26.590000000000003,40206.1929647801,24.790547533540156
2022-06-03T21:08:00Z,332,CT_332_VSled_20220604,26.590000000000003,40213.09296478011,24.795270373272867
2022-06-03T21:10:00Z,332,CT_332_VSled_20220604,26.570000000000004,40093.79296478011,24.724257236777188
2022-06-03T21:12:00Z,332,CT_332_VSled_20220604,26.580000000000002,40005.892964780105,24.658800066359664
2022-06-03T21:14:00Z,332,CT_332_VSled_20220604,26.590000000000003,39914.992964780104,24.59133935205795
2022-06-03T21:16:00Z,332,CT_332_VSled_20220604,26.630000000000003,39953.59296478011,24.596585291344034
2022-06-03T21:18:00Z,332,CT_332_VSled_20220604,26.570000000000004,39997.992964780104,24.658695948684564
2022-06-03T21:20:00Z,332,CT_332_VSled_20220604,26.560000000000002,40009.29296478011,24.671731797732594
2022-06-03T21:22:00Z,332,CT_332_VSled_20220604,26.610000000000003,40003.6929647801,24.641403202347718
2022-06-03T21:24:00Z,332,CT_332_VSled_20220604,26.570000000000004,39956.992964780104,24.63064443341552
2022-06-03T21:26:00Z,332,CT_332_VSled_20220604,26.520000000000003,39950.1929647801,24.65248645485045
2022-06-03T21:28:00Z,332,CT_332_VSled_20220604,26.560000000000002,40038.992964780104,24.69205997577059
2022-06-03T21:30:00Z,332,CT_332_VSled_20220604,26.590000000000003,40078.892964780105,24.703436074089506
2022-06-03T21:32:00Z,332,CT_332_VSled_20220604,26.560000000000002,40152.1929647801,24.769560165193518
2022-06-03T21:34:00Z,332,CT_332_VSled_20220604,26.520000000000003,40240.6929647801,24.851545425333462
2022-06-03T21:36:00Z,332,CT_332_VSled_20220604,26.470000000000002,40194.6929647801,24.846735688240273
2022-06-03T21:38:00Z,332,CT_332_VSled_20220604,26.490000000000002,40043.492964780104,24.73235631912485
2022-06-03T21:40:00Z,332,CT_332_VSled_20220604,26.480000000000004,39946.79296478011,24.67138548622065
2022-06-03T21:42:00Z,332,CT_332_VSled_20220604,26.490000000000002,39829.09296478011,24.585433142101458
2022-06-03T21:44:00Z,332,CT_332_VSled_20220604,26.500000000000004,39641.392964780105,24.45164022252996
2022-06-03T21:46:00Z,332,CT_332_VSled_20220604,26.470000000000002,39507.6929647801,24.375893377667044
2022-06-03T21:48:00Z,332,CT_332_VSled_20220604,26.450000000000003,39370.29296478011,24.292324878253265
2022-06-03T21:50:00Z,332,CT_332_VSled_20220604,26.44,39319.59296478011,24.262850485423172
2022-06-03T21:52:00Z,332,CT_332_VSled_20220604,26.470000000000002,39213.09296478011,24.174353018427897
2022-06-03T21:54:00Z,332,CT_332_VSled_20220604,26.490000000000002,39041.79296478011,24.046914801467473
2022-06-03T21:56:00Z,332,CT_332_VSled_20220604,26.540000000000003,38971.1929647801,23.972909183912908
2022-06-03T21:58:00Z,332,CT_332_VSled_20220604,26.44,38702.09296478011,23.84068197059913
2022-06-03T22:00:00Z,332,CT_332_VSled_20220604,26.470000000000002,38524.1929647801,23.703928547437826
2022-06-03T22:02:00Z,332,CT_332_VSled_20220604,26.42,38438.392964780105,23.67088310673514
2022-06-03T22:04:00Z,332,CT_332_VSled_20220604,26.470000000000002,38416.1929647801,23.63028917925656
2022-06-03T22:06:00Z,332,CT_332_VSled_20220604,26.470000000000002,38439.492964780104,23.64617366709661
2022-06-03T22:08:00Z,332,CT_332_VSled_20220604,26.450000000000003,38533.79296478011,23.72068238298865
2022-06-03T22:10:00Z,332,CT_332_VSled_20220604,26.520000000000003,38753.492964780104,23.8347265953156
2022-06-03T22:12:00Z,332,CT_332_VSled_20220604,26.53,38865.29296478011,23.905829856419846
2022-06-03T22:14:00Z,332,CT_332_VSled_20220604,26.430000000000003,38920.392964780105,23.9949824466625
2022-06-03T22:16:00Z,332,CT_332_VSled_20220604,26.470000000000002,39053.6929647801,24.065397054350964
2022-06-03T22:18:00Z,332,CT_332_VSled_20220604,26.480000000000004,39117.992964780104,24.10415309076737
2022-06-03T22:20:00Z,332,CT_332_VSled_20220604,26.470000000000002,39191.1929647801,24.159379703799345
2022-06-03T22:22:00Z,332,CT_332_VSled_20220604,26.470000000000002,39223.992964780104,24.181805944811316
2022-06-03T22:24:00Z,332,CT_332_VSled_20220604,26.500000000000004,39331.6929647801,24.239809403560756
2022-06-03T22:26:00Z,332,CT_332_VSled_20220604,26.470000000000002,39421.1929647801,24.31669453999907
2022-06-03T22:28:00Z,332,CT_332_VSled_20220604,26.520000000000003,39534.392964780105,24.367939492270118
2022-06-03T22:30:00Z,332,CT_332_VSled_20220604,26.480000000000004,39604.59296478011,24.436971907004956
2022-06-03T22:32:00Z,332,CT_332_VSled_20220604,26.53,39695.1929647801,24.472664360236536
2022-06-03T22:34:00Z,332,CT_332_VSled_20220604,26.470000000000002,39759.1929647801,24.548122701982514
2022-06-03T22:36:00Z,332,CT_332_VSled_20220604,26.400000000000002,39770.492964780104,24.592914862167333
2022-06-03T22:38:00Z,332,CT_332_VSled_20220604,26.450000000000003,39843.79296478011,24.61669171205506
2022-06-03T22:40:00Z,332,CT_332_VSled_20220604,26.470000000000002,39905.992964780104,24.6487266804471
2022-06-03T22:42:00Z,332,CT_332_VSled_20220604,26.520000000000003,39966.09296478011,24.66337608006071
2022-06-03T22:44:00Z,332,CT_332_VSled_20220604,26.44,39963.79296478011,24.704306872324047
2022-06-03T22:46:00Z,332,CT_332_VSled_20220604,26.450000000000003,40025.29296478011,24.741177344233567
2022-06-03T22:48:00Z,332,CT_332_VSled_20220604,26.42,40020.6929647801,24.754012547059613
2022-06-03T22:50:00Z,332,CT_332_VSled_20220604,26.450000000000003,40096.09296478011,24.789759638377824
2022-06-03T22:52:00Z,332,CT_332_VSled_20220604,26.490000000000002,40222.29296478011,24.85497252868231
2022-06-03T22:54:00Z,332,CT_332_VSled_20220604,26.490000000000002,40279.892964780105,24.894490245604892
2022-06-03T22:56:00Z,332,CT_332_VSled_20220604,26.44,40335.392964780105,24.95943464180951
2022-06-03T22:58:00Z,332,CT_332_VSled_20220604,26.430000000000003,40366.6929647801,24.986322500894726
2022-06-03T23:00:00Z,332,CT_332_VSled_20220604,26.400000000000002,40427.09296478011,25.04402406747408
2022-06-03T23:02:00Z,332,CT_332_VSled_20220604,26.470000000000002,40539.09296478011,25.083222743972115
2022-06-03T23:04:00Z,332,CT_332_VSled_20220604,26.53,40591.79296478011,25.087014529863705
2022-06-03T23:06:00Z,332,CT_332_VSled_20220604,26.480000000000004,40550.79296478011,25.085859634881935
2022-06-03T23:08:00Z,332,CT_332_VSled_20220604,26.520000000000003,40477.1929647801,25.01375923353299
2022-06-03T23:10:00Z,332,CT_332_VSled_20220604,26.44,40447.992964780104,25.036810835282207
2022-06-03T23:12:00Z,332,CT_332_VSled_20220604,26.490000000000002,40472.492964780104,25.026688399484957
2022-06-03T23:14:00Z,332,CT_332_VSled_20220604,26.560000000000002,40503.992964780104,25.010619299110864
2022-06-03T23:16:00Z,332,CT_332_VSled_20220604,26.500000000000004,40553.09296478011,25.07664016665116
2022-06-03T23:18:00Z,332,CT_332_VSled_20220604,26.490000000000002,40551.892964780105,25.081214758591376
2022-06-03T23:20:00Z,332,CT_332_VSled_20220604,26.44,40561.29296478011,25.11470035993046
2022-06-03T23:22:00Z,332,CT_332_VSled_20220604,26.470000000000002,40556.59296478011,25.095247350923604
2022-06-03T23:24:00Z,332,CT_332_VSled_20220604,26.500000000000004,40554.29296478011,25.07746418781362
2022-06-03T23:26:00Z,332,CT_332_VSled_20220604,26.470000000000002,40574.1929647801,25.107341448471978
2022-06-03T23:28:00Z,332,CT_332_VSled_20220604,26.520000000000003,40638.79296478011,25.12468063650839
2022-06-03T23:30:00Z,332,CT_332_VSled_20220604,26.520000000000003,40708.29296478011,25.172405282876618
2022-06-03T23:32:00Z,332,CT_332_VSled_20220604,26.380000000000003,40740.09296478011,25.270345761521593
2022-06-03T23:34:00Z,332,CT_332_VSled_20220604,26.42,40799.29296478011,25.289318987025798
2022-06-03T23:36:00Z,332,CT_332_VSled_20220604,26.520000000000003,40869.392964780105,25.283077024286587
2022-06-03T23:38:00Z,332,CT_332_VSled_20220604,26.450000000000003,40895.59296478011,25.33924768650118
2022-06-03T23:40:00Z,332,CT_332_VSled_20220604,26.44,40858.6929647801,25.31930577182857
2022-06-03T23:42:00Z,332,CT_332_VSled_20220604,26.480000000000004,40819.492964780104,25.270541407057415
2022-06-03T23:44:00Z,332,CT_332_VSled_20220604,26.490000000000002,40870.59296478011,25.30023532833851
2022-06-03T23:46:00Z,332,CT_332_VSled_20220604,26.400000000000002,40811.1929647801,25.308420916449496
2022-06-03T23:48:00Z,332,CT_332_VSled_20220604,26.380000000000003,40903.992964780104,25.383300430073795
2022-06-03T23:50:00Z,332,CT_332_VSled_20220604,26.42,40908.6929647801,25.364656744343403
2022-06-03T23:52:00Z,332,CT_332_VSled_20220604,26.44,40891.992964780104,25.342229395594995
2022-06-03T23:54:00Z,332,CT_332_VSled_20220604,26.560000000000002,40946.892964780105,25.31454415675725
2022-06-03T23:56:00Z,332,CT_332_VSled_20220604,26.490000000000002,40944.492964780104,25.351058200932826
2022-06-03T23:58:00Z,332,CT_332_VSled_20220604,26.470000000000002,40951.6929647801,25.36693390591723
2022-06-04T00:00:00Z,332,CT_332_VSled_20220604,26.470000000000002,40973.1929647801,25.38172943440533
2022-06-04T00:02:00Z,332,CT_332_VSled_20220604,26.430000000000003,40927.79296478011,25.372344055148066
2022-06-04T00:04:00Z,332,CT_332_VSled_20220604,26.42,40949.29296478011,25.392623399513152
2022-06-04T00:06:00Z,332,CT_332_VSled_20220604,26.400000000000002,40903.992964780104,25.37235601905068
2022-06-04T00:08:00Z,332,CT_332_VSled_20220604,26.42,40897.992964780104,25.357286913125577
2022-06-04T00:10:00Z,332,CT_332_VSled_20220604,26.450000000000003,40924.1929647801,25.358934019687524
2022-06-04T00:12:00Z,332,CT_332_VSled_20220604,26.520000000000003,40939.79296478011,25.331460567833368
2022-06-04T00:14:00Z,332,CT_332_VSled_20220604,26.430000000000003,40951.6929647801,25.388804225394665
2022-06-04T00:16:00Z,332,CT_332_VSled_20220604,26.42,40954.09296478011,25.395930076474308
2022-06-04T00:18:00Z,332,CT_332_VSled_20220604,26.450000000000003,40989.992964780104,25.404234166765278
2022-06-04T00:20:00Z,332,CT_332_VSled_20220604,26.42,41017.59296478011,25.439680116589322
2022-06-04T00:22:00Z,332,CT_332_VSled_20220604,26.520000000000003,41094.492964780104,25.43782436601371
2022-06-04T00:24:00Z,332,CT_332_VSled_20220604,26.450000000000003,41063.1929647801,25.454641654717875
2022-06-04T00:26:00Z,332,CT_332_VSled_20220604,26.400000000000002,41058.392964780105,25.4787788897869
2022-06-04T00:28:00Z,332,CT_332_VSled_20220604,26.430000000000003,41105.29296478011,25.494624394942342
2022-06-04T00:30:00Z,332,CT_332_VSled_20220604,26.35,41051.1929647801,25.501301938111855
2022-06-04T00:32:00Z,332,CT_332_VSled_20220604,26.42,41157.1929647801,25.535896982413874
2022-06-04T00:34:00Z,332,CT_332_VSled_20220604,26.380000000000003,41155.992964780104,25.557102934181916
2022-06-04T00:36:00Z,332,CT_332_VSled_20220604,26.480000000000004,41394.392964780105,25.666288941216976
2022-06-04T00:38:00Z,332,CT_332_VSled_20220604,26.450000000000003,41399.29296478011,25.68626198069375
2022-06-04T00:40:00Z,332,CT_332_VSled_20220604,26.430000000000003,41405.392964780105,25.701544460819576
2022-06-04T00:42:00Z,332,CT_332_VSled_20220604,26.44,41325.992964780104,25.64124880807832
2022-06-04T00:44:00Z,332,CT_332_VSled_20220604,26.430000000000003,41303.992964780104,25.631603474573993
2022-06-04T00:46:00Z,332,CT_332_VSled_20220604,26.53,41380.892964780105,25.62937931354513
2022-06-04T00:48:00Z,332,CT_332_VSled_20220604,26.380000000000003,41325.992964780104,25.674440980587026
2022-06-04T00:50:00Z,332,CT_332_VSled_20220604,26.44,41417.6929647801,25.704489275619043
2022-06-04T00:52:00Z,332,CT_332_VSled_20220604,26.430000000000003,41480.29296478011,25.753223559105756
2022-06-04T00:54:00Z,332,CT_332_VSled_20220604,26.450000000000003,41424.992964780104,25.703984578709328
2022-06-04T00:56:00Z,332,CT_332_VSled_20220604,26.42,41290.59296478011,25.62788639869965
2022-06-04T00:58:00Z,332,CT_332_VSled_20220604,26.480000000000004,41367.492964780104,25.647753119610524
2022-06-04T01:00:00Z,332,CT_332_VSled_20220604,26.380000000000003,41228.6929647801,25.607273304198642
2022-06-04T01:02:00Z,332,CT_332_VSled_20220604,26.390000000000004,41206.79296478011,25.58663971029093
2022-06-04T01:04:00Z,332,CT_332_VSled_20220604,26.470000000000002,41303.992964780104,25.609520521341185
2022-06-04T01:06:00Z,332,CT_332_VSled_20220604,26.380000000000003,41181.392964780105,25.57462999701297
2022-06-04T01:08:00Z,332,CT_332_VSled_20220604,26.390000000000004,41235.992964780104,25.60678838711227
2022-06-04T01:10:00Z,332,CT_332_VSled_20220604,26.480000000000004,41346.6929647801,25.633421832171383
2022-06-04T01:12:00Z,332,CT_332_VSled_20220604,26.290000000000003,41083.6929647801,25.556814335316073
2022-06-04T01:14:00Z,332,CT_332_VSled_20220604,26.35,41239.59296478011,25.63138032065618
2022-06-04T01:16:00Z,332,CT_332_VSled_20220604,26.320000000000004,41224.992964780104,25.637891815312148
2022-06-04T01:18:00Z,332,CT_332_VSled_20220604,26.390000000000004,41274.79296478011,25.63356460517732
2022-06-04T01:20:00Z,332,CT_332_VSled_20220604,26.340000000000003,41363.79296478011,25.722732267063208
2022-06-04T01:22:00Z,332,CT_332_VSled_20220604,26.42,41426.29296478011,25.7215077180276
2022-06-04T01:24:00Z,332,CT_332_VSled_20220604,26.490000000000002,41599.992964780104,25.802461934630923
2022-06-04T01:26:00Z,332,CT_332_VSled_20220604,26.44,41593.79296478011,25.82599496131498
2022-06-04T01:28:00Z,332,CT_332_VSled_20220604,26.430000000000003,41404.1929647801,25.700716605890793
2022-06-04T01:30:00Z,332,CT_332_VSled_20220604,26.390000000000004,42995.09296478011,26.82455198878657
2022-06-04T01:32:00Z,332,CT_332_VSled_20220604,26.450000000000003,43560.59296478011,27.18245045080896
2022-06-04T01:34:00Z,332,CT_332_VSled_20220604,26.44,43452.59296478011,27.113257959407076
2022-06-04T01:36:00Z,332,CT_332_VSled_20220604,26.340000000000003,43467.79296478011,27.182438730985428
2022-06-04T01:38:00Z,332,CT_332_VSled_20220604,26.270000000000003,44433.79296478011,27.898524315530086
2022-06-04T01:40:00Z,332,CT_332_VSled_20220604,26.330000000000002,44624.59296478011,27.995753258271098
2022-06-04T01:42:00Z,332,CT_332_VSled_20220604,26.44,45102.29296478011,28.262899776922705
2022-06-04T01:44:00Z,332,CT_332_VSled_20220604,26.42,45011.892964780105,28.21190809227098
2022-06-04T01:46:00Z,332,CT_332_VSled_20220604,26.35,45617.892964780105,28.679309826009256
2022-06-04T01:48:00Z,332,CT_332_VSled_20220604,26.42,49756.492964780104,31.555973218462405
2022-06-04T01:50:00Z,332,CT_332_VSled_20220604,26.290000000000003,48456.79296478011,30.72081363993784
2022-06-04T01:52:00Z,332,CT_332_VSled_20220604,26.470000000000002,49762.79296478011,31.526320968642054
2022-06-04T01:54:00Z,332,CT_332_VSled_20220604,26.44,49849.392964780105,31.608311992641827
2022-06-04T01:56:00Z,332,CT_332_VSled_20220604,26.330000000000002,48570.992964780104,30.775166664979636
2022-06-04T01:58:00Z,332,CT_332_VSled_20220604,26.490000000000002,49752.29296478011,31.505236859510035
2022-06-04T02:00:00Z,332,CT_332_VSled_20220604,26.560000000000002,50079.992964780104,31.689874598874525
2022-06-04T02:02:00Z,332,CT_332_VSled_20220604,26.44,49117.59296478011,31.089011147134425
2022-06-04T02:04:00Z,332,CT_332_VSled_20220604,26.200000000000003,48030.892964780105,30.47828717982978
2022-06-04T02:06:00Z,332,CT_332_VSled_20220604,26.240000000000002,48808.1929647801,31.003873216893986
2022-06-04T02:08:00Z,332,CT_332_VSled_20220604,26.320000000000004,48867.59296478011,30.99231593792121
2022-06-04T02:10:00Z,332,CT_332_VSled_20220604,26.44,49794.392964780105,31.569237662910467
2022-06-04T02:12:00Z,332,CT_332_VSled_20220604,26.330000000000002,49470.79296478011,31.414228150906748
2022-06-04T02:14:00Z,332,CT_332_VSled_20220604,26.500000000000004,50157.59296478011,31.786115419651182
2022-06-04T02:16:00Z,332,CT_332_VSled_20220604,26.290000000000003,49077.29296478011,31.161515412630006
2022-06-04T02:18:00Z,332,CT_332_VSled_20220604,26.3,48877.492964780104,31.012784273130684
2022-06-04T02:20:00Z,332,CT_332_VSled_20220604,26.500000000000004,50090.79296478011,31.73867203369766
2022-06-04T02:22:00Z,332,CT_332_VSled_20220604,26.220000000000002,48219.492964780104,30.598928471198505
2022-06-04T02:24:00Z,332,CT_332_VSled_20220604,26.200000000000003,48333.79296478011,30.693413622488215
2022-06-04T02:26:00Z,332,CT_332_VSled_20220604,26.400000000000002,49881.1929647801,31.6583099717255
2022-06-04T02:28:00Z,332,CT_332_VSled_20220604,26.270000000000003,49137.79296478011,31.218070875745397
2022-06-04T02:30:00Z,332,CT_332_VSled_20220604,26.390000000000004,49450.09296478011,31.358719141366112
2022-06-04T02:32:00Z,332,CT_332_VSled_20220604,26.490000000000002,49752.29296478011,31.505236859510035
2022-06-04T02:34:00Z,332,CT_332_VSled_20220604,26.3,48981.09296478011,31.086389521677116
2022-06-04T02:36:00Z,332,CT_332_VSled_20220604,26.390000000000004,49947.1929647801,31.712122798050057
2022-06-04T02:38:00Z,332,CT_332_VSled_20220604,26.330000000000002,50353.492964780104,32.04306086242799
2022-06-04T02:40:00Z,332,CT_332_VSled_20220604,26.430000000000003,51156.1929647801,32.54592188500394
2022-06-04T02:42:00Z,332,CT_332_VSled_20220604,26.42,52434.6929647801,33.46778456510657
2022-06-04T02:44:00Z,332,CT_332_VSled_20220604,26.320000000000004,53224.1929647801,34.1086218388933
2022-06-04T02:46:00Z,332,CT_332_VSled_20220604,26.340000000000003,54216.6929647801,34.80986481721002
2022-06-04T02:48:00Z,332,CT_332_VSled_20220604,26.400000000000002,55920.392964780105,35.99758508436652
2022-06-04T02:50:00Z,332,CT_332_VSled_20220604,26.320000000000004,54141.59296478011,34.77070680778085
2022-06-04T02:52:00Z,332,CT_332_VSled_20220604,26.340000000000003,53719.892964780105,34.45114324539044
2022-06-04T02:54:00Z,332,CT_332_VSled_20220604,26.290000000000003,53358.59296478011,34.227793394887506
2022-06-04T02:56:00Z,332,CT_332_VSled_20220604,26.450000000000003,55616.392964780105,35.73822521063546
2022-06-04T02:58:00Z,332,CT_332_VSled_20220604,26.35,54745.392964780105,35.18462755573993
2022-06-04T03:00:00Z,332,CT_332_VSled_20220604,26.180000000000003,52034.29296478011,33.35421370292052
2022-06-04T03:02:00Z,332,CT_332_VSled_20220604,26.3,54688.09296478011,35.18137580436476
2022-06-04T03:04:00Z,332,CT_332_VSled_20220604,26.37,55740.392964780105,35.89037186242219
2022-06-04T03:06:00Z,332,CT_332_VSled_20220604,26.3,54901.1929647801,35.33581082113086
2022-06-04T03:08:00Z,332,CT_332_VSled_20220604,26.390000000000004,55944.992964780104,36.023267952227044
2022-06-04T03:10:00Z,332,CT_332_VSled_20220604,26.28,54247.29296478011,34.87743666534223
2022-06-04T03:12:00Z,332,CT_332_VSled_20220604,26.430000000000003,55795.19296478011,35.88334150563645
2022-06-04T03:14:00Z,332,CT_332_VSled_20220604,26.42,55798.19296478011,35.89331172257751
2022-06-04T03:16:00Z,332,CT_332_VSled_20220604,26.430000000000003,55898.992964780104,35.958610468811436
2022-06-04T03:18:00Z,332,CT_332_VSled_20220604,26.270000000000003,54708.1929647801,35.21891092591857
2022-06-04T03:20:00Z,332,CT_332_VSled_20220604,26.250000000000004,54463.492964780104,35.056829659861585
2022-06-04T03:22:00Z,332,CT_332_VSled_20220604,26.28,54264.09296478011,34.889595296648885
2022-06-04T03:24:00Z,332,CT_332_VSled_20220604,26.450000000000003,56559.892964780105,36.422629792421446
2022-06-04T03:26:00Z,332,CT_332_VSled_20220604,26.500000000000004,56480.69296478011,36.3256383390832
2022-06-04T03:28:00Z,332,CT_332_VSled_20220604,26.400000000000002,57941.492964780104,37.469405435895666
2022-06-04T03:30:00Z,332,CT_332_VSled_20220604,26.390000000000004,58470.0929647801,37.86420639871397
2022-06-04T03:32:00Z,332,CT_332_VSled_20220604,26.44,58323.5929647801,37.71592959571679
2022-06-04T03:34:00Z,332,CT_332_VSled_20220604,26.3,56235.79296478011,36.305498253712265
2022-06-04T03:36:00Z,332,CT_332_VSled_20220604,26.28,56999.69296478011,36.87852326741717
2022-06-04T03:38:00Z,332,CT_332_VSled_20220604,26.35,57476.5929647801,37.17039886085889
2022-06-04T03:40:00Z,332,CT_332_VSled_20220604,26.380000000000003,57921.0929647801,37.470803779785044
2022-06-04T03:42:00Z,332,CT_332_VSled_20220604,26.330000000000002,57439.992964780104,37.15984430476066
2022-06-04T03:44:00Z,332,CT_332_VSled_20220604,26.430000000000003,58171.29296478011,37.612817971009925
2022-06-04T03:46:00Z,332,CT_332_VSled_20220604,26.37,58216.0929647801,37.69473891158953
2022-06-04T03:48:00Z,332,CT_332_VSled_20220604,26.290000000000003,56828.29296478011,36.74537228669209
2022-06-04T03:50:00Z,332,CT_332_VSled_20220604,26.35,57360.392964780105,37.085547491286384
2022-06-04T03:52:00Z,332,CT_332_VSled_20220604,26.390000000000004,58368.79296478011,37.7900579150556
2022-06-04T03:54:00Z,332,CT_332_VSled_20220604,26.44,58292.29296478011,37.693053051462684
2022-06-04T03:56:00Z,332,CT_332_VSled_20220604,26.400000000000002,58571.892964780105,37.930488641824375
2022-06-04T03:58:00Z,332,CT_332_VSled_20220604,26.430000000000003,58716.5929647801,38.01163434288321
2022-06-04T04:00:00Z,332,CT_332_VSled_20220604,26.35,58105.79296478011,37.63041674041291
2022-06-04T04:02:00Z,332,CT_332_VSled_20220604,26.3,58143.69296478011,37.69919428525263
2022-06-04T04:04:00Z,332,CT_332_VSled_20220604,26.400000000000002,58375.79296478011,37.786956093261516
2022-06-04T04:06:00Z,332,CT_332_VSled_20220604,26.37,57751.492964780104,37.35499994129523
2022-06-04T04:08:00Z,332,CT_332_VSled_20220604,26.450000000000003,59135.392964780105,38.3017443572228
2022-06-04T04:10:00Z,332,CT_332_VSled_20220604,26.330000000000002,57413.392964780105,37.14041124758395
2022-06-04T04:12:00Z,332,CT_332_VSled_20220604,26.340000000000003,58119.5929647801,37.64871443778858
2022-06-04T04:14:00Z,332,CT_332_VSled_20220604,26.380000000000003,58755.5929647801,38.08160666753883
2022-06-04T04:16:00Z,332,CT_332_VSled_20220604,26.400000000000002,59218.79296478011,38.40463283914667
2022-06-04T04:18:00Z,332,CT_332_VSled_20220604,26.250000000000004,54556.992964780104,35.1246012605441
2022-06-04T04:20:00Z,332,CT_332_VSled_20220604,26.250000000000004,56170.392964780105,36.29737284188188
2022-06-04T04:22:00Z,332,CT_332_VSled_20220604,26.320000000000004,58438.5929647801,37.898876759797844
2022-06-04T04:24:00Z,332,CT_332_VSled_20220604,26.380000000000003,59544.392964780105,38.660499270032545
2022-06-04T04:26:00Z,332,CT_332_VSled_20220604,26.380000000000003,58684.69296478011,38.02964712446836
2022-06-04T04:28:00Z,332,CT_332_VSled_20220604,26.28,58344.392964780105,37.86281556609435
2022-06-04T04:30:00Z,332,CT_332_VSled_20220604,26.330000000000002,59066.79296478011,38.35156857152423
2022-06-04T04:32:00Z,332,CT_332_VSled_20220604,26.28,56486.992964780104,36.50438665067147
2022-06-04T04:34:00Z,332,CT_332_VSled_20220604,26.35,59342.5929647801,38.53743781855733
2022-06-04T04:36:00Z,332,CT_332_VSled_20220604,26.250000000000004,56928.392964780105,36.85053163616331
2022-06-04T04:38:00Z,332,CT_332_VSled_20220604,26.340000000000003,58571.892964780105,37.98007621394083
2022-06-04T04:40:00Z,332,CT_332_VSled_20220604,26.340000000000003,58050.892964780105,37.59842687480919
2022-06-04T04:42:00Z,332,CT_332_VSled_20220604,26.380000000000003,57961.992964780104,37.50070105214745
2022-06-04T04:44:00Z,332,CT_332_VSled_20220604,26.380000000000003,57748.0929647801,37.34438792636681
2022-06-04T04:46:00Z,332,CT_332_VSled_20220604,26.340000000000003,57761.5929647801,37.386787489156795
2022-06-04T04:48:00Z,332,CT_332_VSled_20220604,26.35,57143.19296478011,36.92703124025617
2022-06-04T04:50:00Z,332,CT_332_VSled_20220604,26.250000000000004,55075.79296478011,35.501027385520004
2022-06-04T04:52:00Z,332,CT_332_VSled_20220604,26.330000000000002,57603.492964780104,37.279329292918234
2022-06-04T04:54:00Z,332,CT_332_VSled_20220604,26.270000000000003,57126.79296478011,36.97942627460316
2022-06-04T04:56:00Z,332,CT_332_VSled_20220604,26.3,56518.69296478011,36.51159860203655
2022-06-04T04:58:00Z,332,CT_332_VSled_20220604,26.270000000000003,56528.19296478011,36.54238547174136
2022-06-04T05:00:00Z,332,CT_332_VSled_20220604,26.28,56065.0929647801,36.19698618165346
2022-06-04T05:02:00Z,332,CT_332_VSled_20220604,26.200000000000003,52090.59296478011,33.38022880557933
2022-06-04T05:04:00Z,332,CT_332_VSled_20220604,26.270000000000003,52560.29296478011,33.66729962503307
2022-06-04T05:06:00Z,332,CT_332_VSled_20220604,26.200000000000003,51449.79296478011,32.919501612752065
2022-06-04T05:08:00Z,332,CT_332_VSled_20220604,26.230000000000004,51071.09296478011,32.62641744605136
2022-06-04T05:10:00Z,332,CT_332_VSled_20220604,26.230000000000004,49591.09296478011,31.568213368413957
2022-06-04T05:12:00Z,332,CT_332_VSled_20220604,26.230000000000004,49339.09296478011,31.388565182659033
2022-06-04T05:14:00Z,332,CT_332_VSled_20220604,26.28,49938.6929647801,31.781764198263573
2022-06-04T05:16:00Z,332,CT_332_VSled_20220604,26.220000000000002,48975.09296478011,31.13610308922424
2022-06-04T05:18:00Z,332,CT_332_VSled_20220604,26.230000000000004,48995.09296478011,31.143581710463945
2022-06-04T05:20:00Z,332,CT_332_VSled_20220604,26.3,49380.09296478011,31.370113879109404
2022-06-04T05:22:00Z,332,CT_332_VSled_20220604,26.270000000000003,48627.492964780104,30.855332173679816
2022-06-04T05:24:00Z,332,CT_332_VSled_20220604,26.200000000000003,48412.492964780104,30.749344987862187
2022-06-04T05:26:00Z,332,CT_332_VSled_20220604,26.240000000000002,48806.1929647801,31.002450970805434
2022-06-04T05:28:00Z,332,CT_332_VSled_20220604,26.270000000000003,48812.09296478011,30.98647869779309
2022-06-04T05:30:00Z,332,CT_332_VSled_20220604,26.28,48617.79296478011,30.841756082493397
2022-06-04T05:32:00Z,332,CT_332_VSled_20220604,26.180000000000003,47615.29296478011,30.196584913460388
2022-06-04T05:34:00Z,332,CT_332_VSled_20220604,26.12,47734.09296478011,30.320316840629207
2022-06-04T05:36:00Z,332,CT_332_VSled_20220604,26.240000000000002,48627.492964780104,30.87541279218229
2022-06-04T05:38:00Z,332,CT_332_VSled_20220604,26.230000000000004,48447.09296478011,30.753915324329
2022-06-04T05:40:00Z,332,CT_332_VSled_20220604,26.19,48263.1929647801,30.649902405441868
2022-06-04T05:42:00Z,332,CT_332_VSled_20220604,26.180000000000003,48106.09296478011,30.544929046763023
2022-06-04T05:44:00Z,332,CT_332_VSled_20220604,26.19,48204.29296478011,30.608053575742534
2022-06-04T05:46:00Z,332,CT_332_VSled_20220604,26.19,48156.992964780104,30.57445278605039
2022-06-04T05:48:00Z,332,CT_332_VSled_20220604,26.19,47642.59296478011,30.20939016248091
2022-06-04T05:50:00Z,332,CT_332_VSled_20220604,26.240000000000002,48092.892964780105,30.49583149525702
2022-06-04T05:52:00Z,332,CT_332_VSled_20220604,26.19,46838.492964780104,29.640035308340295
2022-06-04T05:54:00Z,332,CT_332_VSled_20220604,26.19,47721.29296478011,30.26520034139179
2022-06-04T05:56:00Z,332,CT_332_VSled_20220604,26.130000000000003,46712.992964780104,29.58980853691662
2022-06-04T05:58:00Z,332,CT_332_VSled_20220604,26.150000000000002,45829.1929647801,28.952741660112938
2022-06-04T06:00:00Z,332,CT_332_VSled_20220604,26.17,46217.992964780104,29.21443704601265
2022-06-04T06:02:00Z,332,CT_332_VSled_20220604,26.140000000000004,46059.992964780104,29.121885579922893
2022-06-04T06:04:00Z,332,CT_332_VSled_20220604,26.19,46347.6929647801,29.29330030000749
2022-06-04T06:06:00Z,332,CT_332_VSled_20220604,26.12,46206.492964780104,29.238017165804674
2022-06-04T06:08:00Z,332,CT_332_VSled_20220604,26.12,45421.992964780104,28.684445339190123
2022-06-04T06:10:00Z,332,CT_332_VSled_20220604,26.140000000000004,46130.59296478011,29.17173063329292
2022-06-04T06:12:00Z,332,CT_332_VSled_20220604,26.130000000000003,46646.392964780105,29.542680865216113
2022-06-04T06:14:00Z,332,CT_332_VSled_20220604,26.1,45546.492964780104,28.784683805032994
2022-06-04T06:16:00Z,332,CT_332_VSled_20220604,26.130000000000003,45033.29296478011,28.40456949721642
2022-06-04T06:18:00Z,332,CT_332_VSled_20220604,26.140000000000004,45686.392964780105,28.85832182781805
2022-06-04T06:20:00Z,332,CT_332_VSled_20220604,26.060000000000002,45379.6929647801,28.691977158305516
2022-06-04T06:22:00Z,332,CT_332_VSled_20220604,26.090000000000003,44780.09296478011,28.25101225437835
2022-06-04T06:24:00Z,332,CT_332_VSled_20220604,26.1,43528.6929647801,27.36663170179165
2022-06-04T06:26:00Z,332,CT_332_VSled_20220604,26.12,43753.6929647801,27.512320126265735
2022-06-04T06:28:00Z,332,CT_332_VSled_20220604,26.12,44579.992964780104,28.092000353659945
2022-06-04T06:30:00Z,332,CT_332_VSled_20220604,26.12,45114.59296478011,28.467949260701346
2022-06-04T06:32:00Z,332,CT_332_VSled_20220604,26.12,45340.6929647801,28.627164427644487
2022-06-04T06:34:00Z,332,CT_332_VSled_20220604,26.140000000000004,45373.492964780104,28.637846433380147
2022-06-04T06:36:00Z,332,CT_332_VSled_20220604,26.1,45125.29296478011,28.48783842303208
2022-06-04T06:38:00Z,332,CT_332_VSled_20220604,26.1,44955.492964780104,28.368294793673527
2022-06-04T06:40:00Z,332,CT_332_VSled_20220604,26.12,44669.29296478011,28.154749638402567
2022-06-04T06:42:00Z,332,CT_332_VSled_20220604,26.130000000000003,44300.59296478011,27.889752940335843
2022-06-04T06:44:00Z,332,CT_332_VSled_20220604,26.1,43581.492964780104,27.40360843852472
2022-06-04T06:46:00Z,332,CT_332_VSled_20220604,26.1,41712.992964780104,26.099329796676113
2022-06-04T06:48:00Z,332,CT_332_VSled_20220604,26.090000000000003,40432.892964780105,25.21632759776678
2022-06-04T06:50:00Z,332,CT_332_VSled_20220604,26.060000000000002,40909.892964780105,25.563585592015173
2022-06-04T06:52:00Z,332,CT_332_VSled_20220604,26.080000000000002,41770.392964780105,26.150594756194472
2022-06-04T06:54:00Z,332,CT_332_VSled_20220604,26.080000000000002,42593.1929647801,26.72422700655052
2022-06-04T06:56:00Z,332,CT_332_VSled_20220604,26.1,42239.09296478011,26.46567654930744
2022-06-04T06:58:00Z,332,CT_332_VSled_20220604,26.12,42504.29296478011,26.6390659412255
2022-06-04T07:00:00Z,332,CT_332_VSled_20220604,26.080000000000002,42530.392964780105,26.680384454049943
2022-06-04T07:02:00Z,332,CT_332_VSled_20220604,26.05,42846.6929647801,26.918809406494525
2022-06-04T07:04:00Z,332,CT_332_VSled_20220604,26.080000000000002,42258.29296478011,26.490538201922696
2022-06-04T07:06:00Z,332,CT_332_VSled_20220604,26.060000000000002,42881.392964780105,26.93723433978716
2022-06-04T07:08:00Z,332,CT_332_VSled_20220604,26.05,43029.992964780104,27.047035240981895
2022-06-04T07:10:00Z,332,CT_332_VSled_20220604,26.090000000000003,43363.09296478011,27.256613073034178
2022-06-04T07:12:00Z,332,CT_332_VSled_20220604,26.060000000000002,43832.6929647801,27.60356143840599
2022-06-04T07:14:00Z,332,CT_332_VSled_20220604,26.090000000000003,43386.392964780105,27.272923525393985
2022-06-04T07:16:00Z,332,CT_332_VSled_20220604,26.130000000000003,43863.79296478011,27.583481374542448
2022-06-04T07:18:00Z,332,CT_332_VSled_20220604,26.130000000000003,44685.6929647801,28.16016881287909
2022-06-04T07:20:00Z,332,CT_332_VSled_20220604,26.1,44240.992964780104,27.866055400255227
2022-06-04T07:22:00Z,332,CT_332_VSled_20220604,26.090000000000003,43001.79296478011,27.003870462299382
2022-06-04T07:24:00Z,332,CT_332_VSled_20220604,26.05,41597.492964780104,26.04720045204786
2022-06-04T07:26:00Z,332,CT_332_VSled_20220604,26.01,40328.492964780104,25.18765134101527
2022-06-04T07:28:00Z,332,CT_332_VSled_20220604,26.03,38379.29296478011,23.83037100668652
2022-06-04T07:30:00Z,332,CT_332_VSled_20220604,26.060000000000002,39698.59296478011,24.724507611361208
2022-06-04T07:32:00Z,332,CT_332_VSled_20220604,26.080000000000002,41719.1929647801,26.1149561461962
2022-06-04T07:34:00Z,332,CT_332_VSled_20220604,26.080000000000002,42200.59296478011,26.45030447516344
2022-06-04T07:36:00Z,332,CT_332_VSled_20220604,26.05,39624.6929647801,24.67878172070871
2022-06-04T07:38:00Z,332,CT_332_VSled_20220604,26.05,40352.79296478011,25.182666735083938
2022-06-04T07:40:00Z,332,CT_332_VSled_20220604,26.1,42519.892964780105,26.66149595504956
2022-06-04T07:42:00Z,332,CT_332_VSled_20220604,26.1,41985.492964780104,26.288996336860556
2022-06-04T07:44:00Z,332,CT_332_VSled_20220604,26.090000000000003,42569.59296478011,26.70196172636656
2022-06-04T07:46:00Z,332,CT_332_VSled_20220604,26.12,43203.1929647801,27.12707159464855
2022-06-04T07:48:00Z,332,CT_332_VSled_20220604,26.12,44655.892964780105,28.145332465085904
2022-06-04T07:50:00Z,332,CT_332_VSled_20220604,26.060000000000002,44702.1929647801,28.214576268864693
2022-06-04T07:52:00Z,332,CT_332_VSled_20220604,26.060000000000002,44538.492964780104,28.099396650562216
2022-06-04T07:54:00Z,332,CT_332_VSled_20220604,26.090000000000003,44762.09296478011,28.2383490567444
2022-06-04T07:56:00Z,332,CT_332_VSled_20220604,26.090000000000003,44551.79296478011,28.090460555719506
2022-06-04T07:58:00Z,332,CT_332_VSled_20220604,26.1,43927.6929647801,27.6462311384727
2022-06-04T08:00:00Z,332,CT_332_VSled_20220604,26.080000000000002,43484.392964780105,27.34746976923478
2022-06-04T08:02:00Z,332,CT_332_VSled_20220604,26.090000000000003,43058.29296478011,27.043372659924707
2022-06-04T08:04:00Z,332,CT_332_VSled_20220604,26.090000000000003,43525.892964780105,27.3706047133664
2022-06-04T08:06:00Z,332,CT_332_VSled_20220604,26.1,44342.892964780105,27.937605517825396
2022-06-04T08:08:00Z,332,CT_332_VSled_20220604,26.130000000000003,44920.59296478011,28.325296174315774
2022-06-04T08:10:00Z,332,CT_332_VSled_20220604,26.150000000000002,45156.09296478011,28.478629668493692
2022-06-04T08:12:00Z,332,CT_332_VSled_20220604,26.1,44870.59296478011,28.308549897862648
2022-06-04T08:14:00Z,332,CT_332_VSled_20220604,26.130000000000003,43957.59296478011,27.649211049092255
