Location,lat,lon,CowTagID,Top_Plate_ID,Bottom_Plate_ID,Jamie_Plate_ID,Plate_Seep,Date,Time,DateTime,Tide,Day_Night,TimeBlock,Salinity,Temperature,TA,TA_old,pH,Phosphate_umolL,Silicate_umolL,NN_umolL,Ammonia_umolL,M_C,HIX,MarineHumic_Like,VisibleHumidic_Like,Tryptophan_Like,Tyrosine_Like,Lignin_Like
Varari,-17.53975298,-149.900506,V1,V1,V21,J1,Plate,3/21/2022,8:00:00,NA,Low,Day,Morning,36.64,28.53,2360.030418,2357.33632,7.90482291,0.157620727,1.323530762,0.499259483,0.828499422,1.36100505,2.070245207,0.009523637,0.006997503,0,0.013325516,0.011755429
Varari,-17.53975298,-149.900506,V1,V1,V21,J1,Plate,3/21/2022,14:00:00,NA,High,Day,Afternoon,36.6,29.3,2335.812192,2333.14574,8.033556118,0.143281048,1.232851655,0.154868566,0.230482094,1.059863038,0.863850005,0.007434259,0.007014358,0.016463123,0.024102837,0.004187759
Varari,-17.53975298,-149.900506,V1,V1,V21,J1,Plate,3/21/2022,20:00:00,NA,Low,Night,Evening,36.34,28.92,2351.187334,2348.50333,7.949319217,0.187228219,4.940658029,0.758656776,0.673084523,1.10246661,2.288002077,0.010800031,0.009796244,0,0.008606324,0
Varari,-17.53975298,-149.900506,V1,V1,V21,J1,Plate,3/22/2022,2:00:00,NA,High,Night,Night,36.67,28.38,2363.573271,2360.875128,7.931007769,0.173399014,1.280613933,0.333959053,0.298588623,1.203857012,0.529940824,0.007684621,0.006383334,0.013723741,0.016529446,0.017177918
Varari,-17.53989003,-149.900519,V2,V2,V22,J2,Plate,3/21/2022,8:00:00,NA,Low,Day,Morning,36.54,28.6,2354.598713,2350.56917,7.925236768,0.157527914,1.782810054,0.342611639,0.583375924,1.279927052,0.952468322,0.011658515,0.009108734,0.006920172,0.027420717,0
Varari,-17.53989003,-149.900519,V2,V2,V22,J2,Plate,3/21/2022,14:00:00,NA,High,Day,Afternoon,36.57,29.32,2339.690601,2335.686567,8.039916818,0.147550467,1.036264889,0.342431376,0.226041669,0.901572335,3.564129285,0.004752104,0.005270907,0,0.014538631,0
Varari,-17.53989003,-149.900519,V2,V2,V22,J2,Plate,3/21/2022,20:00:00,NA,Low,Night,Evening,36.42,28.91,2344.681854,2340.669278,7.966953476,0.171589152,3.700915433,0.620575938,0.256344574,1.100361086,0.616639419,0.010844165,0.009855097,0.011569429,0.021505194,0.027768888
Varari,-17.53989003,-149.900519,V2,V2,V22,J2,Plate,3/22/2022,2:00:00,NA,High,Night,Night,36.64,28.43,2364.499877,2360.453386,7.931920658,0.174559182,1.1272901,0.232831964,0.163935715,1.308159768,0.584781952,0.009120971,0.006972368,0.016277705,0.016431946,0.012686537
Varari,-17.54012598,-149.90056,V3,V3,V23,J3,Plate,3/21/2022,8:00:00,NA,Low,Day,Morning,36.43,28.66,2360.160577,2354.77823,7.917425626,0.155996492,3.033281857,0.287992195,0.411099409,NA,NA,NA,NA,NA,NA,NA
Varari,-17.54012598,-149.90056,V3,V3,V23,J3,Plate,3/21/2022,14:00:00,NA,High,Day,Afternoon,36.57,29.31,2343.713051,2338.368209,8.046582442,0.112838235,0.940740334,0.17487767,0.223401416,1.921248717,0.400472295,0.015106143,0.007862669,0.157029944,0.049278717,0.239735546
Varari,-17.54012598,-149.90056,V3,V3,V23,J3,Plate,3/21/2022,20:00:00,NA,Low,Night,Evening,36.57,28.9,2345.164835,2339.816683,7.979633626,0.165463464,1.382714454,0.458430097,0.466304701,NA,NA,NA,NA,NA,NA,NA
Varari,-17.54012598,-149.90056,V3,V3,V23,J3,Plate,3/22/2022,2:00:00,NA,High,Night,Night,36.63,28.48,2366.741848,2361.344489,7.939845967,0.164024855,0.950777335,0.192002578,0.66846408,1.301567511,0.531189835,0.008457209,0.006497711,0.015200927,0.021746421,0.007616094
Varari,-17.54024902,-149.900454,V4,V4,V24,J4,Plate,3/21/2022,8:00:00,NA,Low,Day,Morning,36.57,28.73,2360.184331,2353.46016,7.961419449,0.135763159,1.174706274,0.198672279,0.408759185,NA,NA,NA,NA,NA,NA,NA
Varari,-17.54024902,-149.900454,V4,V4,V24,J4,Plate,3/21/2022,14:00:00,NA,High,Day,Afternoon,36.55,29.33,2353.388985,2346.684173,8.050210917,0.128152455,0.853522262,0.184071041,0.328291471,0.638988814,59.53256376,0.001938466,0.003033646,0,0.005874854,0
Varari,-17.54024902,-149.900454,V4,V4,V24,J4,Plate,3/21/2022,20:00:00,NA,Low,Night,Evening,36.54,28.86,2344.982533,2338.301671,7.991741561,0.143373862,0.99334806,0.252300281,0.237262744,1.195031175,0.889436801,0.008343127,0.006981514,0,0.023822404,0
Varari,-17.54024902,-149.900454,V4,V4,V24,J4,Plate,3/22/2022,2:00:00,NA,High,Night,Night,36.65,28.49,2369.173633,2362.423851,7.948435473,0.163003907,0.889170919,0.184431566,0.132552707,1.279086937,0.466482892,0.008088218,0.006323431,0.018388238,0.048420349,0.020157715
Varari,-17.54025003,-149.900336,V5,V5,V25,J5,Plate,3/21/2022,8:00:00,NA,Low,Day,Morning,36.57,28.73,2357.179051,2349.12491,7.951506816,0.142770574,1.111715444,0.183710517,0.421300387,1.29494044,0.412844304,0.01056014,0.008154923,0.018995304,0.039085969,0.015798492
Varari,-17.54025003,-149.900336,V5,V5,V25,J5,Plate,3/21/2022,14:00:00,NA,High,Day,Afternoon,36.58,29.37,2329.736285,2321.775911,8.047674165,0.116086706,0.891247539,0.255725262,0.252924246,0.754650607,4.899762883,0.002693118,0.003568696,0,0.020303825,0
Varari,-17.54025003,-149.900336,V5,V5,V25,J5,Plate,3/21/2022,20:00:00,NA,Low,Night,Evening,36.5,28.88,2336.652228,2328.668223,7.986013405,0.162771874,2.390567731,0.3723549,0.470025058,1.171235204,1.071510245,0.007806523,0.006665206,0,0.016948079,0
Varari,-17.54025003,-149.900336,V5,V5,V25,J5,Plate,3/22/2022,2:00:00,NA,High,Night,Night,36.61,28.47,2360.366127,2352.301094,7.946261267,0.161890146,0.925165679,0.135219987,0.147074099,1.149781712,0.335216275,0.007460456,0.006488585,0.036795484,0.052240298,0.006693232
Varari,-17.54002498,-149.900106,V6,V6,V26,J6,Plate,3/21/2022,8:00:00,NA,Low,Day,Morning,36.43,28.51,2415.341749,2405.71887,7.916228541,0.18040643,3.862199646,0.534681004,0.298948658,1.3472734,0.496235089,0.016434016,0.012197981,0.107337793,0.056222369,0.17906634
Varari,-17.54002498,-149.900106,V6,V6,V26,J6,Plate,3/21/2022,14:00:00,NA,High,Day,Afternoon,36.58,29.29,2345.154066,2335.810823,8.030438956,0.141610406,1.678632912,0.134498939,0.237622779,0.829101545,3.697860636,0.00578912,0.006982401,0,0.014818808,0
Varari,-17.54002498,-149.900106,V6,V6,V26,J6,Plate,3/21/2022,20:00:00,NA,Low,Night,Evening,36.36,28.93,2352.296134,2342.924436,7.993416428,0.17033617,4.688002503,0.424090149,0.263965304,1.05833751,1.04775346,0.008800874,0.008315753,0,0.017086726,0
Varari,-17.54002498,-149.900106,V6,V6,V26,J6,Plate,3/22/2022,2:00:00,NA,High,Night,Night,36.56,28.34,2364.709883,2355.288728,7.935626006,0.165834718,1.491044837,0.175148063,0.125652045,1.35508942,0.440755686,0.019962606,0.014731578,0.082161543,0.049541803,0.040022089
Varari,-17.54004803,-149.899985,V7,V7,V27,J7,Plate,3/21/2022,8:00:00,NA,Low,Day,Morning,36.32,28.72,2368.432793,2357.65494,7.913070487,0.166391599,5.850910131,0.479520773,0.224841554,1.149427389,0.482719759,0.01245427,0.010835195,0.032236901,0.031122833,0.013441363
Varari,-17.54004803,-149.899985,V7,V7,V27,J7,Plate,3/21/2022,14:00:00,NA,High,Day,Afternoon,36.58,29.48,2343.202257,2332.53922,8.02437026,0.148432195,2.091534341,0.168388231,0.179777234,0.971895137,4.574444203,0.005766049,0.00593279,0,0.013220752,0
Varari,-17.54004803,-149.899985,V7,V7,V27,J7,Plate,3/21/2022,20:00:00,NA,Low,Night,Evening,36.45,29.16,2344.339551,2333.671339,7.995342476,0.167690987,3.509866323,0.379385126,0.239062917,NA,NA,NA,NA,NA,NA,NA
Varari,-17.54004803,-149.899985,V7,V7,V27,J7,Plate,3/22/2022,2:00:00,NA,High,Night,Night,36.46,28.53,2352.654165,2341.948116,7.937050652,0.17558013,1.628447911,0.203178834,0.162075537,NA,NA,NA,NA,NA,NA,NA
Varari,-17.54014903,-149.899896,V8,V8,V28,J8,Plate,3/21/2022,8:00:00,NA,Low,Day,Morning,36.57,28.77,2359.060441,2346.99021,7.93021162,0.158502455,2.253510761,0.264828503,0.342932874,1.068163131,0.709079444,0.008015095,0.007503624,0,0.04148107,0.002407096
Varari,-17.54014903,-149.899896,V8,V8,V28,J8,Plate,3/21/2022,14:00:00,NA,High,Day,Afternoon,36.56,29.43,2341.203064,2329.224197,8.0319223,0.145415758,1.411441041,0.256085787,0.170716365,1.364766979,9.025763103,0.007817482,0.005728071,0,0.013927392,0
Varari,-17.54014903,-149.899896,V8,V8,V28,J8,Plate,3/21/2022,20:00:00,NA,Low,Night,Evening,36.46,29.07,2350.105033,2338.080618,7.992804263,0.171403525,3.702299847,0.406694848,0.237502768,1.235396797,0.439161405,0.016488468,0.013346698,0.057031423,0.033677139,0.020234998
Varari,-17.54014903,-149.899896,V8,V8,V28,J8,Plate,3/22/2022,2:00:00,NA,High,Night,Night,36.68,28.61,2367.278158,2355.165876,7.944457031,0.166345192,1.306225589,0.169830328,0.13123258,1.209667489,0.464744319,0.008753957,0.007236664,0.018613498,0.020819215,0.025032465
Varari,-17.540245,-149.899765,V9,V9,V29,J9,Plate,3/21/2022,8:00:00,NA,Low,Day,Morning,36.52,28.86,2359.34431,2345.93894,7.93202266,0.145879825,1.136980996,0.218591251,0.264385345,,,,,,,
Varari,-17.540245,-149.899765,V9,V9,V29,J9,Plate,3/21/2022,14:00:00,NA,High,Day,Afternoon,36.6,29.45,2343.675148,2330.358812,8.035633837,0.131586553,1.126597893,0.163160627,0.167896095,0.773305376,9.013822495,0.003620947,0.004682428,0,0.004344369,0
Varari,-17.540245,-149.899765,V9,V9,V29,J9,Plate,3/21/2022,20:00:00,NA,Low,Night,Evening,36.56,29.1,2345.949261,2332.620004,7.995988971,0.148617822,1.543652563,0.244549007,0.224481519,1.342952166,1.713598185,0.010165433,0.007569467,5.08E-04,0.017614012,0
Varari,-17.540245,-149.899765,V9,V9,V29,J9,Plate,3/22/2022,2:00:00,NA,High,Night,Night,36.61,28.92,2367.575973,2354.123837,7.935899989,0.158827302,1.031073338,0.105927381,0.163515675,1.100255334,0.485238859,0.008030099,0.007298396,0.001525627,0.050210851,0
Varari,-17.54030501,-149.899788,V10,V10,V30,J10,Plate,3/21/2022,8:00:00,NA,Low,Day,Morning,36.61,28.93,2357.0023,2342.2794,7.946069501,0.142028067,1.068798615,0.148829783,0.280526892,1.320175109,1.046098185,0.009785695,0.007412422,0.005053309,0.020231792,0.016685393
Varari,-17.54030501,-149.899788,V10,V10,V30,J10,Plate,3/21/2022,14:00:00,NA,High,Day,Afternoon,36.56,29.51,2344.158758,2329.516085,8.041790621,0.132885942,1.241850345,0.073660449,0.334172034,1.338778793,0.473848882,0.008726728,0.006518424,0.070161518,0.032562298,0.069295637
Varari,-17.54030501,-149.899788,V10,V10,V30,J10,Plate,3/21/2022,20:00:00,NA,Low,Night,Evening,36.58,29.13,2358.431917,2343.700088,8.000591151,0.15502195,0.987118198,0.185062483,0.215540662,2.095398307,0.333124563,0.014709359,0.007019839,0.095856659,0.044020628,0.146556383
Varari,-17.54030501,-149.899788,V10,V10,V30,J10,Plate,3/22/2022,2:00:00,NA,High,Night,Night,36.61,28.71,2370.347295,2355.541037,7.941249573,0.145601385,1.004769475,0.101060302,0.129792442,1.139443168,0.356873975,0.009329769,0.008188007,0.036817889,0.052860435,0.014396448
Varari,-17.54019303,-149.900068,V11,V11,V31,J11,Plate,3/21/2022,8:00:00,NA,Low,Day,Morning,36.59,28.63,2355.969523,2339.92433,7.946833199,0.152887241,1.067414201,0.540719787,0.294148198,1.521986269,0.415026115,0.010920345,0.007175061,0.044764364,0.034482266,0.025748814
Varari,-17.54019303,-149.900068,V11,V11,V31,J11,Plate,3/21/2022,14:00:00,NA,High,Day,Afternoon,36.58,29.3,2332.497843,2316.6125,8.042885777,0.130612012,0.977081198,0.122511503,0.161655497,1.721489642,38.19083582,0.006627287,0.00384974,0,0.001490136,0.008345495
Varari,-17.54019303,-149.900068,V11,V11,V31,J11,Plate,3/21/2022,20:00:00,NA,Low,Night,Evening,36.37,28.88,2354.045701,2338.013608,7.99379214,0.173538235,3.202180346,0.411652058,0.240503055,1.215953657,0.527476395,0.009486084,0.007801353,0.02217269,0.02919076,0.015417744
Varari,-17.54019303,-149.900068,V11,V11,V31,J11,Plate,3/22/2022,2:00:00,NA,High,Night,Night,36.63,28.45,2401.863591,2385.505837,7.941591869,0.163467975,1.000616233,0.174607276,0.092888905,1.241714886,0.524226985,0.00843598,0.006793814,0.018406329,0.024259011,0.003590115
Varari,-17.54030996,-149.900112,V12,V12,V32,J12,Plate,3/21/2022,8:00:00,NA,Low,Day,Morning,36.5,28.72,2356.640857,2339.26347,7.955646476,0.140682272,1.077105098,0.156400795,0.216320737,1.232291441,0.580524465,0.010519692,0.008536692,0.030439722,0.04407312,0.028862668
Varari,-17.54030996,-149.900112,V12,V12,V32,J12,Plate,3/21/2022,14:00:00,NA,High,Day,Afternoon,36.58,29.38,2349.013661,2331.692517,8.048052751,0.131215299,0.909244919,0.111785903,0.236962716,0.685851726,6.351182882,0.003484956,0.005081209,0,0.009411609,0
Varari,-17.54030996,-149.900112,V12,V12,V32,J12,Plate,3/21/2022,20:00:00,NA,Low,Night,Evening,36.6,28.88,2336.984344,2319.751901,7.99886909,0.148385788,0.940740334,0.25716736,0.203179477,1.328480304,0.340844148,0.010848715,0.00816626,0.028997159,0.067038746,0
Varari,-17.54030996,-149.900112,V12,V12,V32,J12,Plate,3/22/2022,2:00:00,NA,High,Night,Night,36.63,28.48,2373.605395,2356.102916,7.944709264,0.163143128,0.926550092,0.122962158,0.125171999,1.291640499,0.408131857,0.012167773,0.009420402,0.052452556,0.027037067,0.009644116
Varari,-17.540749,-149.899133,V13,V13,V33,J13,Plate,3/21/2022,8:00:00,NA,Low,Day,Morning,36.38,28.76,2357.228525,2338.52036,7.932415829,0.148014535,1.359525522,0.288713243,1.689881996,1.218680477,0.535505767,0.009371329,0.007689734,0.020033735,0.028457123,0.016819658
Varari,-17.540749,-149.899133,V13,V13,V33,J13,Plate,3/21/2022,14:00:00,NA,High,Day,Afternoon,36.6,29.43,2347.897,2329.262897,8.03491098,0.134742211,1.410056627,0.198672279,0.300688825,1.225445493,6.734150989,0.00502425,0.004099937,0,0.005793002,0
Varari,-17.540749,-149.899133,V13,V13,V33,J13,Plate,3/21/2022,20:00:00,NA,Low,Night,Evening,36.55,29.15,2339.197606,2320.632545,7.994936648,0.157527914,1.252579552,0.34603662,0.242303228,1.137401244,0.768686919,0.011259249,0.009899101,0.015732632,0.034483442,0.013441677
Varari,-17.540749,-149.899133,V13,V13,V33,J13,Plate,3/22/2022,2:00:00,NA,High,Night,Night,36.6,28.56,2369.185912,2350.382849,7.936854268,0.164488923,1.170206929,0.125666091,0.132612713,1.136642921,0.453692205,0.008262263,0.007269005,0,0.054312439,0
Varari,-17.54039696,-149.899396,V14,V14,V34,J14,Plate,3/21/2022,8:00:00,NA,Low,Day,Morning,36.51,28.62,2374.578334,2354.98,7.915014661,0.150984565,2.995210477,0.174607276,0.236122635,NA,NA,NA,NA,NA,NA,NA
Varari,-17.54039696,-149.899396,V14,V14,V34,J14,Plate,3/21/2022,14:00:00,NA,High,Day,Afternoon,36.5,29.4,2349.48283,2322.19,8.015432503,0.143002608,3.126037585,0.181276977,0.236602681,0.968985999,2.77002627,0.006656852,0.006869915,0,0.021641741,0
Varari,-17.54039696,-149.899396,V14,V14,V34,J14,Plate,3/21/2022,20:00:00,NA,Low,Night,Evening,36.47,29.11,2347.417933,2326.22,8.015504621,0.156135712,3.467295597,0.279610003,0.272426115,NA,NA,NA,NA,NA,NA,NA
Varari,-17.54039696,-149.899396,V14,V14,V34,J14,Plate,3/22/2022,2:00:00,NA,High,Night,Night,36.57,28.53,2365.440607,2331.97,7.94137008,0.163235941,2.041695443,0.180736191,0.223881462,1.266056725,0.42302776,0.010871688,0.008587046,0.034688643,0.0433801,0.029392781
Varari,-17.54014299,-149.900183,V15,V15,V35,J15,Plate,3/21/2022,8:00:00,NA,Low,Day,Morning,36.58,28.72,2359.046618,2337.6736,7.93708686,0.154511476,1.619795324,0.235175373,0.180377291,1.070654579,3.95925051,0.008713545,0.008138521,0,0.013539826,0
Varari,-17.54014299,-149.900183,V15,V15,V35,J15,Plate,3/21/2022,14:00:00,NA,High,Day,Afternoon,36.56,29.4,2346.989322,2325.725545,8.036101701,0.148246568,1.035918786,0.1682981,0.194538649,1.115421332,0.921008719,0.007408465,0.006641854,0.013985805,0.026444661,0.006765301
Varari,-17.54014299,-149.900183,V15,V15,V35,J15,Plate,3/21/2022,20:00:00,NA,Low,Night,Evening,36.38,28.97,2347.543052,2326.274259,7.992555357,0.179246262,4.175077174,0.529273138,0.242183216,1.239309675,0.758817467,0.011432821,0.009225153,0.012834285,0.030571847,0.010180155
Varari,-17.54014299,-149.900183,V15,V15,V35,J15,Plate,3/22/2022,2:00:00,NA,High,Night,Night,36.59,28.51,2374.253092,2352.742306,7.939657543,0.167134106,0.984003267,0.280331052,1.451119107,1.065508032,0.262398929,0.006712614,0.006299919,0.006827731,0.053508218,0
Varari,-17.54029797,-149.900492,V16,V16,V36,J16,Plate,3/21/2022,8:00:00,NA,Low,Day,Morning,36.59,28.83,2366.281725,2343.51614,7.969967911,0.149545957,1.469932526,0.087811031,0.387457142,1.37598056,0.84154098,0.006854041,0.004981205,0,0.024168787,0
Varari,-17.54029797,-149.900492,V16,V16,V36,J16,Plate,3/21/2022,14:00:00,NA,High,Day,Afternoon,36.55,29.36,2352.519156,2329.885978,8.052399018,0.127456354,0.828602813,0.130262777,0.235582583,1.20061521,0.791160855,0.006377578,0.005311925,0.014054019,0.018457745,0.016465211
Varari,-17.54029797,-149.900492,V16,V16,V36,J16,Plate,3/21/2022,20:00:00,NA,Low,Night,Evening,36.61,28.7,2355.993546,2333.326941,8.004468017,0.164999397,1.081950546,0.156671188,0.178217084,1.280498188,1.098096925,0.00863863,0.006746304,0.005182592,0.024633447,0
Varari,-17.54029797,-149.900492,V16,V16,V36,J16,Plate,3/22/2022,2:00:00,NA,High,Night,Night,36.64,28.58,2373.334419,2350.500981,7.951601106,0.152701614,0.900592333,0.128910811,0.302008951,1.214815385,0.892717801,0.007703749,0.006341498,0.025303073,0.027958808,0.024651372
Varari,-17.54031901,-149.899572,V17,V17,V37,J20,Plate,3/21/2022,8:00:00,NA,Low,Day,Morning,36.55,28.46,2366.157744,2351.13,7.921680295,0.141331966,2.499244218,0.212372205,0.229522002,1.133177191,0.837087041,0.009565601,0.0084414,0.013671922,0.015267249,0.002317239
Varari,-17.54031901,-149.899572,V17,V17,V37,J20,Plate,3/21/2022,14:00:00,NA,High,Day,Afternoon,36.57,29.28,2354.196426,2329.38,8.021317911,0.152980054,2.562235048,0.173705965,0.187577982,2.765376805,0.42765709,0.020458724,0.007398169,0.144882448,0.023773131,0.29593083
Varari,-17.54031901,-149.899572,V17,V17,V37,J20,Plate,3/21/2022,20:00:00,NA,Low,Night,Evening,36.46,28.97,2344.724376,2325.71,8.008163122,0.149221109,2.725595881,0.344684654,0.248183791,1.158816837,0.550204688,0.012989377,0.011209171,0.033769275,0.041876991,0.032412318
Varari,-17.54031901,-149.899572,V17,V17,V37,J20,Plate,3/22/2022,2:00:00,NA,High,Night,Night,36.59,28.33,2368.312777,2339.7,7.953955837,0.142213694,1.565803184,0.156130402,17.11922004,1.171818069,0.578088728,0.010740623,0.009165777,0.018066686,0.029757485,0.005725153
Varari,-17.54019697,-149.899906,V18,V18,V38,J17,Plate,3/21/2022,8:00:00,NA,Low,Day,Morning,36.58,28.77,2359.099828,2329.31,7.934220318,0.14680796,1.228006207,0.163340889,0.20497965,NA,NA,NA,NA,NA,NA,NA
Varari,-17.54019697,-149.899906,V18,V18,V38,J17,Plate,3/21/2022,14:00:00,NA,High,Day,Afternoon,36.57,28.76,2347.01616,2342.017,8.045124811,0.141192746,1.294111968,0.110343805,0.164055727,0.639711899,37.95277464,0.002639676,0.004126351,0,0.002368736,0
Varari,-17.54019697,-149.899906,V18,V18,V38,J17,Plate,3/21/2022,20:00:00,NA,Low,Night,Evening,36,29.07,2363.316081,2349.82,7.986970707,0.201475084,7.738904509,0.669156598,4.25986836,1.143333335,1.433451419,0.011545987,0.01009853,3.51E-04,0.022206992,0
Varari,-17.54019697,-149.899906,V18,V18,V38,J17,Plate,3/22/2022,2:00:00,NA,High,Night,Night,36.6,28.61,2366.05226,2389.34,7.939120051,0.190514382,0.858814892,0.468645175,0.340527946,1.092893333,0.571563725,0.007982369,0.007303886,0.014977522,0.025265435,0.009063552
Varari,-17.54050802,-149.89978,V19,V19,V39,J18,Plate,3/21/2022,8:00:00,NA,Low,Day,Morning,36.61,28.76,2366.16362,2339.42731,7.965045841,0.128245269,1.185435481,0.102682662,0.950458716,1.243478408,1.62190088,0.006583537,0.005294452,2.07E-04,0.012915595,0.008669266
Varari,-17.54050802,-149.89978,V19,V19,V39,J18,Plate,3/21/2022,14:00:00,NA,High,Day,Afternoon,36.52,29.37,2354.464958,2327.860835,8.047307202,0.11887111,0.898861816,0.067080879,0.155294887,0.944093106,1.651521506,0.004844449,0.005131326,0,0.013895678,0
Varari,-17.54050802,-149.89978,V19,V19,V39,J18,Plate,3/21/2022,20:00:00,NA,Low,Night,Evening,36.54,28.92,2347.13661,2320.615292,8.007837587,0.187056048,0.739466183,0.37666396,0.179777417,1.149205976,0.302533072,0.006003263,0.005223835,0.007492661,0.025277708,8.45E-04
Varari,-17.54050802,-149.89978,V19,V19,V39,J18,Plate,3/22/2022,2:00:00,NA,High,Night,Night,36.62,28.63,2370.493179,2343.707945,7.950193418,0.153954596,0.897477402,0.087270245,0.205279679,1.065187314,0.3909534,0.012671945,0.011896448,0.086360128,0.098358474,0.033652219
Varari,-17.54045103,-149.899509,V20,V20,V40,J19,Plate,3/21/2022,8:00:00,NA,Low,Day,Morning,36.61,28.62,2351.708366,2323.8225,7.930857652,0.148710635,1.495544182,0.193354544,0.198319011,1.132092991,0.688406999,0.008885824,0.007849023,0.014082256,0.027675959,0.022222326
Varari,-17.54045103,-149.899509,V20,V20,V40,J19,Plate,3/21/2022,14:00:00,NA,High,Day,Afternoon,36.59,29.4,2347.34883,2319.514654,8.033626688,0.147596874,1.364024867,0.122511503,0.15511487,0.777324452,1.071417417,0.00311997,0.004013729,0,0.012889658,0
Varari,-17.54045103,-149.899509,V20,V20,V40,J19,Plate,3/21/2022,20:00:00,NA,Low,Night,Evening,36.52,29.11,2338.533062,2310.803421,7.998593695,0.154279443,1.427015697,0.28925403,0.465584632,1.177424178,0.72865102,0.011211837,0.009522343,0.032685362,0.035196398,0.032424308
Varari,-17.54045103,-149.899509,V20,V20,V40,J19,Plate,3/22/2022,2:00:00,NA,High,Night,Night,36.66,28.53,2375.327242,2347.161306,7.938611676,0.166438005,1.164669273,0.119176652,0.203599517,1.163879961,0.499880468,0.00824656,0.007085404,0.017709038,0.030007737,0.004722612
Varari,-17.540302,-149.899331,VSEEP,VSEEP,NA,NA,Seep,3/21/2022,5:00:00,NA,Mid,Night,Morning,36.14,28.06,2403.595279,2400.851448,7.866195305,0.383899929,13.57040172,1.167942082,0.968492842,0.985683713,107.7514865,0.01311538,0.013305871,0,0.010668391,0
Varari,-17.540302,-149.899331,VSEEP,VSEEP,NA,NA,Seep,3/21/2022,8:00:00,NA,Low,Day,Morning,16.89,27.08,3312.723962,3307.054725,7.11979914,2.347925434,401.7660016,14.47512447,1.516705395,0.977048584,107.6242113,0.041691867,0.042671232,0,0.003728568,0
Varari,-17.540302,-149.899331,VSEEP,VSEEP,NA,NA,Seep,3/21/2022,11:00:00,NA,Mid,Day,Afternoon,35.9,29.59,2383.652465,2378.216542,7.979474827,0.267007267,12.01880453,1.06687617,0.41918427,1.2888976,4.220289331,0.016851527,0.013074372,0,0.040152295,0
Varari,-17.540302,-149.899331,VSEEP,VSEEP,NA,NA,Seep,3/21/2022,14:00:00,NA,High,Day,Afternoon,36.45,29.37,2345.2088,2338.527293,8.019435672,0.16495299,4.051172135,0.353787894,0.244163406,0.859733345,5.697935703,0.008047966,0.009361002,0,0.014202285,0
Varari,-17.540302,-149.899331,VSEEP,VSEEP,NA,NA,Seep,3/21/2022,17:00:00,NA,Mid,Day,Evening,35.31,28.82,2373.651797,2365.54137,7.889687092,0.756406727,30.180599,1.89989671,0.208039943,1.050643545,5.469820289,0.015601568,0.014849535,0,0.013228788,0
Varari,-17.540302,-149.899331,VSEEP,VSEEP,NA,NA,Seep,3/21/2022,20:00:00,NA,Low,Night,Evening,15.12,27.14,3384.352942,3370.869465,7.106500413,2.3580421,447.2495465,18.53571555,0.220581145,1.003442538,24.58590793,0.04109878,0.040957781,0,0.008603705,0
Varari,-17.540302,-149.899331,VSEEP,VSEEP,NA,NA,Seep,3/21/2022,21:45:00,NA,Mid,Night,Night,21.4,26.98,3078.162651,3064.155085,7.301113682,1.685608624,319.4189341,12.43864977,0.331291758,0.948841376,65535,0.028251003,0.029774211,0,0,0
Varari,-17.540302,-149.899331,VSEEP,VSEEP,NA,NA,Seep,3/21/2022,23:00:00,NA,Mid,Night,Night,35.08,27.03,2417.05494,2404.687973,7.897116716,0.344222177,23.99296133,1.503680413,0.302128963,1.638615095,0.385717856,0.034876213,0.021283957,0.394707002,0.088716191,0.439640552
Varari,-17.540302,-149.899331,VSEEP,VSEEP,NA,NA,Seep,3/22/2022,2:00:00,NA,High,Night,Night,36.54,28.16,2362.078832,2348.657929,7.937020279,0.214376154,3.096964894,1.25825344,1.27110185,0.906132114,19.71051623,0.008699341,0.009600522,0,0.003417601,0
Varari,-17.540302,-149.899331,VSEEP,VSEEP,NA,NA,Seep,3/28/2022,17:00:00,NA,Low,Day,Evening,18.85,29.86,3104.305241,3084.914351,7.132855019,1.632472922,362.0551093,18.06521662,3.244931066,1.050012852,2.262627678,0.039536347,0.037653203,0.025385027,0.006140375,0.037658484
Varari,-17.540302,-149.899331,VSEEP,VSEEP,NA,NA,Seep,3/28/2022,18:00:00,NA,Low,Night,Evening,15.95,29.35,3217.79058,3195.876001,7.025903882,1.356167268,317.7756759,14.62960347,4.17850056,1.008282509,1.539242215,0.043366146,0.043009916,0.046779632,0.034967832,0.044193314
Varari,-17.540302,-149.899331,VSEEP,VSEEP,NA,NA,Seep,3/28/2022,19:00:00,NA,Low,Night,Evening,29.29,29.34,2638.990573,2619.531199,7.677425705,0.810377751,153.5596441,7.296705625,3.404006315,1.02984483,1.580529408,0.030192418,0.029317444,0.059615455,0.039189368,0.032232401
Varari,-17.540302,-149.899331,VSEEP,VSEEP,NA,NA,Seep,3/29/2022,7:00:00,NA,Low,Day,Morning,21.42,27.81,3115.969257,3091.239342,7.160273923,1.577527357,309.2760646,13.72479785,4.325574659,1.053413742,2.044320486,0.041967601,0.039839618,0.047027189,0.018933007,0.029267947
Varari,-17.540302,-149.899331,VSEEP,VSEEP,NA,NA,Seep,3/29/2022,8:00:00,NA,Low,Day,Morning,20.41,27.79,3157.112438,3130.281454,7.199436816,1.556087449,345.1656733,13.86780128,3.340640241,1.171984152,1.802672594,0.04912479,0.041915916,0.04209008,0.026157137,0.045079283
Varari,-17.540302,-149.899331,VSEEP,VSEEP,NA,NA,Seep,3/29/2022,9:00:00,NA,Mid,Day,Morning,27.55,28.36,2766.403147,2741.339472,7.517253532,0.990389445,189.8636089,9.485011122,1.533026959,1.151626398,1.028206486,0.041269391,0.035835746,0.114258875,0.053587804,0.073739442
Varari,-17.540302,-149.899331,VSEEP,VSEEP,NA,NA,Seep,3/29/2022,11:00:00,NA,High,Day,Afternoon,36.45,30.09,2316.935414,2294.644581,7.973283744,0.186100455,4.021024445,0.424243494,0.236324616,1.117948943,1.346885915,0.01868121,0.016710253,0.027282095,0.02615008,0.004511327
Cabral,-17.517048,-149.912693,C1,C1,C21,NA,Plate,3/30/2022,7:00:00,NA,Low,Day,Morning,36.48,27.94,2095.445565,2091.85952,7.835625813,0.148525009,3.528902013,0.528879361,0.679145104,1.335933512,0.849867259,0.044141225,0.033041484,0.080054134,0.10671174,0.090903994
Cabral,-17.517048,-149.912693,C1,C1,C21,NA,Plate,3/30/2022,13:00:00,NA,High,Day,Afternoon,36.45,28.81,2287.83112,2283.915835,8.014281975,0.147012182,3.416135441,0.429010275,0.637430379,1.288857312,0.963141165,0.02667153,0.020693936,0.052238102,0.08220633,0.038802146
Cabral,-17.517048,-149.912693,C1,C1,C21,NA,Plate,3/30/2022,19:00:00,NA,Low,Night,Evening,36.29,29.35,2248.881745,2236.104008,8.051251381,0.150379507,6.538680142,2.51686028,0.629902607,1.254014608,0.894161615,0.035548022,0.028347375,0.124032108,0.084275872,0.095375838
Cabral,-17.517048,-149.912693,C1,C1,C21,NA,Plate,3/31/2022,1:00:00,NA,High,Night,Night,36.58,28.5,2303.834622,2301.204674,7.937413839,0.160709004,2.847369785,0.666643127,0.27935739,1.179162743,0.908733891,0.026810925,0.022737256,0.061245502,0.038403443,0.061687372
Cabral,-17.51706904,-149.912949,C2,C2,C22,NA,Plate,3/30/2022,7:00:00,NA,Low,Day,Morning,36.65,29.04,2288.106168,2282.888138,7.791398546,0.193353907,2.489553321,0.74272746,0.62579999,1.271053648,0.474828105,0.039015097,0.030695083,0.136602375,0.163572237,0.102450716
Cabral,-17.51706904,-149.912949,C2,C2,C22,NA,Plate,3/30/2022,13:00:00,NA,High,Day,Afternoon,36.56,29.85,2304.78345,2299.527388,8.032124983,0.17299519,1.892225965,0.596024152,0.545496725,1.278107897,0.922641627,0.019957131,0.01561459,0.043298821,0.088027482,0.02698287
Cabral,-17.51706904,-149.912949,C2,C2,C22,NA,Plate,3/30/2022,19:00:00,NA,Low,Night,Evening,36.38,30.02,2250.884104,2236.824067,8.031874976,0.164667886,4.689660534,0.683768229,0.407507333,1.311396148,0.966610263,0.035852393,0.027339102,0.07143135,0.082334211,0.060832243
Cabral,-17.51706904,-149.912949,C2,C2,C22,NA,Plate,3/31/2022,1:00:00,NA,High,Night,Night,36.65,29.42,2338.88798,2334.88532,7.939615362,0.191378965,1.23350609,0.764803503,0.513607424,1.186099636,1.002573492,0.020723419,0.017471904,0.031823294,0.042892601,0.029888517
Cabral,-17.51697499,-149.913111,C3,C3,C23,NA,Plate,3/30/2022,7:00:00,NA,Low,Day,Morning,36.69,27.16,2334.898434,2328.246302,7.868473391,0.221940451,2.031658442,1.19186229,0.793396057,1.463929266,0.700455299,0.046435212,0.031719574,0.101917026,0.107799486,0.095879961
Cabral,-17.51697499,-149.913111,C3,C3,C23,NA,Plate,3/30/2022,13:00:00,NA,High,Day,Afternoon,36.48,27.78,2336.913299,2330.255426,8.059446906,0.198295633,1.196674441,1.061932841,0.329858663,1.380210447,0.468971937,0.020194715,0.01463162,0.07392246,0.092106793,0.062488444
Cabral,-17.51697499,-149.913111,C3,C3,C23,NA,Plate,3/30/2022,19:00:00,NA,Low,Night,Evening,36.59,27.96,2307.511612,2291.796437,8.038493847,0.205985875,1.671944372,0.952826524,0.417643151,1.290283548,1.247477111,0.018663382,0.014464559,0.030021425,0.060464692,0.01943718
Cabral,-17.51697499,-149.913111,C3,C3,C23,NA,Plate,3/31/2022,1:00:00,NA,High,Night,Night,36.65,27.46,2342.446091,2337.104139,8.000856218,0.208443113,1.186404077,0.908071749,0.446628037,1.296052644,0.964905553,0.020036923,0.015459961,0.047785091,0.056563841,0.036218655
Cabral,-17.51679302,-149.912772,C4,C4,C24,NA,Plate,3/30/2022,7:00:00,NA,Low,Day,Morning,36.5,28.7,2280.745998,2272.953016,7.827509968,0.23306099,4.971918459,0.345150242,0.912638604,1.282211956,1.089570744,0.059482397,0.046390456,0.118627162,0.17324453,0.101683561
Cabral,-17.51679302,-149.912772,C4,C4,C24,NA,Plate,3/30/2022,13:00:00,NA,High,Day,Afternoon,36.43,29.66,2304.538346,2296.664069,8.00699154,0.155339486,3.071547033,0.443222344,0.259856312,1.245141667,0.922601611,0.030731374,0.024681026,0.079081844,0.115341455,0.091296202
Cabral,-17.51679302,-149.912772,C4,C4,C24,NA,Plate,3/30/2022,19:00:00,NA,Low,Night,Evening,36.39,30.16,2262.679391,2245.994858,8.04322766,0.136910206,4.584123694,0.497598955,0.426297125,1.198739185,2.011952485,0.030875753,0.025756857,0.020677118,0.071489807,0.009513851
Cabral,-17.51679302,-149.912772,C4,C4,C24,NA,Plate,3/31/2022,1:00:00,NA,High,Night,Night,36.53,29.26,2295.19885,2288.659822,7.921073318,0.143462839,3.128565259,0.456639949,0.2248255,1.149404154,1.469399048,0.031669662,0.027553113,0.060833502,0.062768685,0.052414452
Cabral,-17.51659596,-149.912877,C5,C5,C25,NA,Plate,3/30/2022,7:00:00,NA,Low,Day,Morning,36.36,28.91,2276.699609,2241.79,7.853631333,0.163166241,6.271296536,0.463260478,1.029704346,1.324594963,0.380167302,0.043024443,0.032481207,0.115689225,0.118203178,0.066530445
Cabral,-17.51659596,-149.912877,C5,C5,C25,NA,Plate,3/30/2022,13:00:00,NA,High,Day,Afternoon,36.55,29.88,2318.550259,2282.61,8.013894714,0.180230389,1.968014166,0.535380107,0.564760708,1.20983617,0.598291223,0.021184752,0.01751043,0.066876692,0.09045158,0.048843266
Cabral,-17.51659596,-149.912877,C5,C5,C25,NA,Plate,3/30/2022,19:00:00,NA,Low,Night,Evening,36.34,30.31,2276.288714,2266.75,8.035724564,0.173541243,4.80688434,0.639454822,0.382197423,NA,NA,NA,NA,NA,NA,NA
Cabral,-17.51659596,-149.912877,C5,C5,C25,NA,Plate,3/31/2022,1:00:00,NA,High,Night,Night,36.51,29.46,2292.832912,2275.72,7.917691951,0.153064266,3.03152803,0.422036651,1.135152426,1.010106353,1.417812339,0.02390497,0.023665795,0.027573919,0.039898183,0
Cabral,-17.51653796,-149.913134,C6,C6,C26,NA,Plate,3/30/2022,7:00:00,NA,Low,Day,Morning,36.67,29.01,2323.804052,2313.229289,7.961811673,0.192653088,1.269983588,0.50174782,0.599376603,1.402213583,0.740801093,0.02745202,0.019577631,0.056917274,0.10391067,0.067461354
Cabral,-17.51653796,-149.913134,C6,C6,C26,NA,Plate,3/30/2022,13:00:00,NA,High,Day,Afternoon,36.59,29.66,2361.357736,2350.612081,8.023430447,0.211673925,0.922207826,0.539882066,0.349715384,1.374184931,0.41426699,0.018076803,0.013154564,0.094989884,0.111168477,0.071044359
Cabral,-17.51653796,-149.913134,C6,C6,C26,NA,Plate,3/30/2022,19:00:00,NA,Low,Night,Evening,36.61,29.63,2333.05153,2313.223896,8.038556058,0.223596076,1.774293859,0.569806857,0.276393701,1.651569206,0.605553439,0.019009495,0.011509959,0.094835155,0.055814415,0.159569646
Cabral,-17.51653796,-149.913134,C6,C6,C26,NA,Plate,3/31/2022,1:00:00,NA,High,Night,Night,36.67,29.26,2335.352953,2326.048758,7.966798344,0.219773707,1.238464196,0.730729847,0.27372638,NA,NA,NA,NA,NA,NA,NA
Cabral,-17.51630402,-149.913229,C7,C7,C27,NA,Plate,3/30/2022,7:00:00,NA,Low,Day,Morning,36.61,29.09,2350.033616,2338.009567,7.934577259,0.217452983,2.270458668,0.64298577,0.486637847,1.397799476,0.670237402,0.026766229,0.019148833,0.058192289,0.08724266,0.058204102
Cabral,-17.51630402,-149.913229,C7,C7,C27,NA,Plate,3/30/2022,13:00:00,NA,High,Day,Afternoon,36.51,29.79,2359.80233,2347.728299,8.025069112,0.201071401,0.881834672,0.592758024,0.480710468,1.312286295,0.567445393,0.013705633,0.010444088,0.036548063,0.071550112,0.030598186
Cabral,-17.51630402,-149.913229,C7,C7,C27,NA,Plate,3/30/2022,19:00:00,NA,Low,Night,Evening,36.46,29.87,2289.055294,2268.316401,8.032119865,0.181641025,4.329135355,0.700540235,0.358606453,1.310690023,2.078522244,0.025766941,0.019659066,0.003979537,0.042953467,0
Cabral,-17.51630402,-149.913229,C7,C7,C27,NA,Plate,3/31/2022,1:00:00,NA,High,Night,Night,36.61,29.34,2334.432529,2323.8094,7.974476421,0.173632252,1.486369526,0.672204371,0.641460997,1.285081637,0.651784043,0.019691759,0.015323353,0.048915235,0.045363872,0.028036943
Cabral,-17.51632397,-149.91291,C8,C8,C28,NA,Plate,3/30/2022,7:00:00,NA,Low,Day,Morning,36.44,28.34,2344.863916,2331.540826,7.863973716,0.211400898,5.348380409,0.632657745,0.815073939,1.23895413,1.357768718,0.045011968,0.036330617,0.081227694,0.098359553,0.076701612
Cabral,-17.51632397,-149.91291,C8,C8,C28,NA,Plate,3/30/2022,13:00:00,NA,High,Day,Afternoon,36.54,29.08,2299.181278,2286.117748,8.031425496,0.161482579,2.299499007,0.553564493,0.270940512,1.208719401,1.540462212,0.024010901,0.019864744,0.039199633,0.076983989,0.069722066
Cabral,-17.51632397,-149.91291,C8,C8,C28,NA,Plate,3/30/2022,19:00:00,NA,Low,Night,Evening,36.48,29.42,2277.778464,2255.864353,8.04307769,0.159707907,3.725308802,0.51242894,0.592026653,1.005608645,2.494577076,0.023027147,0.022898716,0.018080922,0.043812199,0
Cabral,-17.51632397,-149.91291,C8,C8,C28,NA,Plate,3/31/2022,1:00:00,NA,High,Night,Night,36.51,28.74,2292.893622,2281.161932,7.948243935,0.183825236,3.319098212,0.394671798,1.471531206,1.115895536,1.443633991,0.027107214,0.024291892,0.036738588,0.044637531,0.021177155
Cabral,-17.51639103,-149.913111,C9,C9,C29,NA,Plate,3/30/2022,7:00:00,NA,Low,Day,Morning,36.38,27.75,2265.558581,2240.88,7.853260484,0.162210649,6.209320204,0.434659793,0.577978764,1.319159343,0.946639999,0.035505281,0.026915081,0.081549119,0.092081561,0.208170612
Cabral,-17.51639103,-149.913111,C9,C9,C29,NA,Plate,3/30/2022,13:00:00,NA,High,Day,Afternoon,36.55,28.48,2347.298415,2384.8,8.043127476,0.187010543,1.006141487,0.596288973,0.248712839,1.435640084,0.444475394,0.02095029,0.014592996,0.104966215,0.096873402,0.078003028
Cabral,-17.51639103,-149.913111,C9,C9,C29,NA,Plate,3/30/2022,19:00:00,NA,Low,Night,Evening,36.48,28.64,2283.926487,2310.92,8.038174301,0.18428028,3.896009329,0.744765368,0.350960133,1.112712614,0.95759811,0.02144624,0.019273835,0.045734757,0.048224866,0.037808082
Cabral,-17.51639103,-149.913111,C9,C9,C29,NA,Plate,3/31/2022,1:00:00,NA,High,Night,Night,36.6,28.09,2318.823657,2340.16,7.96087672,0.193927211,1.927995163,0.618975319,0.1424942,1.288743254,0.588854468,0.042001104,0.032590746,0.172771612,0.089559883,0.12333023
Cabral,-17.51588602,-149.912912,C10,C10,C30,NA,Plate,3/30/2022,7:00:00,NA,Low,Day,Morning,36.42,28.65,2261.273258,2245.872986,7.853484084,0.167443654,6.167884599,0.343384767,0.894382275,1.201890052,0.985483046,0.041755007,0.03474112,0.071668337,0.096334526,0.083332639
Cabral,-17.51588602,-149.912912,C10,C10,C30,NA,Plate,3/30/2022,13:00:00,NA,High,Day,Afternoon,36.5,29.61,2279.503567,2263.979139,8.019704731,0.139594965,3.184521033,0.455139296,0.248594291,1.282053948,0.984208361,0.02956819,0.02306314,0.056672757,0.086900467,0.051623769
Cabral,-17.51588602,-149.912912,C10,C10,C30,NA,Plate,3/30/2022,19:00:00,NA,Low,Night,Evening,36.37,29.99,2256.387788,2232.152984,8.027356419,0.166670079,5.150764447,0.45452138,0.666178169,1.1384345,1.092466552,0.026903688,0.023632179,0.065194195,0.081412471,0.05081875
Cabral,-17.51588602,-149.912912,C10,C10,C30,NA,Plate,3/31/2022,1:00:00,NA,High,Night,Night,36.43,29.22,2284.64029,2270.369396,7.923371441,0.179911858,4.314615185,0.479502842,0.282380354,1.141810537,1.060660652,0.025317807,0.022173387,0.037056603,0.044432182,0.034964494
Cabral,-17.51598098,-149.913194,C11,C11,C31,NA,Plate,3/30/2022,7:00:00,NA,Low,Day,Morning,36.54,29.14,2260.350965,2240.49,7.822619572,0.249897615,3.055256111,1.156297447,0.965451554,1.29745332,0.962524248,0.044585659,0.034363979,0.074352131,0.094164526,0.058990955
Cabral,-17.51598098,-149.913194,C11,C11,C31,NA,Plate,3/30/2022,13:00:00,NA,High,Day,Afternoon,36.56,29.66,2316.471297,2310.62,8.010992984,0.193335654,2.355808932,0.760566364,0.274556213,1.246056513,1.19193249,0.025699117,0.020624359,0.056267865,0.092437572,0.06555014
Cabral,-17.51598098,-149.913194,C11,C11,C31,NA,Plate,3/30/2022,19:00:00,NA,Low,Night,Evening,36.39,29.97,2271.166246,2235.56,8.021367792,0.20116241,4.713742766,0.842660923,0.516689661,1.079844334,2.020378398,0.027141526,0.025134666,0.037593488,0.035100465,0.033126059
Cabral,-17.51598098,-149.913194,C11,C11,C31,NA,Plate,3/31/2022,1:00:00,NA,High,Night,Night,36.59,29.36,2327.445308,2291.87,7.941181725,0.206577433,2.201399326,0.86799548,0.14670264,NA,NA,NA,NA,NA,NA,NA
Cabral,-17.51595701,-149.913303,C12,C12,C32,NA,Plate,3/30/2022,7:00:00,NA,Low,Day,Morning,36.52,28.1,2270.018906,2252.002882,7.886573556,0.277882817,2.035302755,1.973447265,0.92289297,1.285010247,0.746774971,0.038715101,0.030128243,0.096434741,0.109745383,0.099337017
Cabral,-17.51595701,-149.913303,C12,C12,C32,NA,Plate,3/30/2022,13:00:00,NA,High,Day,Afternoon,36.56,28.55,2332.303243,2313.7929,8.031395142,0.206713946,1.807229852,0.811941669,0.328851008,1.183038686,0.892601618,0.020110491,0.016999014,0.052455174,0.090485609,0.05275104
Cabral,-17.51595701,-149.913303,C12,C12,C32,NA,Plate,3/30/2022,19:00:00,NA,Low,Night,Evening,36.55,28.83,2291.910295,2264.733493,8.025835787,0.199205721,2.762373672,0.94037993,0.303778193,1.140331164,2.025301752,0.026493246,0.02323294,0.050590296,0.064612541,0.036076794
Cabral,-17.51595701,-149.913303,C12,C12,C32,NA,Plate,3/31/2022,1:00:00,NA,High,Night,Night,36.65,28.24,2343.043918,2325.766793,7.999539565,0.210945854,1.332314071,0.855548886,0.151207448,1.153196235,0.72758709,0.017903884,0.015525445,0.081385875,0.061076,0.022598871
Cabral,-17.51557102,-149.913136,C13,C13,C33,NA,Plate,3/30/2022,7:00:00,NA,Low,Day,Morning,36.39,29.16,2317.13909,2297.44669,7.712902032,0.223050023,5.346609657,1.164595177,1.098402673,1.240698191,1.028993412,0.050425937,0.040643193,0.092681122,0.133796303,0.092239091
Cabral,-17.51557102,-149.913136,C13,C13,C33,NA,Plate,3/30/2022,13:00:00,NA,High,Day,Afternoon,36.47,30.22,2213.566904,2194.754721,7.983351104,0.146329616,4.128332038,0.642632675,0.298384278,1.25534359,1.63769127,0.036842744,0.029348733,0.047710984,0.058743284,0.02760385
Cabral,-17.51557102,-149.913136,C13,C13,C33,NA,Plate,3/30/2022,19:00:00,NA,Low,Night,Evening,36.4,30.46,2317.844801,2289.067947,7.967503293,0.177409116,5.229031701,0.842396102,0.391562682,NA,NA,NA,NA,NA,NA,NA
Cabral,-17.51557102,-149.913136,C13,C13,C33,NA,Plate,3/31/2022,1:00:00,NA,High,Night,Night,36.53,29.63,2310.595411,2292.257352,7.901783295,0.205439823,2.834266218,0.764626955,0.225181143,1.158980674,1.228731933,0.022463069,0.019381746,0.042897414,0.059874614,0.028584459
Cabral,-17.51652597,-149.913031,C14,C14,C34,NA,Plate,3/30/2022,7:00:00,NA,Low,Day,Morning,36.37,29,2248.772141,2202.98,7.854626198,0.206167893,5.100120929,0.72154938,1.017612492,1.217552604,0.512892077,0.035899542,0.029485003,0.116060891,0.145903175,0.101756389
Cabral,-17.51652597,-149.913031,C14,C14,C34,NA,Plate,3/30/2022,13:00:00,NA,High,Day,Afternoon,36.59,29.82,2339.79754,2307.12,8.023354888,0.183916245,1.144260171,0.493803185,0.276156605,1.430204821,0.616967336,0.019669849,0.01375317,0.048567253,0.082448039,0.061372459
Cabral,-17.51652597,-149.913031,C14,C14,C34,NA,Plate,3/30/2022,19:00:00,NA,Low,Night,Evening,36.56,30.06,2307.649907,2307.34,8.027135094,0.185144863,2.694022631,0.635217683,0.271296154,0.997363785,1.592155854,0.026058401,0.026127278,0.022011039,0.045129985,0
Cabral,-17.51652597,-149.913031,C14,C14,C34,NA,Plate,3/31/2022,1:00:00,NA,High,Night,Night,36.36,29.36,2316.265139,2294.94,7.928261598,0.189240259,1.949598342,0.554535504,0.265309501,1.166362293,1.053703952,0.023687801,0.020309128,0.054996126,0.040256548,0.050823729
Cabral,-17.51721597,-149.913056,C15,C15,C35,NA,Plate,3/30/2022,7:00:00,NA,Low,Day,Morning,36.65,29.49,2335.548912,2313.079002,7.861279285,0.242252877,1.683631338,1.236714805,0.774708485,1.273769664,0.459059125,0.02744964,0.021549925,0.093710228,0.095686685,0.075875762
Cabral,-17.51721597,-149.913056,C15,C15,C35,NA,Plate,3/30/2022,13:00:00,NA,High,Day,Afternoon,36.57,30.12,2317.180587,2294.887395,8.028599204,0.19474629,1.736753909,0.740881325,0.275682415,1.414131708,0.812986259,0.017612951,0.012454958,0.051737533,0.074590761,0.059748906
Cabral,-17.51721597,-149.913056,C15,C15,C35,NA,Plate,3/30/2022,19:00:00,NA,Low,Night,Evening,36.6,30.35,2308.458581,2277.228026,8.023344274,0.207214494,1.546220955,0.83047915,0.371172497,1.130533654,1.102627138,0.02071977,0.018327425,0.033849433,0.052780365,0.020990651
Cabral,-17.51721597,-149.913056,C15,C15,C35,NA,Plate,3/31/2022,1:00:00,NA,High,Night,Night,36.68,29.79,2340.212488,2319.01011,7.9595532,0.213994649,1.070596873,0.755534762,0.172605288,1.151297303,1.093989454,0.015335078,0.013319825,0.033180596,0.033691833,0.034849171
Cabral,-17.51723299,-149.912976,C16,C16,C36,NA,Plate,3/30/2022,7:00:00,NA,Low,Day,Morning,36.66,28.22,2289.239362,2292.46,7.829249103,0.217316469,2.831433014,0.648017372,0.826750876,1.255714495,1.376062054,0.035978415,0.028651748,0.051812275,0.076107089,0.055685255
Cabral,-17.51723299,-149.912976,C16,C16,C36,NA,Plate,3/30/2022,13:00:00,NA,High,Day,Afternoon,36.6,29.04,2297.903805,2269.2,8.049575855,0.171630058,2.106841151,0.642897497,0.27200744,1.228346588,1.240972134,0.026409571,0.021500097,0.049486463,0.094884495,0.050124977
Cabral,-17.51723299,-149.912976,C16,C16,C36,NA,Plate,3/30/2022,19:00:00,NA,Low,Night,Evening,36.58,29.2,2308.458581,2266.76,8.018777069,0.206076884,2.612922173,0.732318774,0.331044139,1.077612766,0.365104207,0.015283094,0.014182362,0.047913113,0.030935736,0.033013556
Cabral,-17.51723299,-149.912976,C16,C16,C36,NA,Plate,3/31/2022,1:00:00,NA,High,Night,Night,36.7,28.68,2333.938652,2275.71,7.969795618,0.189376772,1.312127494,0.509427633,0.228204106,1.063226495,1.125561519,0.018547534,0.017444575,0.040827971,0.032040801,0.037492246
Cabral,-17.51721203,-149.912771,C17,C17,C37,NA,Plate,3/30/2022,7:00:00,NA,Low,Day,Morning,36.54,28.03,2297.412504,2272.737073,7.87160586,0.208761643,3.620834413,0.413738922,1.263361642,1.201293802,1.240827762,0.043811602,0.036470347,0.088203964,0.108884136,0.086897151
Cabral,-17.51721203,-149.912771,C17,C17,C37,NA,Plate,3/30/2022,13:00:00,NA,High,Day,Afternoon,36.42,29.02,2272.477459,2248.069843,8.003150949,0.138138825,4.435380496,0.381607288,0.242370543,1.142849674,1.275910294,0.03097939,0.027107143,0.06016044,0.078720094,0.074225866
Cabral,-17.51721203,-149.912771,C17,C17,C37,NA,Plate,3/30/2022,19:00:00,NA,Low,Night,Evening,36.43,29.26,2255.996627,2222.96965,8.036940932,0.185372385,4.369508508,0.530171957,0.325531676,1.27710662,0.753687325,0.014735325,0.011538054,0.997510171,0.418519253,0.028330866
Cabral,-17.51721203,-149.912771,C17,C17,C37,NA,Plate,3/31/2022,1:00:00,NA,High,Night,Night,36.61,28.56,2322.170715,2298.528705,7.958835833,0.181595521,2.110028505,0.381695562,0.448346977,1.160579659,1.510027426,0.022464493,0.01935627,0.038308481,0.038431811,0.021875452
Cabral,-17.51757103,-149.912982,C18,C18,C38,NA,Plate,3/30/2022,7:00:00,NA,Low,Day,Morning,36.51,28.28,2304.619843,2278.578941,7.910831882,0.263230402,2.854452794,1.167508209,1.09709865,1.258218579,0.839003869,0.032430344,0.025774809,0.10434124,0.119301535,0.089204031
Cabral,-17.51757103,-149.912982,C18,C18,C38,NA,Plate,3/30/2022,13:00:00,NA,High,Day,Afternoon,36.57,28.63,2331.078404,2304.738535,8.033528252,0.207305503,1.283087156,0.780339677,0.229330308,1.193478247,0.931266312,0.020045065,0.016795501,0.044209701,0.088605025,0.035779124
Cabral,-17.51757103,-149.912982,C18,C18,C38,NA,Plate,3/30/2022,19:00:00,NA,Low,Night,Evening,36.63,28.89,2325.437724,2290.10468,8.060575455,0.211992455,1.345063488,0.663200452,0.203546208,1.225151626,1.696293759,0.025962259,0.021191058,0.027359295,0.034952251,0.034637886
Cabral,-17.51757103,-149.912982,C18,C18,C38,NA,Plate,3/31/2022,1:00:00,NA,High,Night,Night,36.57,28.32,2340.295927,2315.159905,7.985410741,0.205075788,1.085825343,0.650489036,0.22826338,1.310136354,4.477790583,0.016760779,0.012793156,0,0.033037223,0
Cabral,-17.51770397,-149.912893,C19,C19,C39,NA,Plate,3/30/2022,7:00:00,NA,Low,Day,Morning,36.46,26.41,2307.583709,2280.221057,7.922316313,0.278201348,3.585773516,1.118251474,0.821060592,1.365311544,0.434547477,0.03373098,0.024705702,0.076020414,0.094156945,0.093286198
Cabral,-17.51770397,-149.912893,C19,C19,C39,NA,Plate,3/30/2022,13:00:00,NA,High,Day,Afternoon,36.6,26.79,2317.721242,2290.238382,8.070428761,0.187465587,1.537721344,0.671321634,0.256892622,1.347434401,0.956473437,0.025530567,0.01894754,0.051378331,0.073625174,0.065904783
Cabral,-17.51770397,-149.912893,C19,C19,C39,NA,Plate,3/30/2022,19:00:00,NA,Low,Night,Evening,36.63,26.77,2324.45891,2287.853258,8.102933379,0.236519323,1.379416084,0.605204618,0.269458667,0.914223924,1.810514448,0.014437391,0.015791964,0.025780219,0.03250108,0
Cabral,-17.51770397,-149.912893,C19,C19,C39,NA,Plate,3/31/2022,1:00:00,NA,High,Night,Night,36.56,26.15,2344.708838,2318.214953,8.028254144,0.21877261,1.020307506,0.626037216,0.285403317,1.252410007,1.278435068,0.019813998,0.015820696,0.017775564,0.054069044,0.022224549
Cabral,-17.51692303,-149.912724,C20,C20,C40,NA,Plate,3/30/2022,7:00:00,NA,Low,Day,Morning,36.51,27.76,2287.184362,2258.788168,7.866974805,0.152472709,3.923633066,0.238956958,0.880452934,1.424041863,0.743694958,0.048660572,0.034170745,0.098085568,0.110232228,0.100937083
Cabral,-17.51692303,-149.912724,C20,C20,C40,NA,Plate,3/30/2022,13:00:00,NA,High,Day,Afternoon,36.5,28.93,2286.486093,2258.098568,8.016409393,0.144281918,3.225956638,0.32113979,0.18920195,1.050264497,1.204731454,0.021836114,0.020791061,0.028171682,0.05723752,0.001315913
Cabral,-17.51692303,-149.912724,C20,C20,C40,NA,Plate,3/30/2022,19:00:00,NA,Low,Night,Evening,36.44,29.41,2224.147446,2187.890967,8.057018704,0.129219964,5.129515419,0.424508315,0.253158373,1.523324445,2.394643921,0.040570189,0.026632664,0.026668346,0.023085715,0.025821317
Cabral,-17.51692303,-149.912724,C20,C20,C40,NA,Plate,3/31/2022,1:00:00,NA,High,Night,Night,36.55,28.56,2308.425722,2281.053085,7.936915356,0.172540146,2.675960957,0.321051517,0.212733646,1.006226377,0.820869862,0.022522558,0.022383192,0.028628215,0.049880087,0
Cabral,-17.516384,-149.912515,CSEEP,CSEEP,NA,NA,Seep,3/30/2022,4:00:00,NA,Mid,Night,Night,36.14,28.2,2249.591721,2247.023694,7.849668571,0.207259998,8.750703982,0.381783835,0.780932234,1.088823786,2.310766854,0.029874428,0.02743734,0.020426006,0.033005038,0
Cabral,-17.516384,-149.912515,CSEEP,CSEEP,NA,NA,Seep,3/30/2022,7:00:00,NA,Low,Day,Morning,35.97,27.94,2266.890641,2263.011193,7.832207087,0.238066473,12.17463073,0.327407224,0.862670795,1.298331955,1.215617283,0.066747963,0.051410552,0.11305218,0.14817548,0.113817024
Cabral,-17.516384,-149.912515,CSEEP,CSEEP,NA,NA,Seep,3/30/2022,10:00:00,NA,Mid,Day,Morning,36.05,28.85,2256.411489,2251.265739,7.859980202,0.159662403,10.89048113,0.305780163,0.352619799,1.099231074,1.652139739,0.032167857,0.029263962,0.03957791,0.040096216,0.023462803
Cabral,-17.516384,-149.912515,CSEEP,CSEEP,NA,NA,Seep,3/30/2022,13:00:00,NA,High,Day,Afternoon,36.35,29.24,2249.655731,2243.246456,7.933057792,0.139959001,7.135777835,0.38354931,0.438803896,1.202179365,0.944541679,0.038955048,0.03240369,0.089963727,0.112217944,0.045027587
Cabral,-17.516384,-149.912515,CSEEP,CSEEP,NA,NA,Seep,3/30/2022,16:00:00,NA,Mid,Day,Afternoon,36.13,30.18,2249.924188,2242.236519,8.024545199,0.122621827,8.253476721,0.169485541,0.07201766,1.117202539,2.764665427,0.025153403,0.022514631,0.011049427,0.01912352,0.013579747
Cabral,-17.516384,-149.912515,CSEEP,CSEEP,NA,NA,Seep,3/30/2022,19:00:00,NA,Low,Night,Evening,34.19,29.36,2244.032399,2235.092031,8.00006689,0.388139962,42.28698281,1.723102998,0.34029085,2.780953099,1.185904292,0.111700734,0.040166349,0.096720734,0.10453461,0.05942077
Cabral,-17.516384,-149.912515,CSEEP,CSEEP,NA,NA,Seep,3/30/2022,22:00:00,NA,Mid,Night,Night,36.14,29.19,2271.332965,2260.996979,7.967253893,0.184871837,8.563004233,0.545796405,0.586810559,1.090578692,1.71661796,0.027414108,0.025137212,0.039659619,0.031358683,0.036084657
Cabral,-17.516384,-149.912515,CSEEP,CSEEP,NA,NA,Seep,3/31/2022,1:00:00,NA,High,Night,Night,36.23,28.59,2282.299233,2270.621749,7.95307197,0.238567021,8.679519737,0.367836588,0.189735414,1.328877552,0.629312988,0.068497987,0.051545747,0.245733104,0.11723055,0.164856768
Varari,-17.54606,-149.90274,VRC,VRC,NA,NA,Offshore,3/26/2022,20:00:00,NA,Mid,Night,Evening,36.29,29,2352.319032,2348.293386,7.923041219,0.163143128,3.38353856,0.463307649,0.288927697,1.480784367,0.506645237,0.028132965,0.018998691,0.132903353,0.053367972,0.089562426
Varari,-17.54606,-149.90274,VRC,VRC,NA,NA,Offshore,3/27/2022,2:00:00,NA,Mid,Night,Night,36.37,28.78,2343.333564,2337.989588,7.978603002,0.16977929,2.891033335,0.423480234,0.235642589,1.796695552,0.629822469,0.013384381,0.007449443,0.028171082,0.024517783,0.015701931
Varari,-17.54606,-149.90274,VRC,VRC,NA,NA,Offshore,3/27/2022,8:00:00,NA,Mid,Day,Morning,36.32,29.77,2352.766341,2334,8.00185547,0.158734489,3.675995984,0.417290839,0.571494785,2.072882681,0.439120355,0.024743976,0.011936988,0.015405419,0.0405458,0
Varari,-17.54606,-149.90274,VRC,VRC,NA,NA,Offshore,3/27/2022,14:00:00,NA,Mid,Day,Afternoon,36.37,29.98,2342.514384,2325,7.981437725,0.1622614,3.309472419,0.426171276,0.594296971,1.595928829,0.63155484,0.010296748,0.006451884,0.022899944,0.006380608,0.029093296
Varari,-17.54606,-149.90274,VRC,VRC,NA,NA,Offshore,3/28/2022,8:00:00,NA,Mid,Day,Morning,36.67,29.64,2361.681818,2352.272727,7.937898783,0.20068617,2.159370619,0.581803177,0.405878908,2.295866818,1.165574656,0.024281493,0.010576176,0.038361847,0.0168319,0.033214919
Varari,-17.54606,-149.90274,VRC,VRC,NA,NA,Offshore,3/28/2022,14:00:00,NA,Mid,Day,Afternoon,36.64,31.23,2367.100668,2356.328879,7.980778413,0.164488923,0.887786505,0.419353971,0.265345437,1.382907003,0.527176813,0.016446474,0.011892682,0.087570459,0.087523619,0.044479432
Varari,-17.54606,-149.90274,VRC,VRC,NA,NA,Offshore,3/29/2022,8:00:00,NA,Low,Day,Morning,36.67,29.77,2370.680758,2363,8.052208682,0.178642974,0.847984607,0.565387824,0.213200438,1.391387219,0.715883103,0.009569399,0.006877596,0.015758318,0.002153771,0.010369113
Varari,-17.54606,-149.90274,VRC,VRC,NA,NA,Offshore,3/29/2022,2:00:00,NA,Mid,Night,Night,36.61,28.83,2368.011648,2362,8.056702482,0,NA,NA,NA,NA,NA,NA,NA,NA,NA,NA
Varari,-17.54606,-149.90274,VRC,VRC,NA,NA,Offshore,3/29/2022,14:00:00,NA,High,Day,Afternoon,36.68,29.77,2375.959662,2361.118347,8.083345062,0.18273313,1.202340848,0.384785142,0.294709303,1.657870093,0.66180096,0.010896346,0.006572497,0.029572171,0.021253556,0.051852349
Varari,-17.54606,-149.90274,VRC,VRC,NA,NA,Offshore,3/29/2022,20:00:00,NA,Low,Night,Evening,36.7,29.17,2362.934945,2340,8.000398641,0.116086706,0.930011127,0.413523381,0.02,1.893111186,0.47805052,0.009942303,0.005251833,0.022704279,0.020336061,0.015199472
Varari,-17.54606,-149.90274,VRC,VRC,NA,NA,Offshore,3/30/2022,2:00:00,NA,High,Night,Night,36.68,28.87,2366.746178,2343,8.04765503,0.18026721,0.97327406,0.49515164,0.221841266,1.486716952,0.46662586,0.010777348,0.007249092,0.030739796,0.02772712,0.014198811
Varari,-17.54606,-149.90274,VRC,VRC,NA,NA,Offshore,3/30/2022,20:00:00,NA,Low,Night,Evening,36.67,29.26,2365.61666,2346.841925,7.985689224,0,NA,NA,NA,1.663418649,0.449735343,0.021568569,0.012966411,0.097030405,0.068340566,0.090910362
Varari,-17.54606,-149.90274,VRC,VRC,NA,NA,Offshore,3/31/2022,2:00:00,NA,High,Night,Night,36.65,28.87,2374.674972,2354.493598,8.059877498,0,NA,NA,NA,1.316973377,0.600839916,0.010035248,0.007619932,0.025309078,0.018902455,0.03266748
Cabral,-17.5168,-149.92307,CRC,CRC,NA,NA,Offshore,3/29/2022,1:00:00,NA,High,Night,Night,36.5,28.65,2373.153386,2351.652563,8.043964666,0.17754563,2.493573465,0.380194908,0.394289277,1.399515848,1.004796961,0.011130089,0.007952814,0.021249533,0.017925739,0.024365299
Cabral,-17.5168,-149.92307,CRC,CRC,NA,NA,Offshore,3/29/2022,13:00:00,NA,High,Day,Afternoon,36.47,29.64,2361.387757,2338.669255,8.029607942,0.183279183,3.128565259,0.277179478,0.250076136,1.688761148,0.635194292,0.009100203,0.005388686,0.016928298,0.016367822,0.015620225
Cabral,-17.5168,-149.92307,CRC,CRC,NA,NA,Offshore,3/30/2022,1:00:00,NA,High,Night,Night,36.64,28.78,2381.913876,2357.663622,8.01684363,0.164804399,1.208007256,0.231806786,0.02,2.239278609,0.114354392,0.009149135,0.004085751,0.050788419,0.018904773,0.059976875
Cabral,-17.5168,-149.92307,CRC,CRC,NA,NA,Offshore,3/30/2022,13:00:00,NA,High,Day,Afternoon,36.62,29.77,2378.70077,2353.15226,8.050460378,0.181914051,2.231502116,0.240016242,0.062059662,1.585687407,0.508583627,0.005415042,0.003414949,0.006011866,0.013185593,0.016374918
Cabral,-17.5168,-149.92307,CRC,CRC,NA,NA,Offshore,3/30/2022,19:00:00,NA,Low,Night,Evening,36.56,28.74,2386.837578,2382.752859,8.054758532,0.182096069,1.19632029,0.268616927,0.048248868,1.452703655,0.71528571,0.012266779,0.008444103,0.034260465,0.062950276,0.03843643
Cabral,-17.5168,-149.92307,CRC,CRC,NA,NA,Offshore,3/31/2022,1:00:00,NA,High,Night,Night,36.43,28.7,2375.960336,2370.541954,8.056722769,0.176271507,1.118761337,0.29739416,0.092882035,1.541531639,0.822166411,0.00764191,0.004957349,0.012289155,0.008610536,0.028210325
Cabral,-17.5168,-149.92307,CRC,CRC,NA,NA,Offshore,3/31/2022,7:00:00,NA,Low,Day,Morning,36.56,29,2368.571055,2361.822989,8.053226357,0.198705172,2.361475339,0.373927474,0.182978202,1.671926653,0.725394549,0.008010499,0.004791178,0.007938415,0.013469961,0.021596749
Cabral,-17.51652,-149.91379,CPIT,CPIT,NA,NA,Pit_Top,3/29/2022,1:00:00,NA,High,Night,Night,36.27,29.17,2257.827144,2238.638812,8.032297392,0.336082936,21.18450595,1.102071205,1.210785787,NA,NA,NA,NA,NA,NA,NA
Cabral,-17.51652,-149.91379,CPIT,CPIT,NA,NA,Pit_Top,3/29/2022,7:00:00,NA,Low,Day,Morning,35.73,28.4,2310.958073,2290.02074,7.984777498,0,NA,NA,NA,1.152610367,0.879281226,0.019657237,0.017054538,0.026462004,0.028861228,0.018703954
Cabral,-17.51652,-149.91379,CPIT,CPIT,NA,NA,Pit_Top,3/29/2022,13:00:00,NA,High,Day,Afternoon,36.58,29.08,2302.56746,2280.414858,7.988993333,0.170355935,2.212090369,0.684511262,0.349952479,0.998897736,1.263817538,0.013980538,0.013995966,0.014522421,0.021870794,0.009276529
Cabral,-17.51652,-149.91379,CPIT,CPIT,NA,NA,Pit_Top,3/30/2022,7:00:00,NA,Low,Day,Morning,36.61,27.67,2352.693753,2339.326175,8.002201684,0.209262192,1.714442429,0.493626637,0.681233712,1.327623883,0.65119461,0.027079098,0.020396664,0.084240579,0.139235592,0.072675632
Cabral,-17.51652,-149.91379,CPIT,CPIT,NA,NA,Pit_Top,3/30/2022,1:00:00,NA,High,Night,Night,36.6,28.95,2318.593983,2294.988388,8.066688589,0.21276603,1.162243098,0.76084714,0.593271402,1.199393112,0.968546187,0.014613349,0.012183953,0.01566369,0.015821188,0.026730072
Cabral,-17.51652,-149.91379,CPIT,CPIT,NA,NA,Pit_Top,3/29/2022,19:00:00,NA,Low,Night,Evening,34.72,28.23,2223.42098,2199.540257,8.071826531,0,NA,NA,NA,1.199978098,1.45390544,0.0397474,0.033123438,0.058751938,0.055103175,0.063297729
Cabral,-17.51652,-149.91379,CPIT,CPIT,NA,NA,Pit_Top,3/30/2022,13:00:00,NA,High,Day,Afternoon,36.52,29.13,2369.465111,2354.664364,8.03101439,0.189922825,1.28662866,0.326789308,0.2334202,1.303045872,0.494558121,0.01524501,0.011699519,0.065929272,0.102260946,0.061784592
Cabral,-17.51652,-149.91379,CPIT,CPIT,NA,NA,Pit_Top,3/30/2022,19:00:00,NA,Low,Night,Evening,36.49,29.17,2341.325105,2325.379645,8.093494967,0.173541243,1.690360197,0.417622965,0.312669262,1.384873233,0.679608739,0.01952929,0.014101861,0.060978337,0.084853257,0.035809053
Cabral,-17.51652,-149.91379,CPIT,CPIT,NA,NA,Pit_Top,3/31/2022,1:00:00,NA,High,Night,Night,36.51,28.65,2363.423262,2345.995864,8.050654815,0.184371289,1.40703982,0.376399138,0.292101256,1.183285145,0.678950844,0.012774431,0.010795734,0.017253342,0.055899323,0.007845748
Cabral,-17.51652,-149.91379,CPIT,CPIT,NA,NA,Pit_Top,3/31/2022,7:00:00,NA,Low,Day,Morning,36.6,28.35,2366.017265,2347.23935,8.020783522,0.158888828,1.464766347,0.317697115,0.212140908,1.125244063,2.732105574,0.008652935,0.007689829,0,0.007420987,0.021015405
Cabral,-17.51652,-149.91379,CPIT_Bottom,CPIT_Bottom,NA,NA,Pit_Bottom,3/29/2022,15:00:00,NA,Mid,Day,Afternoon,36.6,28.2,2340.4288,2332.431891,7.971472818,0.132541784,1.427580548,0.148652943,1.982530582,0.993110775,2.435739248,0.010406633,0.010478824,0,0.006513128,0
Cabral,-17.51652,-149.91379,CPIT_Bottom,CPIT_Bottom,NA,NA,Pit_Bottom,3/30/2022,13:00:00,NA,High,Day,Afternoon,36.56,28.1,2348.251997,2338.896411,7.96949684,0.188876223,2.222648354,0.150418417,0.208940123,1.41657463,0.857228568,0.039078698,0.027586755,0.084361538,0.125643606,0.080513638
Cabral,-17.51652,-149.91379,CPIT_Bottom,CPIT_Bottom,NA,NA,Pit_Bottom,3/30/2022,19:00:00,NA,Low,Night,Evening,36.56,28.3,2358.123738,2347.3928,7.990192642,0.122212287,1.927286862,0.095159069,0.330155032,1.299287334,0.412848556,0.027492324,0.021159541,0.110206369,0.061395073,0.080083204
Cabral,-17.51652,-149.91379,CPIT_Bottom,CPIT_Bottom,NA,NA,Pit_Bottom,3/31/2022,7:00:00,NA,Low,Day,Morning,36.57,28.2,2374.690125,2362.539919,8.007200379,0.180639928,2.530759264,0.410737615,0.661673361,1.073211243,1.206389484,0.010063017,0.009376549,0.006976478,0.008525453,0.0173369
Cabral,-17.568023,-149.867636,CSPRING_ROAD,CSPRING_ROAD,NA,NA,Spring,3/30/2022,16:00:00,NA,NA,Day,Afternoon,0.442,25,1335.707303,1332.66122,7.243505399,4.060162496,737.4880282,19.76572155,0.888929086,1.104556622,2.359200031,0.042543453,0.038516317,0.052819037,0.046605671,0.05612157
Cabral,-17.568023,-149.867636,CSPRING_ROAD,CSPRING_ROAD,NA,NA,Spring,3/30/2022,16:00:00,NA,NA,Day,Afternoon,0.439,25,1345.467487,1341.634246,7.24350451,4.060162496,737.4880282,19.76572155,0.888929086,1.104556622,2.359200031,0.042543453,0.038516317,0.052819037,0.046605671,0.05612157
Cabral,-17.516384,-149.912515,CSPRING_BEACH,CSPRING_BEACH,NA,NA,Spring,3/30/2022,18:00:00,NA,Low,Day,Evening,13.95,25,1864.830818,1858.458959,7.783037853,3.96159998,603.3548484,18.17052717,0.441174847,0.964497872,2.747128247,0.031656924,0.032822182,0.030451363,0.026012405,0.02513835
Cabral,-17.516384,-149.912515,CSPRING_BEACH,CSPRING_BEACH,NA,NA,Spring,3/30/2022,18:00:00,NA,Low,Day,Evening,13.58,25,1897.484095,1889.924397,7.782705319,3.96159998,603.3548484,18.17052717,0.441174847,0.964497872,2.747128247,0.031656924,0.032822182,0.030451363,0.026012405,0.02513835
Cabral,-17.516384,-149.912515,CSPRING_BEACH2,CSPRING_BEACH2,NA,NA,Spring,3/31/2022,15:00:00,NA,High,Day,Afternoon,3.113,25.09,1959.286362,1950.37038,7.649758,1.847374852,650.7339043,32.49964691,5.412764305,1.475182444,1.153538295,0.04803746,0.032563742,0.02888976,0.028250959,0.017872328
Varari,-17.540302,-149.899331,VSPRING,VSPRING,NA,NA,Spring,3/26/2022,16:30:00,NA,NA,Day,Afternoon,2.973,25.3,3813.313582,3808.960484,7.183279222,2.599125048,713.0571823,32.63479397,1.596933085,1.064842625,4.155081668,0.062999748,0.059163436,0.045391004,0.017478325,0.051433325
Varari,-17.540302,-149.899331,VSPRING,VSPRING,NA,NA,Spring,3/26/2022,16:30:00,NA,NA,Day,Afternoon,2.892,25.3,3817.700599,3811.16717,7.183212476,2.599125048,713.0571823,32.63479397,1.596933085,1.064842625,4.155081668,0.062999748,0.059163436,0.045391004,0.017478325,0.051433325
