Date,CowTagID,SeepCode,Tide,Day_Night,SamplingTime,Salinity,pH,TempInSitu,TA,NN_umolL,Silicate_umolL,Ammonia_umolL,Phosphate_umolL,Notes,M_C,HIX,MarineHumic_Like,VisibleHumidic_Like,Tryptophan_Like,Tyrosine_Like,Lignin_Like
3/21/2022,VSEEP,A,Mid,Night,5:00:00,36.14,7.866195305,28.06,2400.851448,1.167942082,13.57040172,0.968492842,0.383899929,NA,0.985683713,107.7514865,0.01311538,0.013305871,0,0.010668391,0
3/21/2022,VSEEP,B,Low,Day,8:00:00,16.89,7.11979914,27.08,3307.054725,14.47512447,401.7660016,1.516705395,2.347925434,NA,0.977048584,107.6242113,0.041691867,0.042671232,0,0.003728568,0
3/21/2022,V1,NA,Low,Day,8:00:00,36.64,7.90482291,28.53,2357.33632,0.499259483,1.323530762,0.828499422,0.157620727,NA,1.36100505,2.070245207,0.009523637,0.006997503,0,0.013325516,0.011755429
3/21/2022,V2,NA,Low,Day,8:00:00,36.54,7.925236768,28.6,2350.56917,0.342611639,1.782810054,0.583375924,0.157527914,NA,1.279927052,0.952468322,0.011658515,0.009108734,0.006920172,0.027420717,0
3/21/2022,V3,NA,Low,Day,8:00:00,36.43,7.917425626,28.66,2354.77823,0.287992195,3.033281857,0.411099409,0.155996492,NA,,,,,,,
3/21/2022,V4,NA,Low,Day,8:00:00,36.57,7.961419449,28.73,2353.46016,0.198672279,1.174706274,0.408759185,0.135763159,NA,,,,,,,
3/21/2022,V5,NA,Low,Day,8:00:00,36.57,7.951506816,28.73,2349.12491,0.183710517,1.111715444,0.421300387,0.142770574,NA,1.29494044,0.412844304,0.01056014,0.008154923,0.018995304,0.039085969,0.015798492
3/21/2022,V6,NA,Low,Day,8:00:00,36.43,7.916228541,28.51,2405.71887,0.534681004,3.862199646,0.298948658,0.18040643,NA,1.3472734,0.496235089,0.016434016,0.012197981,0.107337793,0.056222369,0.17906634
3/21/2022,V7,NA,Low,Day,8:00:00,36.32,7.913070487,28.72,2357.65494,0.479520773,5.850910131,0.224841554,0.166391599,NA,1.149427389,0.482719759,0.01245427,0.010835195,0.032236901,0.031122833,0.013441363
3/21/2022,V8,NA,Low,Day,8:00:00,36.57,7.93021162,28.77,2346.99021,0.264828503,2.253510761,0.342932874,0.158502455,used V18 TempInSitu,1.068163131,0.709079444,0.008015095,0.007503624,0,0.04148107,0.002407096
3/21/2022,V9,NA,Low,Day,8:00:00,36.52,7.93202266,28.86,2345.93894,0.218591251,1.136980996,0.264385345,0.145879825,NA,1.426855299,0.459487653,0.07215553,0.05056962,0.352061782,0.111130381,0.16597516
3/21/2022,V10,NA,Low,Day,8:00:00,36.61,7.946069501,28.93,2342.2794,0.148829783,1.068798615,0.280526892,0.142028067,NA,1.320175109,1.046098185,0.009785695,0.007412422,0.005053309,0.020231792,0.016685393
3/21/2022,V11,NA,Low,Day,8:00:00,36.59,7.946833199,28.63,2339.92433,0.540719787,1.067414201,0.294148198,0.152887241,NA,1.521986269,0.415026115,0.010920345,0.007175061,0.044764364,0.034482266,0.025748814
3/21/2022,V12,NA,Low,Day,8:00:00,36.5,7.955646476,28.72,2339.26347,0.156400795,1.077105098,0.216320737,0.140682272,NA,1.232291441,0.580524465,0.010519692,0.008536692,0.030439722,0.04407312,0.028862668
3/21/2022,V13,NA,Low,Day,8:00:00,36.38,7.932415829,28.76,2338.52036,0.288713243,1.359525522,1.689881996,0.148014535,NA,1.218680477,0.535505767,0.009371329,0.007689734,0.020033735,0.028457123,0.016819658
3/21/2022,V14,NA,Low,Day,8:00:00,36.51,7.915014661,28.62,2354.98,0.174607276,2.995210477,0.236122635,0.150984565,2354.398,,,,,,,
3/21/2022,V15,NA,Low,Day,8:00:00,36.58,7.93708686,28.72,2337.6736,0.235175373,1.619795324,0.180377291,0.154511476,NA,1.070654579,3.95925051,0.008713545,0.008138521,0,0.013539826,0
3/21/2022,V16,NA,Low,Day,8:00:00,36.59,7.969967911,28.83,2343.51614,0.087811031,1.469932526,0.387457142,0.149545957,NA,1.37598056,0.84154098,0.006854041,0.004981205,0,0.024168787,0
3/21/2022,V17,NA,Low,Day,8:00:00,36.55,7.921680295,28.46,2351.13,0.212372205,2.499244218,0.229522002,0.141331966,2342.068,1.133177191,0.837087041,0.009565601,0.0084414,0.013671922,0.015267249,0.002317239
3/21/2022,V18,NA,Low,Day,8:00:00,36.58,7.934220318,28.77,2329.31,0.163340889,1.228006207,0.20497965,0.14680796,2333.762,,,,,,,
3/21/2022,V19,NA,Low,Day,8:00:00,36.61,7.965045841,28.76,2339.42731,0.102682662,1.185435481,0.950458716,0.128245269,NA,1.243478408,1.62190088,0.006583537,0.005294452,0.000207008,0.012915595,0.008669266
3/21/2022,V20,NA,Low,Day,8:00:00,36.61,7.930857652,28.62,2323.8225,0.193354544,1.495544182,0.198319011,0.148710635,used V14 TempInSitu,1.132092991,0.688406999,0.008885824,0.007849023,0.014082256,0.027675959,0.022222326
3/21/2022,VSEEP,C,Mid,Day,11:00:00,35.9,7.979474827,29.59,2378.216542,1.06687617,12.01880453,0.41918427,0.267007267,NA,1.2888976,4.220289331,0.016851527,0.013074372,0,0.040152295,0
3/21/2022,VSEEP,D,High,Day,14:00:00,36.45,8.019435672,29.37,2338.527293,0.353787894,4.051172135,0.244163406,0.16495299,Overcast,0.859733345,5.697935703,0.008047966,0.009361002,0,0.014202285,0
3/21/2022,V1,NA,High,Day,14:00:00,36.6,8.033556118,29.3,2333.14574,0.154868566,1.232851655,0.230482094,0.143281048,Overcast,1.059863038,0.863850005,0.007434259,0.007014358,0.016463123,0.024102837,0.004187759
3/21/2022,V2,NA,High,Day,14:00:00,36.57,8.039916818,29.32,2335.686567,0.342431376,1.036264889,0.226041669,0.147550467,Overcast,0.901572335,3.564129285,0.004752104,0.005270907,0,0.014538631,0
3/21/2022,V3,NA,High,Day,14:00:00,36.57,8.046582442,29.31,2338.368209,0.17487767,0.940740334,0.223401416,0.112838235,Overcast,1.921248717,0.400472295,0.015106143,0.007862669,0.157029944,0.049278717,0.239735546
3/21/2022,V4,NA,High,Day,14:00:00,36.55,8.050210917,29.33,2346.684173,0.184071041,0.853522262,0.328291471,0.128152455,Overcast,0.638988814,59.53256376,0.001938466,0.003033646,0,0.005874854,0
3/21/2022,V5,NA,High,Day,14:00:00,36.58,8.047674165,29.37,2321.775911,0.255725262,0.891247539,0.252924246,0.116086706,Overcast,0.754650607,4.899762883,0.002693118,0.003568696,0,0.020303825,0
3/21/2022,V6,NA,High,Day,14:00:00,36.58,8.030438956,29.29,2335.810823,0.134498939,1.678632912,0.237622779,0.141610406,Overcast,0.829101545,3.697860636,0.00578912,0.006982401,0,0.014818808,0
3/21/2022,V7,NA,High,Day,14:00:00,36.58,8.02437026,29.48,2332.53922,0.168388231,2.091534341,0.179777234,0.148432195,Overcast,0.971895137,4.574444203,0.005766049,0.00593279,0,0.013220752,0
3/21/2022,V8,NA,High,Day,14:00:00,36.56,8.0319223,29.43,2329.224197,0.256085787,1.411441041,0.170716365,0.145415758,"Overcast, used V18 TempInSitu",1.364766979,9.025763103,0.007817482,0.005728071,0,0.013927392,0
3/21/2022,V9,NA,High,Day,14:00:00,36.6,8.035633837,29.45,2330.358812,0.163160627,1.126597893,0.167896095,0.131586553,Overcast,0.773305376,9.013822495,0.003620947,0.004682428,0,0.004344369,0
3/21/2022,V10,NA,High,Day,14:00:00,36.56,8.041790621,29.51,2329.516085,0.073660449,1.241850345,0.334172034,0.132885942,Overcast,1.338778793,0.473848882,0.008726728,0.006518424,0.070161518,0.032562298,0.069295637
3/21/2022,V11,NA,High,Day,14:00:00,36.58,8.042885777,29.3,2316.6125,0.122511503,0.977081198,0.161655497,0.130612012,Overcast,1.721489642,38.19083582,0.006627287,0.00384974,0,0.001490136,0.008345495
3/21/2022,V12,NA,High,Day,14:00:00,36.58,8.048052751,29.38,2331.692517,0.111785903,0.909244919,0.236962716,0.131215299,Overcast,0.685851726,6.351182882,0.003484956,0.005081209,0,0.009411609,0
3/21/2022,V13,NA,High,Day,14:00:00,36.6,8.03491098,29.43,2329.262897,0.198672279,1.410056627,0.300688825,0.134742211,Overcast,1.225445493,6.734150989,0.00502425,0.004099937,0,0.005793002,0
3/21/2022,V14,NA,High,Day,14:00:00,36.5,8.015432503,29.4,2322.19,0.181276977,3.126037585,0.236602681,0.143002608,2329.516,0.968985999,2.77002627,0.006656852,0.006869915,0,0.021641741,0
3/21/2022,V15,NA,High,Day,14:00:00,36.56,8.036101701,29.4,2325.725545,0.1682981,1.035918786,0.194538649,0.148246568,Overcast,1.115421332,0.921008719,0.007408465,0.006641854,0.013985805,0.026444661,0.006765301
3/21/2022,V16,NA,High,Day,14:00:00,36.55,8.052399018,29.36,2329.885978,0.130262777,0.828602813,0.235582583,0.127456354,Overcast,1.20061521,0.791160855,0.006377578,0.005311925,0.014054019,0.018457745,0.016465211
3/21/2022,V17,NA,High,Day,14:00:00,36.57,8.021317911,29.28,2329.38,0.173705965,2.562235048,0.187577982,0.152980054,2330.228,2.765376805,0.42765709,0.020458724,0.007398169,0.144882448,0.023773131,0.29593083
3/21/2022,V18,NA,High,Day,14:00:00,36.57,8.045124811,28.76,2342.017,0.110343805,1.294111968,0.164055727,0.141192746,2321.808,0.639711899,37.95277464,0.002639676,0.004126351,0,0.002368736,0
3/21/2022,V19,NA,High,Day,14:00:00,36.52,8.047307202,29.37,2327.860835,0.067080879,0.898861816,0.155294887,0.11887111,Overcast,0.944093106,1.651521506,0.004844449,0.005131326,0,0.013895678,0
3/21/2022,V20,NA,High,Day,14:00:00,36.59,8.033626688,29.4,2319.514654,0.122511503,1.364024867,0.15511487,0.147596874,used V14 TempInSitu,0.777324452,1.071417417,0.00311997,0.004013729,0,0.012889658,0
3/21/2022,VSEEP,E,Mid,Day,17:00:00,35.31,7.889687092,28.82,2365.54137,1.89989671,30.180599,0.208039943,0.756406727,NA,1.050643545,5.469820289,0.015601568,0.014849535,0,0.013228788,0
3/21/2022,VSEEP,F,Low,Night,20:00:00,15.12,7.106500413,27.14,3370.869465,18.53571555,447.2495465,0.220581145,2.3580421,NA,1.003442538,24.58590793,0.04109878,0.040957781,0,0.008603705,0
3/21/2022,V1,NA,Low,Night,20:00:00,36.34,7.949319217,28.92,2348.50333,0.758656776,4.940658029,0.673084523,0.187228219,NA,1.10246661,2.288002077,0.010800031,0.009796244,0,0.008606324,0
3/21/2022,V2,NA,Low,Night,20:00:00,36.42,7.966953476,28.91,2340.669278,0.620575938,3.700915433,0.256344574,0.171589152,NA,1.100361086,0.616639419,0.010844165,0.009855097,0.011569429,0.021505194,0.027768888
3/21/2022,V3,NA,Low,Night,20:00:00,36.57,7.979633626,28.9,2339.816683,0.458430097,1.382714454,0.466304701,0.165463464,NA,,,,,,,
3/21/2022,V4,NA,Low,Night,20:00:00,36.54,7.991741561,28.86,2338.301671,0.252300281,0.99334806,0.237262744,0.143373862,NA,1.195031175,0.889436801,0.008343127,0.006981514,0,0.023822404,0
3/21/2022,V5,NA,Low,Night,20:00:00,36.5,7.986013405,28.88,2328.668223,0.3723549,2.390567731,0.470025058,0.162771874,NA,1.171235204,1.071510245,0.007806523,0.006665206,0,0.016948079,0
3/21/2022,V6,NA,Low,Night,20:00:00,36.36,7.993416428,28.93,2342.924436,0.424090149,4.688002503,0.263965304,0.17033617,NA,1.05833751,1.04775346,0.008800874,0.008315753,0,0.017086726,0
3/21/2022,V7,NA,Low,Night,20:00:00,36.45,7.995342476,29.16,2333.671339,0.379385126,3.509866323,0.239062917,0.167690987,NA,,,,,,,
3/21/2022,V8,NA,Low,Night,20:00:00,36.46,7.992804263,29.07,2338.080618,0.406694848,3.702299847,0.237502768,0.171403525,used V18 TempInSitu,1.235396797,0.439161405,0.016488468,0.013346698,0.057031423,0.033677139,0.020234998
3/21/2022,V9,NA,Low,Night,20:00:00,36.56,7.995988971,29.1,2332.620004,0.244549007,1.543652563,0.224481519,0.148617822,NA,1.342952166,1.713598185,0.010165433,0.007569467,0.000507527,0.017614012,0
3/21/2022,V10,NA,Low,Night,20:00:00,36.58,8.000591151,29.13,2343.700088,0.185062483,0.987118198,0.215540662,0.15502195,NA,2.095398307,0.333124563,0.014709359,0.007019839,0.095856659,0.044020628,0.146556383
3/21/2022,V11,NA,Low,Night,20:00:00,36.37,7.99379214,28.88,2338.013608,0.411652058,3.202180346,0.240503055,0.173538235,NA,1.215953657,0.527476395,0.009486084,0.007801353,0.02217269,0.02919076,0.015417744
3/21/2022,V12,NA,Low,Night,20:00:00,36.6,7.99886909,28.88,2319.751901,0.25716736,0.940740334,0.203179477,0.148385788,NA,1.328480304,0.340844148,0.010848715,0.00816626,0.028997159,0.067038746,0
3/21/2022,V13,NA,Low,Night,20:00:00,36.55,7.994936648,29.15,2320.632545,0.34603662,1.252579552,0.242303228,0.157527914,NA,1.137401244,0.768686919,0.011259249,0.009899101,0.015732632,0.034483442,0.013441677
3/21/2022,V14,NA,Low,Night,20:00:00,36.47,8.015504621,29.11,2326.22,0.279610003,3.467295597,0.272426115,0.156135712,2327.468,,,,,,,
3/21/2022,V15,NA,Low,Night,20:00:00,36.38,7.992555357,28.97,2326.274259,0.529273138,4.175077174,0.242183216,0.179246262,NA,1.239309675,0.758817467,0.011432821,0.009225153,0.012834285,0.030571847,0.010180155
3/21/2022,V16,NA,Low,Night,20:00:00,36.61,8.004468017,28.7,2333.326941,0.156671188,1.081950546,0.178217084,0.164999397,NA,1.280498188,1.098096925,0.00863863,0.006746304,0.005182592,0.024633447,0
3/21/2022,V17,NA,Low,Night,20:00:00,36.46,8.008163122,28.97,2325.71,0.344684654,2.725595881,0.248183791,0.149221109,2320.85,1.158816837,0.550204688,0.012989377,0.011209171,0.033769275,0.041876991,0.032412318
3/21/2022,V18,NA,Low,Night,20:00:00,36,7.986970707,29.07,2349.82,0.669156598,7.738904509,4.25986836,0.201475084,2337.933,1.143333335,1.433451419,0.011545987,0.01009853,0.000350731,0.022206992,0
3/21/2022,V19,NA,Low,Night,20:00:00,36.54,8.007837587,28.92,2320.615292,0.37666396,0.739466183,0.179777417,0.187056048,NA,1.149205976,0.302533072,0.006003263,0.005223835,0.007492661,0.025277708,0.000845142
3/21/2022,V20,NA,Low,Night,20:00:00,36.52,7.998593695,29.11,2310.803421,0.28925403,1.427015697,0.465584632,0.154279443,used V14 TempInSitu,1.177424178,0.72865102,0.011211837,0.009522343,0.032685362,0.035196398,0.032424308
3/21/2022,VSEEP,F2,Mid,Night,21:45:00,21.4,7.301113682,26.98,3064.155085,12.43864977,319.4189341,0.331291758,1.685608624,Mid-low tide,0.948841376,65535,0.028251003,0.029774211,0,0,0
3/21/2022,VSEEP,G,Mid,Night,23:00:00,35.08,7.897116716,27.03,2404.687973,1.503680413,23.99296133,0.302128963,0.344222177,NA,1.638615095,0.385717856,0.034876213,0.021283957,0.394707002,0.088716191,0.439640552
3/22/2022,VSEEP,H,High,Night,2:00:00,36.54,7.937020279,28.16,2348.657929,1.25825344,3.096964894,1.27110185,0.214376154,NA,0.906132114,19.71051623,0.008699341,0.009600522,0,0.003417601,0
3/22/2022,V1,NA,High,Night,2:00:00,36.67,7.931007769,28.38,2360.875128,0.333959053,1.280613933,0.298588623,0.173399014,NA,1.203857012,0.529940824,0.007684621,0.006383334,0.013723741,0.016529446,0.017177918
3/22/2022,V2,NA,High,Night,2:00:00,36.64,7.931920658,28.43,2360.453386,0.232831964,1.1272901,0.163935715,0.174559182,NA,1.308159768,0.584781952,0.009120971,0.006972368,0.016277705,0.016431946,0.012686537
3/22/2022,V3,NA,High,Night,2:00:00,36.63,7.939845967,28.48,2361.344489,0.192002578,0.950777335,0.66846408,0.164024855,NA,1.301567511,0.531189835,0.008457209,0.006497711,0.015200927,0.021746421,0.007616094
3/22/2022,V4,NA,High,Night,2:00:00,36.65,7.948435473,28.49,2362.423851,0.184431566,0.889170919,0.132552707,0.163003907,NA,1.279086937,0.466482892,0.008088218,0.006323431,0.018388238,0.048420349,0.020157715
3/22/2022,V5,NA,High,Night,2:00:00,36.61,7.946261267,28.47,2352.301094,0.135219987,0.925165679,0.147074099,0.161890146,NA,1.149781712,0.335216275,0.007460456,0.006488585,0.036795484,0.052240298,0.006693232
3/22/2022,V6,NA,High,Night,2:00:00,36.56,7.935626006,28.34,2355.288728,0.175148063,1.491044837,0.125652045,0.165834718,NA,1.35508942,0.440755686,0.019962606,0.014731578,0.082161543,0.049541803,0.040022089
3/22/2022,V7,NA,High,Night,2:00:00,36.46,7.937050652,28.53,2341.948116,0.203178834,1.628447911,0.162075537,0.17558013,NA,,,,,,,
3/22/2022,V8,NA,High,Night,2:00:00,36.68,7.944457031,28.61,2355.165876,0.169830328,1.306225589,0.13123258,0.166345192,used V18 TempInSitu,1.209667489,0.464744319,0.008753957,0.007236664,0.018613498,0.020819215,0.025032465
3/22/2022,V9,NA,High,Night,2:00:00,36.61,7.935899989,28.92,2354.123837,0.105927381,1.031073338,0.163515675,0.158827302,NA,1.100255334,0.485238859,0.008030099,0.007298396,0.001525627,0.050210851,0
3/22/2022,V10,NA,High,Night,2:00:00,36.61,7.941249573,28.71,2355.541037,0.101060302,1.004769475,0.129792442,0.145601385,NA,1.139443168,0.356873975,0.009329769,0.008188007,0.036817889,0.052860435,0.014396448
3/22/2022,V11,NA,High,Night,2:00:00,36.63,7.941591869,28.45,2385.505837,0.174607276,1.000616233,0.092888905,0.163467975,NA,1.241714886,0.524226985,0.00843598,0.006793814,0.018406329,0.024259011,0.003590115
3/22/2022,V12,NA,High,Night,2:00:00,36.63,7.944709264,28.48,2356.102916,0.122962158,0.926550092,0.125171999,0.163143128,NA,1.291640499,0.408131857,0.012167773,0.009420402,0.052452556,0.027037067,0.009644116
3/22/2022,V13,NA,High,Night,2:00:00,36.6,7.936854268,28.56,2350.382849,0.125666091,1.170206929,0.132612713,0.164488923,NA,1.136642921,0.453692205,0.008262263,0.007269005,0,0.054312439,0
3/22/2022,V14,NA,High,Night,2:00:00,36.57,7.94137008,28.53,2331.97,0.180736191,2.041695443,0.223881462,0.163235941,2345.338,1.266056725,0.42302776,0.010871688,0.008587046,0.034688643,0.0433801,0.029392781
3/22/2022,V15,NA,High,Night,2:00:00,36.59,7.939657543,28.51,2352.742306,0.280331052,0.984003267,1.451119107,0.167134106,NA,1.065508032,0.262398929,0.006712614,0.006299919,0.006827731,0.053508218,0
3/22/2022,V16,NA,High,Night,2:00:00,36.64,7.951601106,28.58,2350.500981,0.128910811,0.900592333,0.302008951,0.152701614,NA,1.214815385,0.892717801,0.007703749,0.006341498,0.025303073,0.027958808,0.024651372
3/22/2022,V17,NA,High,Night,2:00:00,36.59,7.953955837,28.33,2339.7,0.156130402,1.565803184,17.11922004,0.142213694,2344.201,1.171818069,0.578088728,0.010740623,0.009165777,0.018066686,0.029757485,0.005725153
3/22/2022,V18,NA,High,Night,2:00:00,36.6,7.939120051,28.61,2389.34,0.468645175,0.858814892,0.340527946,0.190514382,2340.64,1.092893333,0.571563725,0.007982369,0.007303886,0.014977522,0.025265435,0.009063552
3/22/2022,V19,NA,High,Night,2:00:00,36.62,7.950193418,28.63,2343.707945,0.087270245,0.897477402,0.205279679,0.153954596,NA,1.065187314,0.3909534,0.012671945,0.011896448,0.086360128,0.098358474,0.033652219
3/22/2022,V20,NA,High,Night,2:00:00,36.66,7.938611676,28.53,2347.161306,0.119176652,1.164669273,0.203599517,0.166438005,used V14 TempInSitu,1.163879961,0.499880468,0.00824656,0.007085404,0.017709038,0.030007737,0.004722612
3/26/2022,VSPRING,NA,NA,Day,16:30:00,2.973,7.183279222,25.3,3808.960484,32.63479397,713.0571823,1.596933085,2.599125048,PVC pounded 73 cm into sediment near seep - killed/filtered,1.064842625,4.155081668,0.062999748,0.059163436,0.045391004,0.017478325,0.051433325
3/26/2022,VSPRING,NA,NA,Day,16:30:00,2.892,7.183212476,25.3,3811.16717,32.63479397,713.0571823,1.596933085,2.599125048,PVC pounded 73 cm into sediment near seep - fridge/filtered,1.064842625,4.155081668,0.062999748,0.059163436,0.045391004,0.017478325,0.051433325
3/26/2022,VRC,A,Mid,Night,20:00:00,36.29,7.923041219,29,2348.293386,0.463307649,3.38353856,0.288927697,0.163143128,Mid-low,1.480784367,0.506645237,0.028132965,0.018998691,0.132903353,0.053367972,0.089562426
3/27/2022,VRC,B,Mid,Night,2:00:00,36.37,7.978603002,28.78,2337.989588,0.423480234,2.891033335,0.235642589,0.16977929,NA,1.796695552,0.629822469,0.013384381,0.007449443,0.028171082,0.024517783,0.015701931
3/27/2022,VRC,C,Mid,Day,8:00:00,36.32,8.00185547,29.77,2334,0.417290839,3.675995984,0.571494785,0.158734489,NA,2.072882681,0.439120355,0.024743976,0.011936988,0.015405419,0.0405458,0
3/27/2022,VRC,D,Mid,Day,14:00:00,36.37,7.981437725,29.98,2325,0.426171276,3.309472419,0.594296971,0.1622614,NA,1.595928829,0.63155484,0.010296748,0.006451884,0.022899944,0.006380608,0.029093296
3/28/2022,VRC,G,Mid,Day,8:00:00,36.67,7.937898783,29.64,2352.272727,0.581803177,2.159370619,0.405878908,0.20068617,Mid-low tide,2.295866818,1.165574656,0.024281493,0.010576176,0.038361847,0.0168319,0.033214919
3/28/2022,VRC,H,Mid,Day,14:00:00,36.64,7.980778413,31.23,2356.328879,0.419353971,0.887786505,0.265345437,0.164488923,Mid-high tide,1.382907003,0.527176813,0.016446474,0.011892682,0.087570459,0.087523619,0.044479432
3/28/2022,VSEEP,I,Low,Day,17:00:00,18.85,7.132855019,29.86,3084.914351,18.06521662,362.0551093,3.244931066,1.632472922,NA,1.050012852,2.262627678,0.039536347,0.037653203,0.025385027,0.006140375,0.037658484
3/28/2022,VSEEP,J,Low,Night,18:00:00,15.95,7.025903882,29.35,3195.876001,14.62960347,317.7756759,4.17850056,1.356167268,NA,1.008282509,1.539242215,0.043366146,0.043009916,0.046779632,0.034967832,0.044193314
3/28/2022,VSEEP,K,Low,Night,19:00:00,29.29,7.677425705,29.34,2619.531199,7.296705625,153.5596441,3.404006315,0.810377751,Low-mid tide,1.02984483,1.580529408,0.030192418,0.029317444,0.059615455,0.039189368,0.032232401
3/29/2022,VSEEP,L,Low,Day,7:00:00,21.42,7.160273923,27.81,3091.239342,13.72479785,309.2760646,4.325574659,1.577527357,NA,1.053413742,2.044320486,0.041967601,0.039839618,0.047027189,0.018933007,0.029267947
3/29/2022,VSEEP,M,Low,Day,8:00:00,20.41,7.199436816,27.79,3130.281454,13.86780128,345.1656733,3.340640241,1.556087449,Low-mid tide,1.171984152,1.802672594,0.04912479,0.041915916,0.04209008,0.026157137,0.045079283
3/29/2022,VSEEP,N,Mid,Day,9:00:00,27.55,7.517253532,28.36,2741.339472,9.485011122,189.8636089,1.533026959,0.990389445,NA,1.151626398,1.028206486,0.041269391,0.035835746,0.114258875,0.053587804,0.073739442
3/29/2022,VSEEP,O,High,Day,11:00:00,36.45,7.973283744,30.09,2294.644581,0.424243494,4.021024445,0.236324616,0.186100455,NA,1.117948943,1.346885915,0.01868121,0.016710253,0.027282095,0.02615008,0.004511327
3/29/2022,VRC,K,Low,Day,8:00:00,36.67,8.052208682,29.77,2363,0.565387824,0.847984607,0.213200438,0.178642974,Low-mid tide,1.391387219,0.715883103,0.009569399,0.006877596,0.015758318,0.002153771,0.010369113
3/29/2022,VRC,J,Mid,Night,2:00:00,36.61,8.056702482,28.83,2362,NA,NA,NA,0,"Mid-high tide, Nutrient sample did not collect on SAS",,,,,,,
3/29/2022,VRC,L,High,Day,14:00:00,36.68,8.083345062,29.77,2361.118347,0.384785142,1.202340848,0.294709303,0.18273313,High-mid tide,1.657870093,0.66180096,0.010896346,0.006572497,0.029572171,0.021253556,0.051852349
3/29/2022,VRC,M,Low,Night,20:00:00,36.7,8.000398641,29.17,2340,0.413523381,0.930011127,0.02,0.116086706,Low-mid tide,1.893111186,0.47805052,0.009942303,0.005251833,0.022704279,0.020336061,0.015199472
3/30/2022,VRC,N,High,Night,2:00:00,36.68,8.04765503,28.87,2343,0.49515164,0.97327406,0.221841266,0.18026721,High-mid tide,1.486716952,0.46662586,0.010777348,0.007249092,0.030739796,0.02772712,0.014198811
3/30/2020,VRC,O,Low,Night,20:00:00,36.67,7.985689224,29.26,2346.841925,NA,NA,NA,0,Low-mid tide,1.663418649,0.449735343,0.021568569,0.012966411,0.097030405,0.068340566,0.090910362
3/31/2020,VRC,P,High,Night,2:00:00,36.65,8.059877498,28.87,2354.493598,NA,NA,NA,0,NA,1.316973377,0.600839916,0.010035248,0.007619932,0.025309078,0.018902455,0.03266748
3/29/2022,CRC,A,High,Night,1:00:00,36.5,8.043964666,28.65,2351.652563,0.380194908,2.493573465,0.394289277,0.17754563,NA,1.399515848,1.004796961,0.011130089,0.007952814,0.021249533,0.017925739,0.024365299
3/29/2022,CPIT,A,High,Night,1:00:00,36.27,8.032297392,29.17,2238.638812,1.102071205,21.18450595,1.210785787,0.336082936,NA,,,,,,,
3/29/2022,CPIT,B,Low,Day,7:00:00,35.73,7.984777498,28.4,2290.02074,NA,NA,NA,0,NA,1.152610367,0.879281226,0.019657237,0.017054538,0.026462004,0.028861228,0.018703954
3/29/2022,CPIT,C,High,Day,13:00:00,36.58,7.988993333,29.08,2280.414858,0.684511262,2.212090369,0.349952479,0.170355935,NA,0.998897736,1.263817538,0.013980538,0.013995966,0.014522421,0.021870794,0.009276529
3/29/2022,CPIT_Bottom,NA,Mid,Day,15:00:00,36.6,7.971472818,28.2,2332.431891,0.148652943,1.427580548,1.982530582,0.132541784,NA,0.993110775,2.435739248,0.010406633,0.010478824,0,0.006513128,0
3/29/2022,CRC,C,High,Day,13:00:00,36.47,8.029607942,29.64,2338.669255,0.277179478,3.128565259,0.250076136,0.183279183,NA,1.688761148,0.635194292,0.009100203,0.005388686,0.016928298,0.016367822,0.015620225
3/30/2022,CSEEP,A,Mid,Night,4:00:00,36.14,7.849668571,28.2,2247.023694,0.381783835,8.750703982,0.780932234,0.207259998,Mid-low tide,1.088823786,2.310766854,0.029874428,0.02743734,0.020426006,0.033005038,0
3/30/2022,CSEEP,B,Low,Day,7:00:00,35.97,7.832207087,27.94,2263.011193,0.327407224,12.17463073,0.862670795,0.238066473,NA,1.298331955,1.215617283,0.066747963,0.051410552,0.11305218,0.14817548,0.113817024
3/30/2022,C1,NA,Low,Day,7:00:00,36.48,7.835625813,27.94,2091.85952,0.528879361,3.528902013,0.679145104,0.148525009,NA,1.335933512,0.849867259,0.044141225,0.033041484,0.080054134,0.10671174,0.090903994
3/30/2022,C2,NA,Low,Day,7:00:00,36.65,7.791398546,29.04,2282.888138,0.74272746,2.489553321,0.62579999,0.193353907,NA,1.271053648,0.474828105,0.039015097,0.030695083,0.136602375,0.163572237,0.102450716
3/30/2022,C3,NA,Low,Day,7:00:00,36.69,7.868473391,27.16,2328.246302,1.19186229,2.031658442,0.793396057,0.221940451,NA,1.463929266,0.700455299,0.046435212,0.031719574,0.101917026,0.107799486,0.095879961
3/30/2022,C4,NA,Low,Day,7:00:00,36.5,7.827509968,28.7,2272.953016,0.345150242,4.971918459,0.912638604,0.23306099,NA,1.282211956,1.089570744,0.059482397,0.046390456,0.118627162,0.17324453,0.101683561
3/30/2022,C5,NA,Low,Day,7:00:00,36.36,7.853631333,28.91,2241.79,0.463260478,6.271296536,1.029704346,0.163166241,2267.629093,1.324594963,0.380167302,0.043024443,0.032481207,0.115689225,0.118203178,0.066530445
3/30/2022,C6,NA,Low,Day,7:00:00,36.67,7.961811673,29.01,2313.229289,0.50174782,1.269983588,0.599376603,0.192653088,NA,1.402213583,0.740801093,0.02745202,0.019577631,0.056917274,0.10391067,0.067461354
3/30/2022,C7,NA,Low,Day,7:00:00,36.61,7.934577259,29.09,2338.009567,0.64298577,2.270458668,0.486637847,0.217452983,NA,1.397799476,0.670237402,0.026766229,0.019148833,0.058192289,0.08724266,0.058204102
3/30/2022,C8,NA,Low,Day,7:00:00,36.44,7.863973716,28.34,2331.540826,0.632657745,5.348380409,0.815073939,0.211400898,NA,1.23895413,1.357768718,0.045011968,0.036330617,0.081227694,0.098359553,0.076701612
3/30/2022,C9,NA,Low,Day,7:00:00,36.38,7.853260484,27.75,2240.88,0.434659793,6.209320204,0.577978764,0.162210649,2251.406881,1.319159343,0.946639999,0.035505281,0.026915081,0.081549119,0.092081561,0.208170612
3/30/2022,C10,NA,Low,Day,7:00:00,36.42,7.853484084,28.65,2245.872986,0.343384767,6.167884599,0.894382275,0.167443654,NA,1.201890052,0.985483046,0.041755007,0.03474112,0.071668337,0.096334526,0.083332639
3/30/2022,C11,NA,Low,Day,7:00:00,36.54,7.822619572,29.14,2240.49,1.156297447,3.055256111,0.965451554,0.249897615,2243.683601,1.29745332,0.962524248,0.044585659,0.034363979,0.074352131,0.094164526,0.058990955
3/30/2022,C12,NA,Low,Day,7:00:00,36.52,7.886573556,28.1,2252.002882,1.973447265,2.035302755,0.92289297,0.277882817,2299.390114,1.285010247,0.746774971,0.038715101,0.030128243,0.096434741,0.109745383,0.099337017
3/30/2022,C13,NA,Low,Day,7:00:00,36.39,7.712902032,29.16,2297.44669,1.164595177,5.346609657,1.098402673,0.223050023,2245.503351,1.240698191,1.028993412,0.050425937,0.040643193,0.092681122,0.133796303,0.092239091
3/30/2022,C14,NA,Low,Day,7:00:00,36.37,7.854626198,29,2202.98,0.72154938,5.100120929,1.017612492,0.206167893,2228.39,1.217552604,0.512892077,0.035899542,0.029485003,0.116060891,0.145903175,0.101756389
3/30/2022,C15,NA,Low,Day,7:00:00,36.65,7.861279285,29.49,2313.079002,1.236714805,1.683631338,0.774708485,0.242252877,NA,1.273769664,0.459059125,0.02744964,0.021549925,0.093710228,0.095686685,0.075875762
3/30/2022,C16,NA,Low,Day,7:00:00,36.66,7.829249103,28.22,2292.46,0.648017372,2.831433014,0.826750876,0.217316469,2265.932626,1.255714495,1.376062054,0.035978415,0.028651748,0.051812275,0.076107089,0.055685255
3/30/2022,C17,NA,Low,Day,7:00:00,36.54,7.87160586,28.03,2272.737073,0.413738922,3.620834413,1.263361642,0.208761643,NA,1.201293802,1.240827762,0.043811602,0.036470347,0.088203964,0.108884136,0.086897151
3/30/2022,C18,NA,Low,Day,7:00:00,36.51,7.910831882,28.28,2278.578941,1.167508209,2.854452794,1.09709865,0.263230402,NA,1.258218579,0.839003869,0.032430344,0.025774809,0.10434124,0.119301535,0.089204031
3/30/2022,C19,NA,Low,Day,7:00:00,36.46,7.922316313,26.41,2280.221057,1.118251474,3.585773516,0.821060592,0.278201348,NA,1.365311544,0.434547477,0.03373098,0.024705702,0.076020414,0.094156945,0.093286198
3/30/2022,C20,NA,Low,Day,7:00:00,36.51,7.866974805,27.76,2258.788168,0.238956958,3.923633066,0.880452934,0.152472709,NA,1.424041863,0.743694958,0.048660572,0.034170745,0.098085568,0.110232228,0.100937083
3/30/2022,CPIT,F,Low,Day,7:00:00,36.61,8.002201684,27.67,2339.326175,0.493626637,1.714442429,0.681233712,0.209262192,NA,1.327623883,0.65119461,0.027079098,0.020396664,0.084240579,0.139235592,0.072675632
3/30/2022,CPIT,D,High,Night,1:00:00,36.6,8.066688589,28.95,2294.988388,0.76084714,1.162243098,0.593271402,0.21276603,NA,1.199393112,0.968546187,0.014613349,0.012183953,0.01566369,0.015821188,0.026730072
3/29/2022,CPIT,E,Low,Night,19:00:00,34.72,8.071826531,28.23,2199.540257,NA,NA,NA,0,"Salinity might be low, check silicate",1.199978098,1.45390544,0.0397474,0.033123438,0.058751938,0.055103175,0.063297729
3/30/2022,CRC,D,High,Night,1:00:00,36.64,8.01684363,28.78,2357.663622,0.231806786,1.208007256,0.02,0.164804399,NA,2.239278609,0.114354392,0.009149135,0.004085751,0.050788419,0.018904773,0.059976875
3/30/2022,CSEEP,C,Mid,Day,10:00:00,36.05,7.859980202,28.85,2251.265739,0.305780163,10.89048113,0.352619799,0.159662403,Mid-high tide,1.099231074,1.652139739,0.032167857,0.029263962,0.03957791,0.040096216,0.023462803
3/30/2022,CSEEP,D,High,Day,13:00:00,36.35,7.933057792,29.24,2243.246456,0.38354931,7.135777835,0.438803896,0.139959001,NA,1.202179365,0.944541679,0.038955048,0.03240369,0.089963727,0.112217944,0.045027587
3/30/2022,C1,NA,High,Day,13:00:00,36.45,8.014281975,28.81,2283.915835,0.429010275,3.416135441,0.637430379,0.147012182,NA,1.288857312,0.963141165,0.02667153,0.020693936,0.052238102,0.08220633,0.038802146
3/30/2022,C2,NA,High,Day,13:00:00,36.56,8.032124983,29.85,2299.527388,0.596024152,1.892225965,0.545496725,0.17299519,NA,1.278107897,0.922641627,0.019957131,0.01561459,0.043298821,0.088027482,0.02698287
3/30/2022,C3,NA,High,Day,13:00:00,36.48,8.059446906,27.78,2330.255426,1.061932841,1.196674441,0.329858663,0.198295633,NA,1.380210447,0.468971937,0.020194715,0.01463162,0.07392246,0.092106793,0.062488444
3/30/2022,C4,NA,High,Day,13:00:00,36.43,8.00699154,29.66,2296.664069,0.443222344,3.071547033,0.259856312,0.155339486,NA,1.245141667,0.922601611,0.030731374,0.024681026,0.079081844,0.115341455,0.091296202
3/30/2022,C5,NA,High,Day,13:00:00,36.55,8.013894714,29.88,2282.61,0.535380107,1.968014166,0.564760708,0.180230389,2309.313007,1.20983617,0.598291223,0.021184752,0.01751043,0.066876692,0.09045158,0.048843266
3/30/2022,C6,NA,High,Day,13:00:00,36.59,8.023430447,29.66,2350.612081,0.539882066,0.922207826,0.349715384,0.211673925,NA,1.374184931,0.41426699,0.018076803,0.013154564,0.094989884,0.111168477,0.071044359
3/30/2022,C7,NA,High,Day,13:00:00,36.51,8.025069112,29.79,2347.728299,0.592758024,0.881834672,0.480710468,0.201071401,NA,1.312286295,0.567445393,0.013705633,0.010444088,0.036548063,0.071550112,0.030598186
3/30/2022,C8,NA,High,Day,13:00:00,36.54,8.031425496,29.08,2286.117748,0.553564493,2.299499007,0.270940512,0.161482579,NA,1.208719401,1.540462212,0.024010901,0.019864744,0.039199633,0.076983989,0.069722066
3/30/2022,C9,NA,High,Day,13:00:00,36.55,8.043127476,28.48,2384.8,0.596288973,1.006141487,0.248712839,0.187010543,2332.636131,1.435640084,0.444475394,0.02095029,0.014592996,0.104966215,0.096873402,0.078003028
3/30/2022,C10,NA,High,Day,13:00:00,36.5,8.019704731,29.61,2263.979139,0.455139296,3.184521033,0.248594291,0.139594965,NA,1.282053948,0.984208361,0.02956819,0.02306314,0.056672757,0.086900467,0.051623769
3/30/2022,C11,NA,High,Day,13:00:00,36.56,8.010992984,29.66,2310.62,0.760566364,2.355808932,0.274556213,0.193335654,2299.390114,1.246056513,1.19193249,0.025699117,0.020624359,0.056267865,0.092437572,0.06555014
3/30/2022,C12,NA,High,Day,13:00:00,36.56,8.031395142,28.55,2313.7929,0.811941669,1.807229852,0.328851008,0.206713946,NA,1.183038686,0.892601618,0.020110491,0.016999014,0.052455174,0.090485609,0.05275104
3/30/2022,C13,NA,High,Day,13:00:00,36.47,7.983351104,30.22,2194.754721,0.642632675,4.128332038,0.298384278,0.146329616,NA,1.25534359,1.63769127,0.036842744,0.029348733,0.047710984,0.058743284,0.02760385
3/30/2022,C14,NA,High,Day,13:00:00,36.59,8.023354888,29.82,2307.12,0.493803185,1.144260171,0.276156605,0.183916245,2318.599,1.430204821,0.616967336,0.019669849,0.01375317,0.048567253,0.082448039,0.061372459
3/30/2022,C15,NA,High,Day,13:00:00,36.57,8.028599204,30.12,2294.887395,0.740881325,1.736753909,0.275682415,0.19474629,NA,1.414131708,0.812986259,0.017612951,0.012454958,0.051737533,0.074590761,0.059748906
3/30/2022,C16,NA,High,Day,13:00:00,36.6,8.049575855,29.04,2269.2,0.642897497,2.106841151,0.27200744,0.171630058,2274.508856,1.228346588,1.240972134,0.026409571,0.021500097,0.049486463,0.094884495,0.050124977
3/30/2022,C17,NA,High,Day,13:00:00,36.42,8.003150949,29.02,2248.069843,0.381607288,4.435380496,0.242370543,0.138138825,NA,1.142849674,1.275910294,0.03097939,0.027107143,0.06016044,0.078720094,0.074225866
3/30/2022,C18,NA,High,Day,13:00:00,36.57,8.033528252,28.63,2304.738535,0.780339677,1.283087156,0.229330308,0.207305503,NA,1.193478247,0.931266312,0.020045065,0.016795501,0.044209701,0.088605025,0.035779124
3/30/2022,C19,NA,High,Day,13:00:00,36.6,8.070428761,26.79,2290.238382,0.671321634,1.537721344,0.256892622,0.187465587,NA,1.347434401,0.956473437,0.025530567,0.01894754,0.051378331,0.073625174,0.065904783
3/30/2022,C20,NA,High,Day,13:00:00,36.5,8.016409393,28.93,2258.098568,0.32113979,3.225956638,0.18920195,0.144281918,NA,1.050264497,1.204731454,0.021836114,0.020791061,0.028171682,0.05723752,0.001315913
3/30/2022,CPIT_Bottom,B,High,Day,13:00:00,36.56,7.96949684,28.1,2338.896411,0.150418417,2.222648354,0.208940123,0.188876223,NA,1.41657463,0.857228568,0.039078698,0.027586755,0.084361538,0.125643606,0.080513638
3/30/2022,CPIT,G,High,Day,13:00:00,36.52,8.03101439,29.13,2354.664364,0.326789308,1.28662866,0.2334202,0.189922825,NA,1.303045872,0.494558121,0.01524501,0.011699519,0.065929272,0.102260946,0.061784592
3/30/2022,CRC,E,High,Day,13:00:00,36.62,8.050460378,29.77,2353.15226,0.240016242,2.231502116,0.062059662,0.181914051,NA,1.585687407,0.508583627,0.005415042,0.003414949,0.006011866,0.013185593,0.016374918
3/30/2022,CSPRING_ROAD,NA,NA,Day,16:00:00,0.442,7.243505399,25,1332.66122,19.76572155,737.4880282,0.888929086,4.060162496,Killed,1.104556622,2.359200031,0.042543453,0.038516317,0.052819037,0.046605671,0.05612157
3/30/2022,CSEEP,E,Mid,Day,16:00:00,36.13,8.024545199,30.18,2242.236519,0.169485541,8.253476721,0.07201766,0.122621827,Mid-low tide,1.117202539,2.764665427,0.025153403,0.022514631,0.011049427,0.01912352,0.013579747
3/30/2022,CSPRING_BEACH,NA,Low,Day,18:00:00,13.95,7.783037853,25,1858.458959,18.17052717,603.3548484,0.441174847,3.96159998,Killed,0.964497872,2.747128247,0.031656924,0.032822182,0.030451363,0.026012405,0.02513835
3/30/2022,CSEEP,F,Low,Night,19:00:00,34.19,8.00006689,29.36,2235.092031,1.723102998,42.28698281,0.34029085,0.388139962,NA,2.780953099,1.185904292,0.111700734,0.040166349,0.096720734,0.10453461,0.05942077
3/30/2022,C1,NA,Low,Night,19:00:00,36.29,8.051251381,29.35,2236.104008,2.51686028,6.538680142,0.629902607,0.150379507,NA,1.254014608,0.894161615,0.035548022,0.028347375,0.124032108,0.084275872,0.095375838
3/30/2022,C2,NA,Low,Night,19:00:00,36.38,8.031874976,30.02,2236.824067,0.683768229,4.689660534,0.407507333,0.164667886,NA,1.311396148,0.966610263,0.035852393,0.027339102,0.07143135,0.082334211,0.060832243
3/30/2022,C3,NA,Low,Night,19:00:00,36.59,8.038493847,27.96,2291.796437,0.952826524,1.671944372,0.417643151,0.205985875,NA,1.290283548,1.247477111,0.018663382,0.014464559,0.030021425,0.060464692,0.01943718
3/30/2022,C4,NA,Low,Night,19:00:00,36.39,8.04322766,30.16,2245.994858,0.497598955,4.584123694,0.426297125,0.136910206,NA,1.198739185,2.011952485,0.030875753,0.025756857,0.020677118,0.071489807,0.009513851
3/30/2022,C5,NA,Low,Night,19:00:00,36.34,8.035724564,30.31,2266.75,0.639454822,4.80688434,0.382197423,0.173541243,2258.222931,,,,,,,
3/30/2022,C6,NA,Low,Night,19:00:00,36.61,8.038556058,29.63,2313.223896,0.569806857,1.774293859,0.276393701,0.223596076,NA,1.651569206,0.605553439,0.019009495,0.011509959,0.094835155,0.055814415,0.159569646
3/30/2022,C7,NA,Low,Night,19:00:00,36.46,8.032119865,29.87,2268.316401,0.700540235,4.329135355,0.358606453,0.181641025,NA,1.310690023,2.078522244,0.025766941,0.019659066,0.003979537,0.042953467,0
3/30/2022,C8,NA,Low,Night,19:00:00,36.48,8.04307769,29.42,2255.864353,0.51242894,3.725308802,0.592026653,0.159707907,NA,1.005608645,2.494577076,0.023027147,0.022898716,0.018080922,0.043812199,0
3/30/2022,C9,NA,Low,Night,19:00:00,36.48,8.038174301,28.64,2310.92,0.744765368,3.896009329,0.350960133,0.18428028,2260.673842,1.112712614,0.95759811,0.02144624,0.019273835,0.045734757,0.048224866,0.037808082
3/30/2022,C10,NA,Low,Night,19:00:00,36.37,8.027356419,29.99,2232.152984,0.45452138,5.150764447,0.666178169,0.166670079,NA,1.1384345,1.092466552,0.026903688,0.023632179,0.065194195,0.081412471,0.05081875
3/30/2022,C11,NA,Low,Night,19:00:00,36.39,8.021367792,29.97,2235.56,0.842660923,4.713742766,0.516689661,0.20116241,2245.503351,1.079844334,2.020378398,0.027141526,0.025134666,0.037593488,0.035100465,0.033126059
3/30/2022,C12,NA,Low,Night,19:00:00,36.55,8.025835787,28.83,2264.733493,0.94037993,2.762373672,0.303778193,0.199205721,NA,1.140331164,2.025301752,0.026493246,0.02323294,0.050590296,0.064612541,0.036076794
3/30/2022,C13,NA,Low,Night,19:00:00,36.4,7.967503293,30.46,2289.067947,0.842396102,5.229031701,0.391562682,0.177409116,NA,,,,,,,
3/30/2022,C14,NA,Low,Night,19:00:00,36.56,8.027135094,30.06,2307.34,0.635217683,2.694022631,0.271296154,0.185144863,2277.714,0.997363785,1.592155854,0.026058401,0.026127278,0.022011039,0.045129985,0
3/30/2022,C15,NA,Low,Night,19:00:00,36.6,8.023344274,30.35,2277.228026,0.83047915,1.546220955,0.371172497,0.207214494,NA,1.130533654,1.102627138,0.02071977,0.018327425,0.033849433,0.052780365,0.020990651
3/30/2022,C16,NA,Low,Night,19:00:00,36.58,8.018777069,29.2,2266.76,0.732318774,2.612922173,0.331044139,0.206076884,2250.247746,1.077612766,0.365104207,0.015283094,0.014182362,0.047913113,0.030935736,0.033013556
3/30/2022,C17,NA,Low,Night,19:00:00,36.43,8.036940932,29.26,2222.96965,0.530171957,4.369508508,0.325531676,0.185372385,NA,1.27710662,0.753687325,0.014735325,0.011538054,0.997510171,0.418519253,0.028330866
3/30/2022,C18,NA,Low,Night,19:00:00,36.63,8.060575455,28.89,2290.10468,0.663200452,1.345063488,0.203546208,0.211992455,NA,1.225151626,1.696293759,0.025962259,0.021191058,0.027359295,0.034952251,0.034637886
3/30/2022,C19,NA,Low,Night,19:00:00,36.63,8.102933379,26.77,2287.853258,0.605204618,1.379416084,0.269458667,0.236519323,NA,0.914223924,1.810514448,0.014437391,0.015791964,0.025780219,0.03250108,0
3/30/2022,C20,NA,Low,Night,19:00:00,36.44,8.057018704,29.41,2187.890967,0.424508315,5.129515419,0.253158373,0.129219964,NA,1.523324445,2.394643921,0.040570189,0.026632664,0.026668346,0.023085715,0.025821317
3/30/2022,CRC,F,Low,Night,19:00:00,36.56,8.054758532,28.74,2382.752859,0.268616927,1.19632029,0.048248868,0.182096069,NA,1.452703655,0.71528571,0.012266779,0.008444103,0.034260465,0.062950276,0.03843643
3/30/2022,CPIT,H,Low,Night,19:00:00,36.49,8.093494967,29.17,2325.379645,0.417622965,1.690360197,0.312669262,0.173541243,NA,1.384873233,0.679608739,0.01952929,0.014101861,0.060978337,0.084853257,0.035809053
3/30/2022,CPIT_Bottom,C,Low,Night,19:00:00,36.56,7.990192642,28.3,2347.3928,0.095159069,1.927286862,0.330155032,0.122212287,NA,1.299287334,0.412848556,0.027492324,0.021159541,0.110206369,0.061395073,0.080083204
3/30/2022,CSEEP,G,Mid,Night,22:00:00,36.14,7.967253893,29.19,2260.996979,0.545796405,8.563004233,0.586810559,0.184871837,"Very high WL pressure, maybe big wave event here? Decreases before actual high tide. Pressure > than for ""high"" tide at 1:00",1.090578692,1.71661796,0.027414108,0.025137212,0.039659619,0.031358683,0.036084657
3/31/2022,CSEEP,H,High,Night,1:00:00,36.23,7.95307197,28.59,2270.621749,0.367836588,8.679519737,0.189735414,0.238567021,NA,1.328877552,0.629312988,0.068497987,0.051545747,0.245733104,0.11723055,0.164856768
3/31/2022,C1,NA,High,Night,1:00:00,36.58,7.937413839,28.5,2301.204674,0.666643127,2.847369785,0.27935739,0.160709004,NA,1.179162743,0.908733891,0.026810925,0.022737256,0.061245502,0.038403443,0.061687372
3/31/2022,C2,NA,High,Night,1:00:00,36.65,7.939615362,29.42,2334.88532,0.764803503,1.23350609,0.513607424,0.191378965,NA,1.186099636,1.002573492,0.020723419,0.017471904,0.031823294,0.042892601,0.029888517
3/31/2022,C3,NA,High,Night,1:00:00,36.65,8.000856218,27.46,2337.104139,0.908071749,1.186404077,0.446628037,0.208443113,NA,1.296052644,0.964905553,0.020036923,0.015459961,0.047785091,0.056563841,0.036218655
3/31/2022,C4,NA,High,Night,1:00:00,36.53,7.921073318,29.26,2288.659822,0.456639949,3.128565259,0.2248255,0.143462839,NA,1.149404154,1.469399048,0.031669662,0.027553113,0.060833502,0.062768685,0.052414452
3/31/2022,C5,NA,High,Night,1:00:00,36.51,7.917691951,29.46,2275.72,0.422036651,3.03152803,1.135152426,0.153064266,2284.998631,1.010106353,1.417812339,0.02390497,0.023665795,0.027573919,0.039898183,0
3/31/2022,C6,NA,High,Night,1:00:00,36.67,7.966798344,29.26,2326.048758,0.730729847,1.238464196,0.27372638,0.219773707,NA,,,,,,,
3/31/2022,C7,NA,High,Night,1:00:00,36.61,7.974476421,29.34,2323.8094,0.672204371,1.486369526,0.641460997,0.173632252,NA,1.285081637,0.651784043,0.019691759,0.015323353,0.048915235,0.045363872,0.028036943
3/31/2022,C8,NA,High,Night,1:00:00,36.51,7.948243935,28.74,2281.161932,0.394671798,3.319098212,1.471531206,0.183825236,NA,1.115895536,1.443633991,0.027107214,0.024291892,0.036738588,0.044637531,0.021177155
3/31/2022,C9,NA,High,Night,1:00:00,36.6,7.96087672,28.09,2340.16,0.618975319,1.927995163,0.1424942,0.193927211,2305.648522,1.288743254,0.588854468,0.042001104,0.032590746,0.172771612,0.089559883,0.12333023
3/31/2022,C10,NA,High,Night,1:00:00,36.43,7.923371441,29.22,2270.369396,0.479502842,4.314615185,0.282380354,0.179911858,NA,1.141810537,1.060660652,0.025317807,0.022173387,0.037056603,0.044432182,0.034964494
3/31/2022,C11,NA,High,Night,1:00:00,36.59,7.941181725,29.36,2291.87,0.86799548,2.201399326,0.14670264,0.206577433,2311.594375,,,,,,,
3/31/2022,C12,NA,High,Night,1:00:00,36.65,7.999539565,28.24,2325.766793,0.855548886,1.332314071,0.151207448,0.210945854,NA,1.153196235,0.72758709,0.017903884,0.015525445,0.081385875,0.061076,0.022598871
3/31/2022,C13,NA,High,Night,1:00:00,36.53,7.901783295,29.63,2292.257352,0.764626955,2.834266218,0.225181143,0.205439823,NA,1.158980674,1.228731933,0.022463069,0.019381746,0.042897414,0.059874614,0.028584459
3/31/2022,C14,NA,High,Night,1:00:00,36.36,7.928261598,29.36,2294.94,0.554535504,1.949598342,0.265309501,0.189240259,2296.94,1.166362293,1.053703952,0.023687801,0.020309128,0.054996126,0.040256548,0.050823729
3/31/2022,C15,NA,High,Night,1:00:00,36.68,7.9595532,29.79,2319.01011,0.755534762,1.070596873,0.172605288,0.213994649,NA,1.151297303,1.093989454,0.015335078,0.013319825,0.033180596,0.033691833,0.034849171
3/31/2022,C16,NA,High,Night,1:00:00,36.7,7.969795618,28.68,2275.71,0.509427633,1.312127494,0.228204106,0.189376772,2311.484234,1.063226495,1.125561519,0.018547534,0.017444575,0.040827971,0.032040801,0.037492246
3/31/2022,C17,NA,High,Night,1:00:00,36.61,7.958835833,28.56,2298.528705,0.381695562,2.110028505,0.448346977,0.181595521,NA,1.160579659,1.510027426,0.022464493,0.01935627,0.038308481,0.038431811,0.021875452
3/31/2022,C18,NA,High,Night,1:00:00,36.57,7.985410741,28.32,2315.159905,0.650489036,1.085825343,0.22826338,0.205075788,NA,1.310136354,4.477790583,0.016760779,0.012793156,0,0.033037223,0
3/31/2022,C19,NA,High,Night,1:00:00,36.56,8.028254144,26.15,2318.214953,0.626037216,1.020307506,0.285403317,0.21877261,NA,1.252410007,1.278435068,0.019813998,0.015820696,0.017775564,0.054069044,0.022224549
3/31/2022,C20,NA,High,Night,1:00:00,36.55,7.936915356,28.56,2281.053085,0.321051517,2.675960957,0.212733646,0.172540146,NA,1.006226377,0.820869862,0.022522558,0.022383192,0.028628215,0.049880087,0
3/31/2022,CPIT,I,High,Night,1:00:00,36.51,8.050654815,28.65,2345.995864,0.376399138,1.40703982,0.292101256,0.184371289,NA,1.183285145,0.678950844,0.012774431,0.010795734,0.017253342,0.055899323,0.007845748
3/31/2022,CRC,G,High,Night,1:00:00,36.43,8.056722769,28.7,2370.541954,0.29739416,1.118761337,0.092882035,0.176271507,NA,1.541531639,0.822166411,0.00764191,0.004957349,0.012289155,0.008610536,0.028210325
3/31/2022,CRC,H,Low,Day,7:00:00,36.56,8.053226357,29,2361.822989,0.373927474,2.361475339,0.182978202,0.198705172,NA,1.671926653,0.725394549,0.008010499,0.004791178,0.007938415,0.013469961,0.021596749
3/31/2022,CPIT_Bottom,D,Low,Day,7:00:00,36.57,8.007200379,28.2,2362.539919,0.410737615,2.530759264,0.661673361,0.180639928,NA,1.073211243,1.206389484,0.010063017,0.009376549,0.006976478,0.008525453,0.0173369
3/31/2022,CPIT,J,Low,Day,7:00:00,36.6,8.020783522,28.35,2347.23935,0.317697115,1.464766347,0.212140908,0.158888828,NA,1.125244063,2.732105574,0.008652935,0.007689829,0,0.007420987,0.021015405
3/31/2022,CSPRING_BEACH2,NA,High,Day,15:00:00,3.113,7.649758,25.09,1950.37038,32.49964691,650.7339043,5.412764305,1.847374852,"CSULB dug a pit with a piezometer and we grabbed water from it, killed",1.475182444,1.153538295,0.04803746,0.032563742,0.02888976,0.028250959,0.017872328
3/30/2022,CSPRING_ROAD,NA,NA,Day,16:00:00,0.439,7.24350451,25,1341.634246,19.76572155,737.4880282,0.888929086,4.060162496,Fridge,1.104556622,2.359200031,0.042543453,0.038516317,0.052819037,0.046605671,0.05612157
3/30/2022,CSPRING_BEACH,NA,Low,Day,18:00:00,13.58,7.782705319,25,1889.924397,18.17052717,603.3548484,0.441174847,3.96159998,Fridge,0.964497872,2.747128247,0.031656924,0.032822182,0.030451363,0.026012405,0.02513835
