Date,LoggerID,TempInSitu,ECond.mS.cm,Salinity_psu
2022-06-13 12:46:00,20739332,28.07,59532.638369327535,37.27151200274234
2022-06-13 12:48:00,20739332,28.11,59488.638369327535,37.208736431832186
2022-06-13 12:50:00,20739332,28.07,59373.038369327536,37.15858921099793
2022-06-13 12:52:00,20739332,28.08,59325.33836932753,37.11696251537405
2022-06-13 12:54:00,20739332,28.19,59492.638369327535,37.14841848863458
2022-06-13 12:56:00,20739332,28.26,59750.038369327536,37.27477463331056
2022-06-13 12:58:00,20739332,28.24,59484.638369327535,37.10340381731652
2022-06-13 13:00:00,20739332,28.24,59540.638369327535,37.14288608792818
2022-06-13 13:02:00,20739332,28.26,59508.638369327535,37.10458872252799
2022-06-13 13:04:00,20739332,28.29,59697.43836932753,37.21401155792435
2022-06-13 13:06:00,20739332,28.29,59604.83836932753,37.14876725959207
2022-06-13 13:08:00,20739332,28.32,59758.038369327536,37.233047875037975
2022-06-13 13:10:00,20739332,28.29,59600.83836932753,37.14594936708693
2022-06-13 13:12:00,20739332,28.27,59440.73836932753,37.04889030710482
2022-06-13 13:14:00,20739332,28.34,59697.43836932753,37.17461924558313
2022-06-13 13:16:00,20739332,28.31,59388.93836932753,36.981052768546235
2022-06-13 13:18:00,20739332,28.24,59456.638369327535,37.08366533870087
2022-06-13 13:20:00,20739332,28.25,59428.73836932753,37.056142438290436
2022-06-13 13:22:00,20739332,28.21,59476.638369327535,37.12137310244674
2022-06-13 13:24:00,20739332,28.22,59673.23836932753,37.252199975489404
2022-06-13 13:26:00,20739332,28.22,59685.33836932753,37.26073926005042
2022-06-13 13:28:00,20739332,28.22,59560.73836932753,37.172821643774405
2022-06-13 13:30:00,20739332,28.22,59592.83836932753,37.195468010795295
2022-06-13 13:32:00,20739332,28.25,59641.038369327536,37.20580045902617
2022-06-13 13:34:00,20739332,28.25,59444.73836932753,37.06741787592857
2022-06-13 13:36:00,20739332,28.25,59592.83836932753,37.17181358819129
2022-06-13 13:38:00,20739332,28.2,59412.83836932753,37.08423719751528
2022-06-13 13:40:00,20739332,28.26,59677.33836932753,37.22350761794644
2022-06-13 13:42:00,20739332,28.25,59685.33836932753,37.23704198164843
2022-06-13 13:44:00,20739332,28.3,59612.93836932753,37.14660254602069
2022-06-13 13:46:00,20739332,28.29,59596.83836932753,37.14313151066641
2022-06-13 13:48:00,20739332,28.26,59388.93836932753,37.02024955262671
2022-06-13 13:50:00,20739332,28.3,59452.638369327535,37.03372551752038
2022-06-13 13:52:00,20739332,28.32,59604.83836932753,37.12516624476892
2022-06-13 13:54:00,20739332,28.31,59741.93836932753,37.22959327455976
2022-06-13 13:56:00,20739332,28.29,59552.73836932753,37.11206703561924
2022-06-13 13:58:00,20739332,28.31,59645.038369327536,37.16133988403224
2022-06-13 14:00:00,20739332,28.35,59645.038369327536,37.12987513462721
2022-06-13 14:02:00,20739332,28.36,59612.93836932753,37.09943505374276
2022-06-13 14:04:00,20739332,28.34,59464.638369327535,37.010808529421226
2022-06-13 14:06:00,20739332,28.39,59693.43836932753,37.13248445858134
2022-06-13 14:08:00,20739332,28.419999999999998,59705.538369327536,37.11742912057665
2022-06-13 14:10:00,20739332,28.4,59600.83836932753,37.0595422393495
2022-06-13 14:12:00,20739332,28.419999999999998,59528.638369327535,36.99315568447602
2022-06-13 14:14:00,20739332,28.46,59637.038369327536,37.03796220907723
2022-06-13 14:16:00,20739332,28.49,59677.33836932753,37.04276023653082
2022-06-13 14:18:00,20739332,28.54,59633.038369327536,36.972619218164176
2022-06-13 14:20:00,20739332,28.52,59552.73836932753,36.931952349268066
2022-06-13 14:22:00,20739332,28.58,59608.83836932753,36.92447654584274
2022-06-13 14:24:00,20739332,28.59,59572.73836932753,36.891422361892694
2022-06-13 14:26:00,20739332,28.64,59770.23836932753,36.99064846548841
2022-06-13 14:28:00,20739332,28.65,59681.33836932753,36.920688723758616
2022-06-13 14:30:00,20739332,28.65,59685.33836932753,36.92348529123028
2022-06-13 14:32:00,20739332,28.63,59584.73836932753,36.86870399983568
2022-06-13 14:34:00,20739332,28.68,59661.23836932753,36.8833099780152
2022-06-13 14:36:00,20739332,28.76,59701.538369327536,36.84933505969595
2022-06-13 14:38:00,20739332,28.74,59721.73836932753,36.878947809982655
2022-06-13 14:40:00,20739332,28.66,59697.43836932753,36.92416134849923
2022-06-13 14:42:00,20739332,28.66,59604.83836932753,36.85944153878874
2022-06-13 14:44:00,20739332,28.7,59504.638369327535,36.758441114173145
2022-06-13 14:46:00,20739332,28.65,59472.638369327535,36.77482728669751
2022-06-13 14:48:00,20739332,28.69,59645.038369327536,36.864224823881685
2022-06-13 14:50:00,20739332,28.7,59536.638369327535,36.780777751600375
2022-06-13 14:52:00,20739332,28.73,59516.638369327535,36.74359769461848
2022-06-13 14:54:00,20739332,28.73,59508.638369327535,36.738017316853835
2022-06-13 14:56:00,20739332,28.78,59492.638369327535,36.68823100944369
2022-06-13 14:58:00,20739332,28.78,59376.93836932753,36.607632379203
2022-06-13 15:00:00,20739332,28.75,59400.83836932753,36.64740480162126
2022-06-13 15:02:00,20739332,28.74,59428.73836932753,36.67457010731816
2022-06-13 15:04:00,20739332,28.69,59182.93836932753,36.541709411779344
2022-06-13 15:06:00,20739332,28.68,59309.43836932753,36.637667435839376
2022-06-13 15:08:00,20739332,28.68,59242.138369327535,36.5907069627241
2022-06-13 15:10:00,20739332,28.65,58990.538369327536,36.43825646293429
2022-06-13 15:12:00,20739332,28.66,59084.538369327536,36.49614978587194
2022-06-13 15:14:00,20739332,28.74,59341.23836932753,36.613572808202854
2022-06-13 15:16:00,20739332,28.76,59254.038369327536,36.53742066271369
2022-06-13 15:18:00,20739332,28.69,59037.43836932753,36.4402583918403
2022-06-13 15:20:00,20739332,28.65,59143.538369327536,36.5450149721064
2022-06-13 15:22:00,20739332,28.66,59246.038369327536,36.60885019714985
2022-06-13 15:24:00,20739332,28.69,59194.73836932753,36.549939121031585
2022-06-13 15:26:00,20739332,28.7,59242.138369327535,36.575296906836805
2022-06-13 15:28:00,20739332,28.71,59198.638369327535,36.537267766850185
2022-06-13 15:30:00,20739332,28.7,59297.538369327536,36.61393628838068
2022-06-13 15:32:00,20739332,28.73,59428.73836932753,36.68229110106956
2022-06-13 15:34:00,20739332,28.71,59226.33836932753,36.55657972614415
2022-06-13 15:36:00,20739332,28.65,59218.43836932753,36.59729682606216
2022-06-13 15:38:00,20739332,28.64,59112.038369327536,36.530728603700204
2022-06-13 15:40:00,20739332,28.65,58564.638369327535,36.14135193586116
2022-06-13 15:42:00,20739332,28.74,58877.43836932753,36.2905364509041
2022-06-13 15:44:00,20739332,28.79,58963.138369327535,36.311978295378246
2022-06-13 15:46:00,20739332,28.81,58799.73836932753,36.18315972663739
2022-06-13 15:48:00,20739332,28.8,58776.538369327536,36.17464548546184
2022-06-13 15:50:00,20739332,28.83,58838.538369327536,36.19490033734971
2022-06-13 15:52:00,20739332,28.85,58838.538369327536,36.17969353563966
2022-06-13 15:54:00,20739332,28.8,58768.73836932753,36.16922568703225
2022-06-13 15:56:00,20739332,28.75,58583.73836932753,36.07863135046416
2022-06-13 15:58:00,20739332,28.71,58537.73836932753,36.077006122791474
2022-06-13 16:00:00,20739332,28.69,58518.638369327535,36.07890474123473
2022-06-13 16:02:00,20739332,28.63,58207.138369327535,35.90756675042745
2022-06-13 16:04:00,20739332,28.59,58241.138369327535,35.96153770226351
2022-06-13 16:06:00,20739332,28.58,58404.138369327535,36.08275780835866
2022-06-13 16:08:00,20739332,28.55,58347.138369327535,36.065822394259754
2022-06-13 16:10:00,20739332,28.49,58192.038369327536,36.0031910358116
2022-06-13 16:12:00,20739332,28.44,58173.23836932753,36.028083958349306
2022-06-13 16:14:00,20739332,28.44,58335.73836932753,36.1416943763377
2022-06-13 16:16:00,20739332,28.39,58290.23836932753,36.14805369224117
2022-06-13 16:18:00,20739332,28.35,58214.638369327535,36.125685093521696
2022-06-13 16:20:00,20739332,28.32,58339.538369327536,36.236179214248665
2022-06-13 16:22:00,20739332,28.3,58158.138369327535,36.12431239154992
2022-06-13 16:24:00,20739332,28.22,58056.83836932753,36.114440239637304
2022-06-13 16:26:00,20739332,28.25,58248.638369327535,36.22610262833351
2022-06-13 16:28:00,20739332,28.22,58449.83836932753,36.39052340735556
2022-06-13 16:30:00,20739332,28.2,58461.33836932753,36.41404233629368
2022-06-13 16:32:00,20739332,28.169999999999998,58427.038369327536,36.41307833874342
2022-06-13 16:34:00,20739332,28.16,58537.73836932753,36.49872936712966
2022-06-13 16:36:00,20739332,28.15,58572.23836932753,36.530770752670506
2022-06-13 16:38:00,20739332,28.15,58676.038369327536,36.603889357398245
2022-06-13 16:40:00,20739332,28.14,58672.23836932753,36.60898000493394
2022-06-13 16:42:00,20739332,28.08,58668.33836932753,36.652893608873995
2022-06-13 16:44:00,20739332,28.07,58419.33836932753,36.485018067411545
2022-06-13 16:46:00,20739332,28.11,58488.038369327536,36.50245113896532
2022-06-13 16:48:00,20739332,28.06,58514.83836932753,36.56013961284442
2022-06-13 16:50:00,20739332,28.06,58419.33836932753,36.49276904898193
2022-06-13 16:52:00,20739332,28.11,58568.43836932753,36.55911847549296
2022-06-13 16:54:00,20739332,28.06,58556.93836932753,36.589845682295476
2022-06-13 16:56:00,20739332,28.01,58369.93836932753,36.49668616293758
2022-06-13 16:58:00,20739332,28.07,58545.43836932753,36.57396032765568
2022-06-13 17:00:00,20739332,28.06,58381.33836932753,36.46596768066228
2022-06-13 17:02:00,20739332,28.01,58568.43836932753,36.636872669785326
2022-06-13 17:04:00,20739332,28.01,58583.73836932753,36.64768170197594
2022-06-13 17:06:00,20739332,28.01,58568.43836932753,36.636872669785326
2022-06-13 17:08:00,20739332,28.01,58507.138369327535,36.59357124013556
2022-06-13 17:10:00,20739332,28,58472.73836932753,36.577051206483745
2022-06-13 17:12:00,20739332,28.02,58545.43836932753,36.61284044216033
2022-06-13 17:14:00,20739332,28.02,58749.43836932753,36.75696240409645
2022-06-13 17:16:00,20739332,28,58687.638369327535,36.72890749585494
2022-06-13 17:18:00,20739332,28.01,58629.83836932753,36.68025331586501
2022-06-13 17:20:00,20739332,28,58583.73836932753,36.65547477703535
2022-06-13 17:22:00,20739332,28,58618.33836932753,36.679926060301845
2022-06-13 17:24:00,20739332,28,58645.23836932753,36.698937757210125
2022-06-13 17:26:00,20739332,28.01,58749.43836932753,36.7647783741256
2022-06-13 17:28:00,20739332,27.98,58645.23836932753,36.71455133860509
2022-06-13 17:30:00,20739332,27.98,58676.038369327536,36.736330957061156
2022-06-13 17:32:00,20739332,27.98,58645.23836932753,36.71455133860509
2022-06-13 17:34:00,20739332,27.96,58610.638369327535,36.705701210113226
2022-06-13 17:36:00,20739332,27.96,58726.23836932753,36.78748343711158
2022-06-13 17:38:00,20739332,27.95,58676.038369327536,36.7597866131725
2022-06-13 17:40:00,20739332,27.95,58683.73836932753,36.765235442354566
2022-06-13 17:42:00,20739332,27.95,58660.638369327535,36.74888936062578
2022-06-13 17:44:00,20739332,27.919999999999998,58664.538369327536,36.775124470790125
2022-06-13 17:46:00,20739332,27.919999999999998,58633.73836932753,36.75331695420521
2022-06-13 17:48:00,20739332,27.91,58583.73836932753,36.72573794416118
2022-06-13 17:50:00,20739332,27.9,58614.538369327536,36.75537251032173
2022-06-13 17:52:00,20739332,27.87,58683.73836932753,36.82791661240881
2022-06-13 17:54:00,20739332,27.88,58676.038369327536,36.81461443779743
2022-06-13 17:56:00,20739332,27.88,58572.23836932753,36.74106159534815
2022-06-13 17:58:00,20739332,27.87,58583.73836932753,36.75703868516332
2022-06-13 18:00:00,20739332,27.9,58780.33836932753,36.872834806481265
2022-06-13 18:02:00,20739332,27.87,58572.23836932753,36.7488891901744
2022-06-13 18:04:00,20739332,27.87,58714.638369327535,36.84982251829568
2022-06-13 18:06:00,20739332,27.87,58722.33836932753,36.85528161148897
2022-06-13 18:08:00,20739332,27.86,58714.638369327535,36.857675103446915
2022-06-13 18:10:00,20739332,27.85,58676.038369327536,36.838154146240655
2022-06-13 18:12:00,20739332,27.85,58703.038369327536,36.857303050693325
2022-06-13 18:14:00,20739332,27.85,58664.538369327536,36.82999863811743
2022-06-13 18:16:00,20739332,27.85,58764.93836932753,36.90120998529
2022-06-13 18:18:00,20739332,27.83,58699.23836932753,36.87032234573019
2022-06-13 18:20:00,20739332,27.83,58679.93836932753,36.85662840139719
2022-06-13 18:22:00,20739332,27.83,58753.33836932753,36.90871250946008
2022-06-13 18:24:00,20739332,27.83,58757.138369327535,36.91140929789094
2022-06-13 18:26:00,20739332,27.82,58726.23836932753,36.897346758044264
2022-06-13 18:28:00,20739332,27.81,58730.138369327535,36.907983957347206
2022-06-13 18:30:00,20739332,27.81,58815.23836932753,36.96840780717682
2022-06-13 18:32:00,20739332,27.78,58757.138369327535,36.95078986929856
2022-06-13 18:34:00,20739332,27.77,58764.93836932753,36.96421738238841
2022-06-13 18:36:00,20739332,27.77,58741.73836932753,36.94773112634784
2022-06-13 18:38:00,20739332,27.76,58730.138369327535,36.94737164480703
2022-06-13 18:40:00,20739332,27.77,58803.638369327535,36.991720911793784
2022-06-13 18:42:00,20739332,27.77,58830.73836932753,37.01098253539387
2022-06-13 18:44:00,20739332,27.77,58881.33836932753,37.04695155430398
2022-06-13 18:46:00,20739332,27.76,58826.93836932753,37.01617987446378
2022-06-13 18:48:00,20739332,27.76,58877.43836932753,37.052085268278724
2022-06-13 18:50:00,20739332,27.75,58792.038369327536,36.999265167946895
2022-06-13 18:52:00,20739332,27.75,58803.638369327535,37.00751311247066
2022-06-13 18:54:00,20739332,27.71,58733.93836932753,36.98953369138243
2022-06-13 18:56:00,20739332,27.71,58823.038369327536,37.05293832785464
2022-06-13 18:58:00,20739332,27.7,58815.23836932753,37.055300528880046
2022-06-13 19:00:00,20739332,27.66,58668.33836932753,36.98234425651635
2022-06-13 19:02:00,20739332,27.64,58741.73836932753,37.05045693508124
2022-06-13 19:04:00,20739332,27.64,58710.83836932753,37.02843787481593
2022-06-13 19:06:00,20739332,27.63,58722.33836932753,37.04455120774479
2022-06-13 19:08:00,20739332,27.62,58761.038369327536,37.08006365981906
2022-06-13 19:10:00,20739332,27.61,58687.638369327535,37.03565575196151
2022-06-13 19:12:00,20739332,27.61,58726.23836932753,37.06317825208872
2022-06-13 19:14:00,20739332,27.58,58695.33836932753,37.06492348393663
2022-06-13 19:16:00,20739332,27.56,58545.43836932753,36.973820084990436
2022-06-13 19:18:00,20739332,27.53,58660.638369327535,37.079826917840315
2022-06-13 19:20:00,20739332,27.54,58641.43836932753,37.05818072980679
2022-06-13 19:22:00,20739332,27.56,58703.038369327536,37.08628573062069
2022-06-13 19:24:00,20739332,27.51,58649.138369327535,37.08749411706058
2022-06-13 19:26:00,20739332,27.49,58660.638369327535,37.111605641581335
2022-06-13 19:28:00,20739332,27.47,58641.43836932753,37.113782278825596
2022-06-13 19:30:00,20739332,27.43,58587.638369327535,37.10711574401608
2022-06-13 19:32:00,20739332,27.43,58587.638369327535,37.10711574401608
2022-06-13 19:34:00,20739332,27.419999999999998,58641.43836932753,37.15358343087841
2022-06-13 19:36:00,20739332,27.41,58664.538369327536,37.1780930475507
2022-06-13 19:38:00,20739332,27.39,58660.638369327535,37.191252700276586
2022-06-13 19:40:00,20739332,27.38,58626.038369327536,37.174442107303236
2022-06-13 19:42:00,20739332,27.38,58637.538369327536,37.18268160507983
2022-06-13 19:44:00,20739332,27.34,58618.33836932753,37.20084918630815
2022-06-13 19:46:00,20739332,27.37,58629.83836932753,37.18514315258854
2022-06-13 19:48:00,20739332,27.34,58695.33836932753,37.256071388351096
2022-06-13 19:50:00,20739332,27.33,58652.93836932753,37.23365524319268
2022-06-13 19:52:00,20739332,27.31,58618.33836932753,37.22482222043705
2022-06-13 19:54:00,20739332,27.29,58595.33836932753,37.224308088318644
2022-06-13 19:56:00,20739332,27.32,58664.538369327536,37.24997468298624
2022-06-13 19:58:00,20739332,27.31,58591.43836932753,37.20552073395077
2022-06-13 20:00:00,20739332,27.29,58672.23836932753,37.279515596267714
2022-06-13 20:02:00,20739332,27.28,58645.23836932753,37.268137191888634
2022-06-13 20:04:00,20739332,27.27,58629.83836932753,37.2650859952479
2022-06-13 20:06:00,20739332,27.28,58649.138369327535,37.27093779534425
2022-06-13 20:08:00,20739332,27.27,58587.638369327535,37.234779094064564
2022-06-13 20:10:00,20739332,27.28,58679.93836932753,37.29305662813142
2022-06-13 20:12:00,20739332,27.26,58656.83836932753,37.29249328487394
2022-06-13 20:14:00,20739332,27.26,58595.33836932753,37.24831335598513
2022-06-13 20:16:00,20739332,27.26,58637.538369327536,37.27862773873638
2022-06-13 20:18:00,20739332,27.26,58579.93836932753,37.23725179661753
2022-06-13 20:20:00,20739332,27.26,58614.538369327536,37.26210516638672
2022-06-13 20:22:00,20739332,27.24,58560.73836932753,37.239468445308304
2022-06-13 20:24:00,20739332,27.24,58587.638369327535,37.258797989993404
2022-06-13 20:26:00,20739332,27.26,58645.23836932753,37.28415948450377
2022-06-13 20:28:00,20739332,27.27,58699.23836932753,37.31493623871481
2022-06-13 20:30:00,20739332,27.27,58710.83836932753,37.323269652303544
2022-06-13 20:32:00,20739332,27.26,58587.638369327535,37.242782507102156
2022-06-13 20:34:00,20739332,27.26,58614.538369327536,37.26210516638672
2022-06-13 20:36:00,20739332,27.24,58633.73836932753,37.29192801737161
2022-06-13 20:38:00,20739332,27.24,58622.138369327535,37.28359114395759
2022-06-13 20:40:00,20739332,27.24,58683.73836932753,37.32786641365677
2022-06-13 20:42:00,20739332,27.23,58633.73836932753,37.299947442706255
2022-06-13 20:44:00,20739332,27.24,58641.43836932753,37.2974621500084
2022-06-13 20:46:00,20739332,27.26,58656.83836932753,37.29249328487394
2022-06-13 20:48:00,20739332,27.28,58637.538369327536,37.26260789949921
2022-06-13 20:50:00,20739332,27.28,58652.93836932753,37.27366662258161
2022-06-13 20:52:00,20739332,27.28,58533.93836932753,37.188227232485666
2022-06-13 20:54:00,20739332,27.32,58768.73836932753,37.32475159259709
2022-06-13 20:56:00,20739332,27.32,58757.138369327535,37.31642584865675
2022-06-13 20:58:00,20739332,27.31,58668.33836932753,37.26070306946802
2022-06-13 21:00:00,20739332,27.32,58714.638369327535,37.28592472345502
2022-06-13 21:02:00,20739332,27.31,58722.33836932753,37.29946092994545
2022-06-13 21:04:00,20739332,27.31,58730.138369327535,37.305059849215404
2022-06-13 21:06:00,20739332,27.29,58722.33836932753,37.31549045492647
2022-06-13 21:08:00,20739332,27.29,58706.93836932753,37.3044316916949
2022-06-13 21:10:00,20739332,27.28,58641.43836932753,37.26540843290492
2022-06-13 21:12:00,20739332,27.29,58645.23836932753,37.26013037500364
2022-06-13 21:14:00,20739332,27.29,58757.138369327535,37.340482424222955
2022-06-13 21:16:00,20739332,27.31,58757.138369327535,37.32444181836896
2022-06-13 21:18:00,20739332,27.32,58792.038369327536,37.34147580125599
2022-06-13 21:20:00,20739332,27.33,58795.83836932753,37.33618423510951
2022-06-13 21:22:00,20739332,27.32,58745.538369327536,37.30810041817012
2022-06-13 21:24:00,20739332,27.31,58745.538369327536,37.316114542001465
2022-06-13 21:26:00,20739332,27.29,58772.638369327535,37.351614813796246
2022-06-13 21:28:00,20739332,27.28,58726.23836932753,37.32631085513589
2022-06-13 21:30:00,20739332,27.27,58714.638369327535,37.32599963192661
2022-06-13 21:32:00,20739332,27.26,58745.538369327536,37.35622850364097
2022-06-13 21:34:00,20739332,27.24,58733.93836932753,37.363954437966406
2022-06-13 21:36:00,20739332,27.27,58722.33836932753,37.33153153605235
2022-06-13 21:38:00,20739332,27.26,58749.43836932753,37.3590312628115
2022-06-13 21:40:00,20739332,27.24,58645.23836932753,37.30019333143729
2022-06-13 21:42:00,20739332,27.24,58792.038369327536,37.40572900174629
2022-06-13 21:44:00,20739332,27.27,58780.33836932753,37.37320487003772
2022-06-13 21:46:00,20739332,27.24,58784.23836932753,37.40012025444258
2022-06-13 21:48:00,20739332,27.26,58749.43836932753,37.3590312628115
2022-06-13 21:50:00,20739332,27.27,58745.538369327536,37.34819992771566
2022-06-13 21:52:00,20739332,27.28,58792.038369327536,37.37357924493091
2022-06-13 21:54:00,20739332,27.28,58434.638369327535,37.116957294033796
2022-06-13 21:56:00,20739332,27.32,58722.33836932753,37.291450497562785
2022-06-13 21:58:00,20739332,27.33,58706.93836932753,37.27239398919478
2022-06-13 22:00:00,20739332,27.33,58745.538369327536,37.30008918062073
2022-06-13 22:02:00,20739332,27.34,58706.93836932753,37.26439177353643
2022-06-13 22:04:00,20739332,27.38,58795.83836932753,37.29613132883871
2022-06-13 22:06:00,20739332,27.38,58795.83836932753,37.29613132883871
2022-06-13 22:08:00,20739332,27.37,58710.83836932753,37.24319799109329
2022-06-13 22:10:00,20739332,27.39,58792.038369327536,37.28540595019441
2022-06-13 22:12:00,20739332,27.39,58780.33836932753,37.27702081422579
2022-06-13 22:14:00,20739332,27.41,58885.138369327535,37.336116466093
2022-06-13 22:16:00,20739332,27.39,58815.23836932753,37.302033827331634
2022-06-13 22:18:00,20739332,27.38,58780.33836932753,37.28502028645875
2022-06-13 22:20:00,20739332,27.38,58842.43836932753,37.32953950392914
2022-06-13 22:22:00,20739332,27.37,58768.73836932753,37.28470580149797
2022-06-13 22:24:00,20739332,27.22,58652.93836932753,37.32177554034469
2022-06-13 22:26:00,20739332,27.29,58753.33836932753,37.33775327873777
2022-06-13 22:28:00,20739332,27.24,58726.23836932753,37.35841864169691
2022-06-13 22:30:00,20739332,27.09,58710.83836932753,37.468128134207056
2022-06-13 22:32:00,20739332,27.09,58784.23836932753,37.521077106997325
2022-06-13 22:34:00,20739332,27.09,58799.73836932753,37.532260046900404
2022-06-13 22:36:00,20739332,26.99,58726.23836932753,37.56014569513543
2022-06-13 22:38:00,20739332,27,58737.83836932753,37.56042590195916
2022-06-13 22:40:00,20739332,26.99,58753.33836932753,37.57973804994252
2022-06-13 22:42:00,20739332,26.89,58737.83836932753,37.64975312406304
2022-06-13 22:44:00,20739332,26.88,58703.038369327536,37.63267204840703
2022-06-13 22:46:00,20739332,26.88,58703.038369327536,37.63267204840703
2022-06-13 22:48:00,20739332,26.9,58668.33836932753,37.5912767977887
2022-06-13 22:50:00,20739332,26.93,58618.33836932753,37.53073680820169
2022-06-13 22:52:00,20739332,26.84,58618.33836932753,37.603807718232524
2022-06-13 22:54:00,20739332,26.85,58545.43836932753,37.54283522782424
2022-06-13 22:56:00,20739332,26.85,58664.538369327536,37.629171654172254
2022-06-13 22:58:00,20739332,26.81,58545.43836932753,37.57532870734268
2022-06-13 23:00:00,20739332,26.78,58610.638369327535,37.64706345636449
2022-06-13 23:02:00,20739332,26.74,58606.83836932753,37.676920346226055
2022-06-13 23:04:00,20739332,26.75,58622.138369327535,37.6798781673588
2022-06-13 23:06:00,20739332,26.71,58602.93836932753,37.698577327077
2022-06-13 23:08:00,20739332,26.71,58442.23836932753,37.58175125050336
2022-06-13 23:10:00,20739332,26.73,58533.93836932753,37.632100109603776
2022-06-13 23:12:00,20739332,26.74,58396.538369327536,37.524148907464024
2022-06-13 23:14:00,20739332,26.75,58495.638369327535,37.58798619991238
2022-06-13 23:16:00,20739332,26.7,58362.33836932753,37.53181870310206
2022-06-13 23:18:00,20739332,26.73,58461.33836932753,37.5793490896897
2022-06-13 23:20:00,20739332,26.74,58495.638369327535,37.59612654520688
2022-06-13 23:22:00,20739332,26.74,58465.138369327535,37.57397150777766
2022-06-13 23:24:00,20739332,26.73,58530.138369327535,37.62933872633331
2022-06-13 23:26:00,20739332,26.71,58472.73836932753,37.60391949360163
2022-06-13 23:28:00,20739332,26.7,58556.93836932753,37.67329199505408
2022-06-13 23:30:00,20739332,26.69,58537.73836932753,37.667491649609424
2022-06-13 23:32:00,20739332,26.69,58472.73836932753,37.620219328919006
2022-06-13 23:34:00,20739332,26.65,58366.138369327535,37.575280260798266
2022-06-13 23:36:00,20739332,26.64,58385.138369327535,37.597256760123926
2022-06-13 23:38:00,20739332,26.69,58476.538369327536,37.62298266484811
2022-06-13 23:40:00,20739332,26.68,58465.138369327535,37.6228458774458
2022-06-13 23:42:00,20739332,26.64,58449.83836932753,37.64435005547154
2022-06-13 23:44:00,20739332,26.68,58388.93836932753,37.567429954298206
2022-06-13 23:46:00,20739332,26.66,58362.33836932753,37.56437019231278
2022-06-13 23:48:00,20739332,26.65,58301.638369327535,37.52835589504406
2022-06-13 23:50:00,20739332,26.69,58468.93836932753,37.6174560273472
2022-06-13 23:52:00,20739332,26.69,58411.73836932753,37.57586521781447
2022-06-13 23:54:00,20739332,26.68,58339.538369327536,37.53151152985522
2022-06-13 23:56:00,20739332,26.65,58457.538369327536,37.641791608304644
2022-06-13 23:58:00,20739332,26.64,58400.33836932753,37.60831951248991
2022-06-14 00:00:00,20739332,26.66,58388.93836932753,37.58372026124411
2022-06-14 00:02:00,20739332,26.66,58411.73836932753,37.60030737592769
2022-06-14 00:04:00,20739332,26.64,58453.638369327535,37.64711627791011
2022-06-14 00:06:00,20739332,26.64,58522.43836932753,37.69720541531988
2022-06-14 00:08:00,20739332,26.63,58415.538369327536,37.62754265721013
2022-06-14 00:10:00,20739332,26.65,58392.73836932753,37.59463490154821
2022-06-14 00:12:00,20739332,26.68,58297.83836932753,37.501196247235995
2022-06-14 00:14:00,20739332,26.61,58173.23836932753,37.46746058197879
2022-06-14 00:16:00,20739332,26.63,58373.73836932753,37.59711308730975
2022-06-14 00:18:00,20739332,26.61,58339.538369327536,37.58852305739194
2022-06-14 00:20:00,20739332,26.6,58400.33836932753,37.64096674897244
2022-06-14 00:22:00,20739332,26.55,58350.93836932753,37.645818062910564
2022-06-14 00:24:00,20739332,26.54,58301.638369327535,37.618040257566655
2022-06-14 00:26:00,20739332,26.54,58373.73836932753,37.67062374880673
2022-06-14 00:28:00,20739332,26.53,58404.138369327535,37.70098627106358
2022-06-14 00:30:00,20739332,26.5,58316.73836932753,37.661763201610356
2022-06-14 00:32:00,20739332,26.5,58354.73836932753,37.68950180096516
2022-06-14 00:34:00,20739332,26.5,58331.93836932753,37.67285822640265
2022-06-14 00:36:00,20739332,26.49,58275.138369327535,37.6395791588052
2022-06-14 00:38:00,20739332,26.5,58282.73836932753,37.636947385913565
2022-06-14 00:40:00,20739332,26.46,58237.33836932753,37.6365222105885
2022-06-14 00:42:00,20739332,26.44,58282.73836932753,37.68607025699258
2022-06-14 00:44:00,20739332,26.45,58267.538369327536,37.666769978863876
2022-06-14 00:46:00,20739332,26.44,58113.038369327536,37.56208473483283
2022-06-14 00:48:00,20739332,26.46,58143.138369327535,37.567730804821934
2022-06-14 00:50:00,20739332,26.46,58260.038369327536,37.65310251445393
2022-06-14 00:52:00,20739332,26.46,58407.93836932753,37.76116038501949
2022-06-14 00:54:00,20739332,26.44,58427.038369327536,37.79155249712285
2022-06-14 00:56:00,20739332,26.46,58354.73836932753,37.72228565825902
2022-06-14 00:58:00,20739332,26.45,58248.638369327535,37.65296170766262
2022-06-14 01:00:00,20739332,26.46,58404.138369327535,37.758383393756205
2022-06-14 01:02:00,20739332,26.43,58392.73836932753,37.77469055217572
2022-06-14 01:04:00,20739332,26.43,58331.93836932753,37.73023513056283
2022-06-14 01:06:00,20739332,26.44,58286.43836932753,37.688774305672325
2022-06-14 01:08:00,20739332,26.44,58320.538369327536,37.71369694945319
2022-06-14 01:10:00,20739332,26.44,58354.73836932753,37.73869548266537
2022-06-14 01:12:00,20739332,26.44,58373.73836932753,37.75258476939517
2022-06-14 01:14:00,20739332,26.44,58260.038369327536,37.66948127193588
2022-06-14 01:16:00,20739332,26.45,58324.33836932753,37.70827300913213
2022-06-14 01:18:00,20739332,26.45,58377.538369327536,37.747152584340064
2022-06-14 01:20:00,20739332,26.41,58244.83836932753,37.68295692977642
2022-06-14 01:22:00,20739332,26.39,57993.23836932753,37.51537873133429
2022-06-14 01:24:00,20739332,26.4,58244.83836932753,37.691157232287
2022-06-14 01:26:00,20739332,26.39,58079.23836932753,37.57824887192309
2022-06-14 01:28:00,20739332,26.39,58286.43836932753,37.729795061568474
2022-06-14 01:30:00,20739332,26.36,58203.33836932753,37.69361060292549
2022-06-14 01:32:00,20739332,26.37,58263.73836932753,37.729608988947156
2022-06-14 01:34:00,20739332,26.37,58263.73836932753,37.729608988947156
2022-06-14 01:36:00,20739332,26.36,58195.83836932753,37.68812109785419
2022-06-14 01:38:00,20739332,26.37,58176.93836932753,37.666087060616704
2022-06-14 01:40:00,20739332,26.36,58045.538369327536,37.57813994969049
2022-06-14 01:42:00,20739332,26.36,58210.93836932753,37.699173439459805
2022-06-14 01:44:00,20739332,26.36,58124.33836932753,37.635794611641636
2022-06-14 01:46:00,20739332,26.39,58154.43836932753,37.63323826179928
2022-06-14 01:48:00,20739332,26.4,58301.638369327535,37.73270378984525
2022-06-14 01:50:00,20739332,26.35,58120.538369327536,37.64120876230156
2022-06-14 01:52:00,20739332,26.34,58019.33836932753,37.57533310391628
2022-06-14 01:54:00,20739332,26.34,58098.038369327536,37.63293551313672
2022-06-14 01:56:00,20739332,26.35,58290.23836932753,37.76544825345947
2022-06-14 01:58:00,20739332,26.34,58176.93836932753,37.69069927707372
2022-06-14 02:00:00,20739332,26.3,58068.038369327536,37.64376245376345
2022-06-14 02:02:00,20739332,26.31,58068.038369327536,37.63556137018767
2022-06-14 02:04:00,20739332,26.31,58267.538369327536,37.78173115775591
2022-06-14 02:06:00,20739332,26.31,58180.73836932753,37.7181226895714
2022-06-14 02:08:00,20739332,26.29,57926.138369327535,37.54801078078933
2022-06-14 02:10:00,20739332,26.32,58075.538369327536,37.632855408359525
2022-06-14 02:12:00,20739332,26.32,58083.038369327536,37.63834767827135
2022-06-14 02:14:00,20739332,26.3,57885.23836932753,37.509882552151694
2022-06-14 02:16:00,20739332,26.29,57967.138369327535,37.578042335625646
2022-06-14 02:18:00,20739332,26.34,58169.43836932753,37.6852077803119
2022-06-14 02:20:00,20739332,26.3,57937.33836932753,37.5480315796843
2022-06-14 02:22:00,20739332,26.3,57870.33836932753,37.498973573138386
2022-06-14 02:24:00,20739332,26.32,58034.33836932753,37.602686956162614
2022-06-14 02:26:00,20739332,26.34,58176.93836932753,37.69069927707372
2022-06-14 02:28:00,20739332,26.31,57989.538369327536,37.578072239125554
2022-06-14 02:30:00,20739332,26.3,57888.93836932753,37.5125915762169
2022-06-14 02:32:00,20739332,26.32,58143.138369327535,37.68236396225659
2022-06-14 02:34:00,20739332,26.32,57959.638369327535,37.547998760633675
2022-06-14 02:36:00,20739332,26.31,58034.33836932753,37.61087950338306
2022-06-14 02:38:00,20739332,26.31,57996.93836932753,37.58349096263461
2022-06-14 02:40:00,20739332,26.34,58060.538369327536,37.605486507675714
2022-06-14 02:42:00,20739332,26.36,58019.33836932753,37.55897381593735
2022-06-14 02:44:00,20739332,26.36,57985.73836932753,37.534396764057014
2022-06-14 02:46:00,20739332,26.32,57807.33836932753,37.43654091765089
2022-06-14 02:48:00,20739332,26.32,57985.73836932753,37.567105156217956
2022-06-14 02:50:00,20739332,26.32,58154.43836932753,37.690640874481254
2022-06-14 02:52:00,20739332,26.31,57918.638369327535,37.52616170016467
2022-06-14 02:54:00,20739332,26.34,58192.038369327536,37.701755901387
2022-06-14 02:56:00,20739332,26.32,58083.038369327536,37.63834767827135
2022-06-14 02:58:00,20739332,26.3,57903.83836932753,37.523501223457636
2022-06-14 03:00:00,20739332,26.26,57896.33836932753,37.55073076161403
2022-06-14 03:02:00,20739332,26.3,57963.33836932753,37.567071930120846
2022-06-14 03:04:00,20739332,26.29,57982.038369327536,37.588957246599534
2022-06-14 03:06:00,20739332,26.26,57848.138369327535,37.51541019769024
2022-06-14 03:08:00,20739332,26.3,57825.83836932753,37.46639625207071
2022-06-14 03:10:00,20739332,26.31,58120.538369327536,37.674017803396076
2022-06-14 03:12:00,20739332,26.3,58180.73836932753,37.72634234390709
2022-06-14 03:14:00,20739332,26.29,58098.038369327536,37.67395070405971
2022-06-14 03:16:00,20739332,26.27,58218.43836932753,37.77866910959861
2022-06-14 03:18:00,20739332,26.29,58113.038369327536,37.68494360701916
2022-06-14 03:20:00,20739332,26.27,58120.538369327536,37.706874694704474
2022-06-14 03:22:00,20739332,26.3,58150.638369327535,37.70428384807912
2022-06-14 03:24:00,20739332,26.29,57985.73836932753,37.59166774372811
2022-06-14 03:26:00,20739332,26.3,58146.83836932753,37.70149920987925
2022-06-14 03:28:00,20739332,26.29,58214.638369327535,37.75941648905858
2022-06-14 03:30:00,20739332,26.27,58109.33836932753,37.698662712171654
2022-06-14 03:32:00,20739332,26.27,58158.138369327535,37.734445707429515
2022-06-14 03:34:00,20739332,26.3,58158.138369327535,37.70977994669305
2022-06-14 03:36:00,20739332,26.27,58135.638369327535,37.71794668610233
2022-06-14 03:38:00,20739332,26.32,58120.538369327536,37.66581106077239
2022-06-14 03:40:00,20739332,26.34,58154.43836932753,37.6742251930955
2022-06-14 03:42:00,20739332,26.35,58143.138369327535,37.65775050392826
2022-06-14 03:44:00,20739332,26.36,58180.73836932753,37.677069304864304
2022-06-14 03:46:00,20739332,26.36,58086.73836932753,37.6082824016158
2022-06-14 03:48:00,20739332,26.4,58244.83836932753,37.691157232287
2022-06-14 03:50:00,20739332,26.32,58195.83836932753,37.720967765335054
2022-06-14 03:52:00,20739332,26.32,58101.83836932753,37.65211556383942
2022-06-14 03:54:00,20739332,26.43,58218.43836932753,37.64727054559555
2022-06-14 03:56:00,20739332,26.43,58222.23836932753,37.65004771420735
2022-06-14 03:58:00,20739332,26.4,58203.33836932753,37.66080681404597
2022-06-14 04:00:00,20739332,26.39,58176.93836932753,37.649693846207704
2022-06-14 04:02:00,20739332,26.4,58113.038369327536,37.59478152813234
2022-06-14 04:04:00,20739332,26.39,58241.138369327535,37.696653803289514
2022-06-14 04:06:00,20739332,26.39,58154.43836932753,37.63323826179928
2022-06-14 04:08:00,20739332,26.39,58098.038369327536,37.591994945043155
2022-06-14 04:10:00,20739332,26.36,58098.038369327536,37.61655034123605
2022-06-14 04:12:00,20739332,26.36,58060.538369327536,37.58911367054028
2022-06-14 04:14:00,20739332,26.34,58105.538369327536,37.63842572054267
2022-06-14 04:16:00,20739332,26.34,58094.23836932753,37.63015385974605
2022-06-14 04:18:00,20739332,26.35,58109.33836932753,37.633011540623215
2022-06-14 04:20:00,20739332,26.34,58146.83836932753,37.66866088901687
2022-06-14 04:22:00,20739332,26.32,58090.538369327536,37.64384008371293
2022-06-14 04:24:00,20739332,26.31,58071.83836932753,37.638344660429766
2022-06-14 04:26:00,20739332,26.32,58098.038369327536,37.64933262468403
2022-06-14 04:28:00,20739332,26.31,58011.93836932753,37.594475266565865
2022-06-14 04:30:00,20739332,26.3,58004.43836932753,37.59717365492367
2022-06-14 04:32:00,20739332,26.31,58038.038369327536,37.61358924816535
2022-06-14 04:34:00,20739332,26.3,58098.038369327536,37.665741687404164
2022-06-14 04:36:00,20739332,26.29,58041.83836932753,37.63276878643851
2022-06-14 04:38:00,20739332,26.29,58019.33836932753,37.61628349932195
2022-06-14 04:40:00,20739332,26.27,57948.43836932753,37.580722200678046
2022-06-14 04:42:00,20739332,26.25,57974.538369327536,37.616247625382734
2022-06-14 04:44:00,20739332,26.26,57978.33836932753,37.61083257638039
2022-06-14 04:46:00,20739332,26.26,57926.138369327535,37.57257076277236
2022-06-14 04:48:00,20739332,26.25,57929.83836932753,37.58347583084049
2022-06-14 04:50:00,20739332,26.24,58019.33836932753,37.65730857511835
2022-06-14 04:52:00,20739332,26.24,57974.538369327536,37.62445122935393
2022-06-14 04:54:00,20739332,26.22,57963.33836932753,37.63265013613533
2022-06-14 04:56:00,20739332,26.21,57955.93836932753,37.63543054013748
2022-06-14 04:58:00,20739332,26.2,57885.23836932753,37.59175638506083
2022-06-14 05:00:00,20739332,26.19,57859.23836932753,37.58087756983023
2022-06-14 05:02:00,20739332,26.16,57848.138369327535,37.5973422551931
2022-06-14 05:04:00,20739332,26.15,57918.638369327535,37.657343748617095
2022-06-14 05:06:00,20739332,26.15,57851.83836932753,37.60826976488189
2022-06-14 05:08:00,20739332,26.15,57859.23836932753,37.61370557177448
2022-06-14 05:10:00,20739332,26.15,58038.038369327536,37.74508676028743
2022-06-14 05:12:00,20739332,26.16,58461.33836932753,38.04812263686501
2022-06-14 05:14:00,20739332,26.2,58491.83836932753,38.03733274325074
2022-06-14 05:16:00,20739332,26.2,58526.23836932753,38.06262784016283
2022-06-14 05:18:00,20739332,26.22,58522.43836932753,38.04322398253833
2022-06-14 05:20:00,20739332,26.22,58484.23836932753,38.01514784492045
2022-06-14 05:22:00,20739332,26.24,58560.73836932753,38.05476709939184
2022-06-14 05:24:00,20739332,26.24,58553.138369327535,38.04918280337533
2022-06-14 05:26:00,20739332,26.24,58556.93836932753,38.05197493394151
2022-06-14 05:28:00,20739332,26.24,58472.73836932753,37.99011537588009
2022-06-14 05:30:00,20739332,26.25,58503.33836932753,38.004303434095036
2022-06-14 05:32:00,20739332,26.24,58404.138369327535,37.93972939496038
2022-06-14 05:34:00,20739332,26.24,58507.138369327535,38.01538609516125
2022-06-14 05:36:00,20739332,26.24,58510.93836932753,38.01817780344479
2022-06-14 05:38:00,20739332,26.25,58537.73836932753,38.02957100384114
2022-06-14 05:40:00,20739332,26.25,58476.538369327536,37.98462021489347
2022-06-14 05:42:00,20739332,26.25,58510.93836932753,38.009885558213
2022-06-14 05:44:00,20739332,26.24,58488.038369327536,38.001354616061995
