Plot Title: CT_327_Cabral,,,
#,"Date Time, GMT-10:00","High Range, μS/cm (LGR S/N: 20739327, SEN S/N: 20739327)","Temp, °C (LGR S/N: 20739327, SEN S/N: 20739327)"
1,6/6/21 14:40,0,23.6
2,6/6/21 15:00,0,24.37
3,6/6/21 15:20,47505.2,28.47
4,6/6/21 15:40,47618.9,28.15
5,6/6/21 16:00,47486.3,28.14
6,6/6/21 16:20,47423.4,28.05
7,6/6/21 16:40,47423.4,28.04
8,6/6/21 17:00,47492.6,28.05
9,6/6/21 17:20,47141.7,28.04
10,6/6/21 17:40,47172.8,27.94
11,6/6/21 18:00,47360.6,27.96
12,6/6/21 18:20,47310.4,27.8
13,6/6/21 18:40,47272.8,27.72
14,6/6/21 19:00,47285.3,27.64
15,6/6/21 19:20,47254,27.54
16,6/6/21 19:40,47266.6,27.47
17,6/6/21 20:00,47360.6,27.42
18,6/6/21 20:20,47329.2,27.48
19,6/6/21 20:40,47524.2,27.58
20,6/6/21 21:00,47676,27.91
21,6/6/21 21:20,47879.5,28.14
22,6/6/21 21:40,47841.2,28.17
23,6/6/21 22:00,47879.5,28.3
24,6/6/21 22:20,47758.5,28.27
25,6/6/21 22:40,47771.2,28.2
26,6/6/21 23:00,47707.7,28.12
27,6/6/21 23:20,47562,27.99
28,6/6/21 23:40,47600,27.84
29,6/7/21 0:00,47650.6,27.78
30,6/7/21 0:20,47663.3,27.69
31,6/7/21 0:40,47822.1,27.8
32,6/7/21 1:00,47879.5,27.77
33,6/7/21 1:20,47796.6,27.73
34,6/7/21 1:40,47771.2,27.67
35,6/7/21 2:00,47771.2,27.62
36,6/7/21 2:20,47714,27.56
37,6/7/21 2:40,47549.4,27.46
38,6/7/21 3:00,47461.1,27.4
39,6/7/21 3:20,47385.7,27.32
40,6/7/21 3:40,47454.8,27.31
41,6/7/21 4:00,47530.5,27.33
42,6/7/21 4:20,47714,27.43
43,6/7/21 4:40,47930.6,27.57
44,6/7/21 5:00,47854,27.72
45,6/7/21 5:20,48039.4,27.9
46,6/7/21 5:40,48122.9,28.16
47,6/7/21 6:00,47854,28.28
48,6/7/21 6:20,48052.2,28.14
49,6/7/21 6:40,47847.6,28.26
50,6/7/21 7:00,47885.9,28.26
51,6/7/21 7:20,47796.6,28
52,6/7/21 7:40,47822.1,27.91
53,6/7/21 8:00,47777.6,27.83
54,6/7/21 8:20,47745.8,27.75
55,6/7/21 8:40,47873.1,27.84
56,6/7/21 9:00,48039.4,27.78
57,6/7/21 9:20,47905,27.7
58,6/7/21 9:40,47930.6,27.65
59,6/7/21 10:00,47879.5,27.58
60,6/7/21 10:20,47783.9,27.48
61,6/7/21 10:40,47688.6,27.32
62,6/7/21 11:00,47574.7,27.2
63,6/7/21 11:20,47448.5,27.04
64,6/7/21 11:40,47385.7,26.98
65,6/7/21 12:00,46936.7,26.64
66,6/7/21 12:20,46980,26.66
67,6/7/21 12:40,46856.3,26.67
68,6/7/21 13:00,47341.7,27.29
69,6/7/21 13:20,48065.1,28
70,6/7/21 13:40,48148.6,28.07
71,6/7/21 14:00,48381.1,28.2
72,6/7/21 14:20,48368.1,28.21
73,6/7/21 14:40,48465.5,28.43
74,6/7/21 15:00,48498,28.69
75,6/7/21 15:20,48446,28.76
76,6/7/21 15:40,47803,28.37
77,6/7/21 16:00,47771.2,28.3
78,6/7/21 16:20,48007.3,28.23
79,6/7/21 16:40,48026.6,28.12
80,6/7/21 17:00,47860.3,27.94
81,6/7/21 17:20,47937,27.89
82,6/7/21 17:40,47873.1,27.79
83,6/7/21 18:00,47815.7,27.68
84,6/7/21 18:20,47783.9,27.61
85,6/7/21 18:40,47803,27.64
86,6/7/21 19:00,47822.1,27.57
87,6/7/21 19:20,47739.4,27.51
88,6/7/21 19:40,47606.3,27.46
89,6/7/21 20:00,47524.2,27.36
90,6/7/21 20:20,47461.1,27.31
91,6/7/21 20:40,47147.9,27.3
92,6/7/21 21:00,47803,27.69
93,6/7/21 21:20,48213,28.01
94,6/7/21 21:40,48355.2,28.36
95,6/7/21 22:00,48550.1,28.72
96,6/7/21 22:20,48700.3,28.9
97,6/7/21 22:40,48706.8,29
98,6/7/21 23:00,48674.1,28.9
99,6/7/21 23:20,48472,28.68
100,6/7/21 23:40,48446,28.51
101,6/8/21 0:00,48219.5,28.42
102,6/8/21 0:20,48065.1,28.22
103,6/8/21 0:40,47898.6,28.1
104,6/8/21 1:00,47335.5,27.91
105,6/8/21 1:20,47726.7,28.11
106,6/8/21 1:40,48155,28.25
107,6/8/21 2:00,48026.6,28.22
108,6/8/21 2:20,48245.3,28.16
109,6/8/21 2:40,48238.8,28.11
110,6/8/21 3:00,48219.5,28.02
111,6/8/21 3:20,48110,27.94
112,6/8/21 3:40,48065.1,27.85
113,6/8/21 4:00,47854,27.73
114,6/8/21 4:20,47191.6,27.4
115,6/8/21 4:40,48000.9,27.64
116,6/8/21 5:00,47962.5,27.67
117,6/8/21 5:20,48007.3,27.72
118,6/8/21 5:40,48007.3,27.7
119,6/8/21 6:00,48020.2,27.78
120,6/8/21 6:20,47962.5,27.85
121,6/8/21 6:40,47898.6,27.9
122,6/8/21 7:00,48052.2,28.06
123,6/8/21 7:20,48000.9,28.05
124,6/8/21 7:40,47937,28.01
125,6/8/21 8:00,47618.9,27.74
126,6/8/21 8:20,47229,27.42
127,6/8/21 8:40,47341.7,27.54
128,6/8/21 9:00,47467.4,27.57
129,6/8/21 9:20,47304.1,27.4
130,6/8/21 9:40,47498.9,27.4
131,6/8/21 10:00,47669.6,27.35
132,6/8/21 10:20,47606.3,27.3
133,6/8/21 10:40,47777.6,27.27
134,6/8/21 11:00,47442.3,27.2
135,6/8/21 11:20,47524.2,27.17
136,6/8/21 11:40,47404.5,27.11
137,6/8/21 12:00,47316.7,27
138,6/8/21 12:20,46986.2,26.75
139,6/8/21 12:40,47011.1,26.8
140,6/8/21 13:00,47373.1,27.3
141,6/8/21 13:20,47841.2,27.89
142,6/8/21 13:40,48290.5,28.28
143,6/8/21 14:00,48517.5,28.67
144,6/8/21 14:20,48608.8,29.01
145,6/8/21 14:40,48608.8,29.15
146,6/8/21 15:00,48792,29.31
147,6/8/21 15:20,48621.8,29.38
148,6/8/21 15:40,48537,29.07
149,6/8/21 16:00,48335.8,28.81
150,6/8/21 16:20,48110,28.49
151,6/8/21 16:40,48020.2,28.33
152,6/8/21 17:00,47879.5,28.15
153,6/8/21 17:20,47733.1,27.98
154,6/8/21 17:40,47656.9,27.99
155,6/8/21 18:00,47618.9,27.95
156,6/8/21 18:20,47631.6,27.83
157,6/8/21 18:40,47587.3,27.73
158,6/8/21 19:00,47480,27.62
159,6/8/21 19:20,47373.1,27.42
160,6/8/21 19:40,47079.4,27.3
161,6/8/21 20:00,46992.5,27.05
162,6/8/21 20:20,46967.7,26.98
163,6/8/21 20:40,46856.3,27.08
164,6/8/21 21:00,47048.3,27.51
165,6/8/21 21:20,47179.1,27.78
166,6/8/21 21:40,47322.9,27.99
167,6/8/21 22:00,47341.7,28.17
168,6/8/21 22:20,47335.5,28.22
169,6/8/21 22:40,47229,28.05
170,6/8/21 23:00,47341.7,28.49
171,6/8/21 23:20,47222.8,28.35
172,6/8/21 23:40,46955.3,28.12
173,6/9/21 0:00,46942.9,27.96
174,6/9/21 0:20,46677.8,27.85
175,6/9/21 0:40,46530.8,27.75
176,6/9/21 1:00,46573.6,27.68
177,6/9/21 1:20,46506.4,27.64
178,6/9/21 1:40,46396.7,27.62
179,6/9/21 2:00,46616.4,27.67
180,6/9/21 2:20,46567.5,27.62
181,6/9/21 2:40,46549.1,27.48
182,6/9/21 3:00,46293.5,27.33
183,6/9/21 3:20,46106.2,27.17
184,6/9/21 3:40,45776.7,27.03
185,6/9/21 4:00,45480.3,26.84
186,6/9/21 4:20,45563,26.93
187,6/9/21 4:40,45812.5,27.16
188,6/9/21 5:00,46106.2,27.58
189,6/9/21 5:20,46372.4,27.93
190,6/9/21 5:40,46549.1,28.36
191,6/9/21 6:00,46585.8,28.59
192,6/9/21 6:20,46293.5,28.68
193,6/9/21 6:40,46082.1,28.6
194,6/9/21 7:00,46070,28.69
195,6/9/21 7:20,46082.1,28.59
196,6/9/21 7:40,45634.1,28.56
197,6/9/21 8:00,45598.5,28.47
198,6/9/21 8:20,45586.7,28.3
199,6/9/21 8:40,45427.3,28.25
200,6/9/21 9:00,45327.4,28.16
201,6/9/21 9:20,45315.7,27.98
202,6/9/21 9:40,45286.4,27.82
203,6/9/21 10:00,45000.7,27.74
204,6/9/21 10:20,44971.7,27.68
205,6/9/21 10:40,44844.5,27.67
206,6/9/21 11:00,44971.7,27.63
207,6/9/21 11:20,44873.4,27.57
208,6/9/21 11:40,44942.8,27.53
209,6/9/21 12:00,44879.2,27.46
210,6/9/21 12:20,44809.9,27.42
211,6/9/21 12:40,44954.4,27.52
212,6/9/21 13:00,45163.6,27.73
213,6/9/21 13:20,45227.8,27.91
214,6/9/21 13:40,45239.5,28.07
215,6/9/21 14:00,45204.5,28.16
216,6/9/21 14:20,45239.5,28.27
217,6/9/21 14:40,45198.6,28.39
218,6/9/21 15:00,45093.7,28.38
219,6/9/21 15:20,45058.8,28.32
220,6/9/21 15:40,44631.9,28.19
221,6/9/21 16:00,44420.8,28.09
222,6/9/21 16:20,44386.7,27.96
223,6/9/21 16:40,44386.7,27.88
224,6/9/21 17:00,44256.4,27.86
225,6/9/21 17:20,44358.3,27.77
226,6/9/21 17:40,44347,27.7
227,6/9/21 18:00,44540.4,27.61
228,6/9/21 18:20,44341.3,27.51
229,6/9/21 18:40,44381,27.42
230,6/9/21 19:00,44369.7,27.33
231,6/9/21 19:20,44511.9,27.25
232,6/9/21 19:40,43897.1,27
233,6/9/21 20:00,44053.8,27
234,6/9/21 20:20,44290.4,27.04
235,6/9/21 20:40,44798.4,27.47
236,6/9/21 21:00,45006.5,27.59
237,6/9/21 21:20,44919.6,27.73
238,6/9/21 21:40,44971.7,27.91
239,6/9/21 22:00,44844.5,27.96
240,6/9/21 22:20,44574.7,27.9
241,6/9/21 22:40,44729.4,27.98
242,6/9/21 23:00,44700.7,28
243,6/9/21 23:20,44574.7,28
244,6/9/21 23:40,44460.6,27.96
245,6/10/21 0:00,44631.9,27.93
246,6/10/21 0:20,44506.2,27.86
247,6/10/21 0:40,44318.7,27.79
248,6/10/21 1:00,44466.3,27.73
249,6/10/21 1:20,44483.4,27.61
250,6/10/21 1:40,44290.4,27.53
251,6/10/21 2:00,44403.7,27.4
252,6/10/21 2:20,44335.7,27.27
253,6/10/21 2:40,43880.4,26.96
254,6/10/21 3:00,43919.5,26.96
255,6/10/21 3:20,43852.5,26.82
256,6/10/21 3:40,43953,26.77
257,6/10/21 4:00,44307.3,26.92
258,6/10/21 4:20,44318.7,26.87
259,6/10/21 4:40,44563.2,27.25
260,6/10/21 5:00,44729.4,27.51
261,6/10/21 5:20,45433.2,27.7
262,6/10/21 5:40,45274.7,27.93
263,6/10/21 6:00,45687.5,28.3
264,6/10/21 6:20,45717.2,28.56
265,6/10/21 6:40,45818.4,28.75
266,6/10/21 7:00,45687.5,28.76
267,6/10/21 7:20,45468.5,28.64
268,6/10/21 7:40,45239.5,28.47
269,6/10/21 8:00,45227.8,28.33
270,6/10/21 8:20,45216.2,28.2
271,6/10/21 8:40,45192.8,28.1
272,6/10/21 9:00,45058.8,27.99
273,6/10/21 9:20,45064.6,27.88
274,6/10/21 9:40,44902.3,27.78
275,6/10/21 10:00,44827.2,27.69
276,6/10/21 10:20,44786.9,27.59
277,6/10/21 10:40,44511.9,27.41
278,6/10/21 11:00,44437.8,27.37
279,6/10/21 11:20,44307.3,27.25
280,6/10/21 11:40,44267.8,27.14
281,6/10/21 12:00,44262.1,27.06
282,6/10/21 12:20,44211.3,27.09
283,6/10/21 12:40,44233.9,27.17
284,6/10/21 13:00,44369.7,27.47
285,6/10/21 13:20,44827.2,27.9
286,6/10/21 13:40,44965.9,28.25
287,6/10/21 14:00,45474.4,28.79
288,6/10/21 14:20,45409.7,29.09
289,6/10/21 14:40,45657.8,29.17
290,6/10/21 15:00,45705.3,29.28
291,6/10/21 15:20,45539.4,29.28
292,6/10/21 15:40,45169.4,28.9
293,6/10/21 16:00,45099.5,28.58
294,6/10/21 16:20,44919.6,28.38
295,6/10/21 16:40,44873.4,28.27
296,6/10/21 17:00,44672,28.04
297,6/10/21 17:20,44443.5,27.86
298,6/10/21 17:40,44381,27.67
299,6/10/21 18:00,44138,27.78
300,6/10/21 18:20,44786.9,27.7
301,6/10/21 18:40,44580.4,27.56
302,6/10/21 19:00,44769.6,27.47
303,6/10/21 19:20,44551.8,27.29
304,6/10/21 19:40,44020.1,27.14
305,6/10/21 20:00,44216.9,27.12
306,6/10/21 20:20,44273.4,27.1
307,6/10/21 20:40,44211.3,27.16
308,6/10/21 21:00,44104.3,27.47
309,6/10/21 21:20,44211.3,27.78
310,6/10/21 21:40,44126.8,27.77
311,6/10/21 22:00,44290.4,27.86
312,6/10/21 22:20,44318.7,27.95
313,6/10/21 22:40,44149.3,27.93
314,6/10/21 23:00,43936.2,27.73
315,6/10/21 23:20,43713.7,27.49
316,6/10/21 23:40,43421.6,27.33
317,6/11/21 0:00,43465.5,27.21
318,6/11/21 0:20,43399.6,27.14
319,6/11/21 0:40,43465.5,27.12
320,6/11/21 1:00,42744.9,27.1
321,6/11/21 1:20,43328.5,27.1
322,6/11/21 1:40,43268.5,27.08
323,6/11/21 2:00,43355.9,27.04
324,6/11/21 2:20,43219.5,26.99
325,6/11/21 2:40,43252.1,26.98
326,6/11/21 3:00,43295.8,26.94
327,6/11/21 3:20,43350.4,26.92
328,6/11/21 3:40,43273.9,26.89
329,6/11/21 4:00,43176,26.87
330,6/11/21 4:20,43078.4,26.92
331,6/11/21 4:40,43203.2,26.9
332,6/11/21 5:00,43110.9,26.82
333,6/11/21 5:20,42648.8,26.75
334,6/11/21 5:40,43056.7,26.89
335,6/11/21 6:00,43246.7,27.29
336,6/11/21 6:20,43691.5,27.79
337,6/11/21 6:40,43416.1,27.79
338,6/11/21 7:00,42981.1,27.75
339,6/11/21 7:20,42981.1,27.62
340,6/11/21 7:40,42868.1,27.35
341,6/11/21 8:00,42889.6,27.17
342,6/11/21 8:20,42819.8,27.09
343,6/11/21 8:40,42905.7,27.16
344,6/11/21 9:00,42819.8,27.2
345,6/11/21 9:20,42884.2,27.2
346,6/11/21 9:40,42814.4,27.14
347,6/11/21 10:00,42862.7,27.22
348,6/11/21 10:20,42809.1,27.16
349,6/11/21 10:40,41517.9,27.09
350,6/11/21 11:00,41497.5,27.04
351,6/11/21 11:20,42194.7,26.99
352,6/11/21 11:40,41908.4,27.04
353,6/11/21 12:00,42236.6,27
354,6/11/21 12:20,42064.2,27.04
355,6/11/21 12:40,42383.8,27.12
356,6/11/21 13:00,42100.6,27.31
357,6/11/21 13:20,42336.4,27.58
358,6/11/21 13:40,42648.8,27.94
359,6/11/21 14:00,42835.9,28.37
360,6/11/21 14:20,43443.5,28.9
361,6/11/21 14:40,43421.6,29.33
362,6/11/21 15:00,43636.2,29.64
363,6/11/21 15:20,43094.6,29.31
364,6/11/21 15:40,42921.9,29
365,6/11/21 16:00,42895,28.78
366,6/11/21 16:20,42712.8,28.6
367,6/11/21 16:40,42600.9,28.46
368,6/11/21 17:00,42262.8,28.3
369,6/11/21 17:20,41645.7,28.21
370,6/11/21 17:40,41743.2,28.17
371,6/11/21 18:00,42116.3,28.06
372,6/11/21 18:20,42310.1,27.94
373,6/11/21 18:40,42163.3,27.83
374,6/11/21 19:00,42090.2,27.69
375,6/11/21 19:20,41872.2,27.58
376,6/11/21 19:40,41635.4,27.45
377,6/11/21 20:00,40641.2,27.33
378,6/11/21 20:20,41799.9,27.32
379,6/11/21 20:40,41446.6,27.41
380,6/11/21 21:00,42163.3,27.53
381,6/11/21 21:20,42048.5,27.59
382,6/11/21 21:40,42027.7,27.82
383,6/11/21 22:00,42163.3,28.21
384,6/11/21 22:20,42484.2,28.59
385,6/11/21 22:40,42463,28.95
386,6/11/21 23:00,42542.5,29.1
387,6/11/21 23:20,42142.4,29
388,6/11/21 23:40,41830.8,28.9
389,6/12/21 0:00,41769,28.54
390,6/12/21 0:20,41882.5,28.41
391,6/12/21 0:40,41727.8,28.3
392,6/12/21 1:00,41563.8,28.17
393,6/12/21 1:20,41640.6,28.06
394,6/12/21 1:40,41568.9,27.93
395,6/12/21 2:00,41370.5,27.74
396,6/12/21 2:20,41058.2,27.53
397,6/12/21 2:40,41058.2,27.46
398,6/12/21 3:00,40943.3,27.37
399,6/12/21 3:20,40759.6,27.25
400,6/12/21 3:40,40665.9,27.14
401,6/12/21 4:00,40547.9,27
402,6/12/21 4:20,40547.9,26.88
403,6/12/21 4:40,40562.6,27
404,6/12/21 5:00,40567.5,27.42
405,6/12/21 5:20,41113.3,27.79
406,6/12/21 5:40,40883.6,27.88
407,6/12/21 6:00,41073.2,28.28
408,6/12/21 6:20,41609.8,28.68
409,6/12/21 6:40,41620.1,29.16
410,6/12/21 7:00,41355.3,28.99
411,6/12/21 7:20,41355.3,28.75
412,6/12/21 7:40,40479.3,28.19
413,6/12/21 8:00,41239,28.44
414,6/12/21 8:20,41309.7,28.21
415,6/12/21 8:40,40898.5,27.88
416,6/12/21 9:00,40943.3,27.84
417,6/12/21 9:20,40998.2,27.68
418,6/12/21 9:40,40863.7,27.52
419,6/12/21 10:00,40547.9,27.38
420,6/12/21 10:20,40953.3,27.29
421,6/12/21 10:40,40943.3,27.15
422,6/12/21 11:00,40829,27.05
423,6/12/21 11:20,40799.2,26.84
424,6/12/21 11:40,40675.7,26.63
425,6/12/21 12:00,40562.6,26.45
426,6/12/21 12:20,40406.1,26.34
427,6/12/21 12:40,40587.1,26.59
428,6/12/21 13:00,40759.6,27.03
429,6/12/21 13:20,41350.2,27.45
430,6/12/21 13:40,41903.2,27.75
431,6/12/21 14:00,41996.5,27.9
432,6/12/21 14:20,41929.1,27.95
433,6/12/21 14:40,42215.6,28.21
434,6/12/21 15:00,42310.1,28.33
435,6/12/21 15:20,42247.1,28.3
436,6/12/21 15:40,42079.8,28.14
437,6/12/21 16:00,41939.4,27.95
438,6/12/21 16:20,41769,27.74
439,6/12/21 16:40,41980.9,27.59
440,6/12/21 17:00,42105.9,27.51
441,6/12/21 17:20,42158.1,27.49
442,6/12/21 17:40,42320.6,27.52
443,6/12/21 18:00,42526.6,27.48
444,6/12/21 18:20,42341.7,27.38
445,6/12/21 18:40,42426,27.32
446,6/12/21 19:00,42325.9,27.24
447,6/12/21 19:20,42173.8,27.11
448,6/12/21 19:40,42205.2,27.03
449,6/12/21 20:00,42163.3,26.99
450,6/12/21 20:20,41650.8,26.95
451,6/12/21 20:40,43040.5,27.12
452,6/12/21 21:00,43170.5,27.4
453,6/12/21 21:20,43394.2,27.69
454,6/12/21 21:40,43925,27.93
455,6/12/21 22:00,43902.7,28.11
456,6/12/21 22:20,43947.4,28.15
457,6/12/21 22:40,44093.1,28.44
458,6/12/21 23:00,44121.2,28.47
459,6/12/21 23:20,43713.7,28.23
460,6/12/21 23:40,43339.5,27.95
461,6/13/21 0:00,43203.2,27.84
462,6/13/21 0:20,43100,27.65
463,6/13/21 0:40,43214,27.54
464,6/13/21 1:00,43235.8,27.48
465,6/13/21 1:20,42852,27.31
466,6/13/21 1:40,42997.3,27.15
467,6/13/21 2:00,42771.6,27.08
468,6/13/21 2:20,42927.2,27.14
469,6/13/21 2:40,42905.7,27.04
470,6/13/21 3:00,42819.8,26.88
471,6/13/21 3:20,42675.5,26.74
472,6/13/21 3:40,42739.5,26.58
473,6/13/21 4:00,42712.8,26.48
474,6/13/21 4:20,42389.1,26.5
475,6/13/21 4:40,42654.1,26.67
476,6/13/21 5:00,43078.4,26.96
477,6/13/21 5:20,43328.5,27.41
478,6/13/21 5:40,43570,27.78
479,6/13/21 6:00,43536.9,28.11
480,6/13/21 6:20,44014.5,28.47
481,6/13/21 6:40,43975.3,28.68
482,6/13/21 7:00,44171.8,28.68
483,6/13/21 7:20,44529,28.56
484,6/13/21 7:40,44290.4,28.38
485,6/13/21 8:00,44330,28.25
486,6/13/21 8:20,44166.2,28.11
487,6/13/21 8:40,44087.4,27.96
488,6/13/21 9:00,44048.2,27.82
489,6/13/21 9:20,43880.4,27.69
490,6/13/21 9:40,43796.9,27.58
491,6/13/21 10:00,43641.7,27.48
492,6/13/21 10:20,43514.9,27.41
493,6/13/21 10:40,43410.6,27.36
494,6/13/21 11:00,43284.9,27.26
495,6/13/21 11:20,43143.4,27.2
496,6/13/21 11:40,43024.3,27.14
497,6/13/21 12:00,42970.3,27.14
498,6/13/21 12:20,43073,27.12
499,6/13/21 12:40,42686.1,27.25
500,6/13/21 13:00,41609.8,27.59
501,6/13/21 13:20,44087.4,27.91
502,6/13/21 13:40,44121.2,28.04
503,6/13/21 14:00,44070.6,28.2
504,6/13/21 14:20,44222.6,28.36
505,6/13/21 14:40,43925,28.43
506,6/13/21 15:00,44087.4,28.59
507,6/13/21 15:20,44076.2,28.58
508,6/13/21 15:40,43841.4,28.44
509,6/13/21 16:00,43808,28.31
510,6/13/21 16:20,43658.3,28.19
511,6/13/21 16:40,43553.4,28.01
512,6/13/21 17:00,43383.2,27.93
513,6/13/21 17:20,43279.4,27.79
514,6/13/21 17:40,43208.6,27.69
515,6/13/21 18:00,42505.4,27.58
516,6/13/21 18:20,43121.7,27.51
517,6/13/21 18:40,42975.7,27.4
518,6/13/21 19:00,42954.2,27.32
519,6/13/21 19:20,42542.5,27.15
520,6/13/21 19:40,42798.4,27.26
521,6/13/21 20:00,43051.3,27.17
522,6/13/21 20:20,43127.1,27.12
523,6/13/21 20:40,43051.3,27.08
524,6/13/21 21:00,43051.3,27.19
525,6/13/21 21:20,42728.8,27.63
526,6/13/21 21:40,42579.7,27.95
527,6/13/21 22:00,43029.7,28.07
528,6/13/21 22:20,43051.3,28.11
529,6/13/21 22:40,43542.4,28.53
530,6/13/21 23:00,44025.7,28.67
531,6/13/21 23:20,43460,28.49
532,6/13/21 23:40,43487.4,28.3
533,6/14/21 0:00,43525.9,28.15
534,6/14/21 0:20,43481.9,28
535,6/14/21 0:40,43460,27.86
536,6/14/21 1:00,43078.4,27.79
537,6/14/21 1:20,43197.7,27.7
538,6/14/21 1:40,43094.6,27.63
539,6/14/21 2:00,43273.9,27.52
540,6/14/21 2:20,43192.3,27.41
541,6/14/21 2:40,43121.7,27.29
542,6/14/21 3:00,43029.7,27.19
543,6/14/21 3:20,43073,27.15
544,6/14/21 3:40,43002.7,27.05
545,6/14/21 4:00,42739.5,26.87
546,6/14/21 4:20,42916.5,26.87
547,6/14/21 4:40,43024.3,26.83
548,6/14/21 5:00,42873.5,27.06
549,6/14/21 5:20,43116.3,27.49
550,6/14/21 5:40,43880.4,27.9
551,6/14/21 6:00,44138,28.38
552,6/14/21 6:20,44149.3,28.33
553,6/14/21 6:40,44403.7,28.52
554,6/14/21 7:00,44109.9,28.26
555,6/14/21 7:20,44087.4,28.14
556,6/14/21 7:40,43841.4,27.77
557,6/14/21 8:00,43559,27.62
558,6/14/21 8:20,43658.3,27.51
559,6/14/21 8:40,43564.5,27.42
560,6/14/21 9:00,43514.9,27.31
561,6/14/21 9:20,43559,27.27
562,6/14/21 9:40,43586.5,27.22
563,6/14/21 10:00,43476.4,27.24
564,6/14/21 10:20,43361.3,27.11
565,6/14/21 10:40,43344.9,27.09
566,6/14/21 11:00,43312.1,26.93
567,6/14/21 11:20,43100,26.78
568,6/14/21 11:40,43344.9,26.89
569,6/14/21 12:00,43252.1,26.9
570,6/14/21 12:20,43246.7,26.87
571,6/14/21 12:40,43273.9,26.92
572,6/14/21 13:00,43078.4,27.11
573,6/14/21 13:20,43520.4,27.26
574,6/14/21 13:40,43154.3,27.16
575,6/14/21 14:00,43170.5,27.3
576,6/14/21 14:20,43608.6,27.74
577,6/14/21 14:40,43658.3,27.93
578,6/14/21 15:00,43730.3,27.91
579,6/14/21 15:20,43902.7,27.83
580,6/14/21 15:40,43608.6,27.64
581,6/14/21 16:00,43443.5,27.51
582,6/14/21 16:20,43388.7,27.4
583,6/14/21 16:40,43306.7,27.27
584,6/14/21 17:00,43089.2,27.04
585,6/14/21 17:20,42932.6,26.89
586,6/14/21 17:40,42878.8,26.67
587,6/14/21 18:00,42373.3,26.34
588,6/14/21 18:20,42394.4,26.26
589,6/14/21 18:40,42352.2,26.22
590,6/14/21 19:00,42394.4,26.22
591,6/14/21 19:20,42320.6,26.26
592,6/14/21 19:40,42585,26.25
593,6/14/21 20:00,42431.3,26.11
594,6/14/21 20:20,41918.7,25.84
595,6/14/21 20:40,42336.4,26.14
596,6/14/21 21:00,42494.8,26.41
597,6/14/21 21:20,42241.8,26.67
598,6/14/21 21:40,42857.4,27.09
599,6/14/21 22:00,43268.5,27.48
600,6/14/21 22:20,43268.5,27.86
601,6/14/21 22:40,43438,27.98
602,6/14/21 23:00,43785.8,28.33
603,6/14/21 23:20,43553.4,28.3
604,6/14/21 23:40,43487.4,28.1
605,6/15/21 0:00,43181.4,27.88
606,6/15/21 0:20,42986.5,27.65
607,6/15/21 0:40,42868.1,27.47
608,6/15/21 1:00,42675.5,27.46
609,6/15/21 1:20,42970.3,27.41
610,6/15/21 1:40,42868.1,27.31
611,6/15/21 2:00,42868.1,27.29
612,6/15/21 2:20,42916.5,27.25
613,6/15/21 2:40,42884.2,27.17
614,6/15/21 3:00,42632.8,27.09
615,6/15/21 3:20,42712.8,27.21
616,6/15/21 3:40,42782.3,27.14
617,6/15/21 4:00,42691.5,27.11
618,6/15/21 4:20,42420.8,27.14
619,6/15/21 4:40,42027.7,27.1
620,6/15/21 5:00,42803.7,27.29
621,6/15/21 5:20,42389.1,27.53
622,6/15/21 5:40,43192.3,27.93
623,6/15/21 6:00,43377.7,28.21
624,6/15/21 6:20,43509.4,28.51
625,6/15/21 6:40,43465.5,28.6
626,6/15/21 7:00,43197.7,28.43
627,6/15/21 7:20,43383.2,28.32
628,6/15/21 7:40,43192.3,28.14
629,6/15/21 8:00,43186.8,28.05
630,6/15/21 8:20,42814.4,27.88
631,6/15/21 8:40,42873.5,27.73
632,6/15/21 9:00,42718.1,27.63
633,6/15/21 9:20,42638.2,27.54
634,6/15/21 9:40,42659.5,27.43
635,6/15/21 10:00,42574.3,27.32
636,6/15/21 10:20,42484.2,27.25
637,6/15/21 10:40,42553.1,27.24
638,6/15/21 11:00,42526.6,27.26
639,6/15/21 11:20,42558.4,27.26
640,6/15/21 11:40,42648.8,27.19
641,6/15/21 12:00,42558.4,27.2
642,6/15/21 12:20,42632.8,27.24
643,6/15/21 12:40,42611.5,27.3
644,6/15/21 13:00,42755.5,27.57
645,6/15/21 13:20,42803.7,27.72
646,6/15/21 13:40,42997.3,27.86
647,6/15/21 14:00,43067.5,28.06
648,6/15/21 14:20,43203.2,28.38
649,6/15/21 14:40,43089.2,28.54
650,6/15/21 15:00,42975.7,28.51
651,6/15/21 15:20,42058.9,28.36
652,6/15/21 15:40,41918.7,28.15
653,6/15/21 16:00,42032.9,28.05
654,6/15/21 16:20,42179,27.94
655,6/15/21 16:40,42310.1,27.88
656,6/15/21 17:00,42299.6,27.75
657,6/15/21 17:20,42283.8,27.63
658,6/15/21 17:40,42252.3,27.53
659,6/15/21 18:00,42058.9,27.4
660,6/15/21 18:20,42038.1,27.36
661,6/15/21 18:40,42022.5,27.27
662,6/15/21 19:00,42085,27.19
663,6/15/21 19:20,41975.8,27.1
664,6/15/21 19:40,41965.4,27.05
665,6/15/21 20:00,42006.9,26.98
666,6/15/21 20:20,41779.3,26.84
667,6/15/21 20:40,41908.4,26.9
668,6/15/21 21:00,41939.4,27.2
669,6/15/21 21:20,42352.2,27.62
670,6/15/21 21:40,42627.5,28.1
671,6/15/21 22:00,42675.5,28.31
672,6/15/21 22:20,42500.1,28.1
673,6/15/21 22:40,42494.8,28.32
674,6/15/21 23:00,43487.4,28.28
675,6/15/21 23:20,43394.2,28.15
676,6/15/21 23:40,43138,27.93
677,6/16/21 0:00,42787.7,27.79
678,6/16/21 0:20,42585,27.75
679,6/16/21 0:40,42691.5,27.65
680,6/16/21 1:00,42900.3,27.59
681,6/16/21 1:20,43056.7,27.47
682,6/16/21 1:40,42787.7,27.33
683,6/16/21 2:00,42352.2,27.26
684,6/16/21 2:20,42569,27.15
685,6/16/21 2:40,42478.9,27.03
686,6/16/21 3:00,42670.1,26.99
687,6/16/21 3:20,42744.9,26.99
688,6/16/21 3:40,42771.6,26.99
689,6/16/21 4:00,42798.4,26.94
690,6/16/21 4:20,42868.1,26.95
691,6/16/21 4:40,43029.7,27.05
692,6/16/21 5:00,43121.7,27.2
693,6/16/21 5:20,43257.6,27.54
694,6/16/21 5:40,43680.4,27.96
695,6/16/21 6:00,43796.9,28.06
696,6/16/21 6:20,43969.7,28.38
697,6/16/21 6:40,44143.7,28.83
698,6/16/21 7:00,44171.8,29.16
699,6/16/21 7:20,44020.1,28.88
700,6/16/21 7:40,43564.5,28.46
701,6/16/21 8:00,43443.5,28.14
702,6/16/21 8:20,43301.2,27.94
703,6/16/21 8:40,43089.2,27.78
704,6/16/21 9:00,42932.6,27.61
705,6/16/21 9:20,43013.5,27.57
706,6/16/21 9:40,42991.9,27.51
707,6/16/21 10:00,42846.6,27.41
708,6/16/21 10:20,42911.1,27.3
709,6/16/21 10:40,42616.9,27.12
710,6/16/21 11:00,42373.3,26.94
711,6/16/21 11:20,42331.2,26.84
712,6/16/21 11:40,42294.3,26.68
713,6/16/21 12:00,42638.2,26.89
714,6/16/21 12:20,42819.8,27.09
715,6/16/21 12:40,43035.1,27.06
716,6/16/21 13:00,43361.3,27.35
717,6/16/21 13:20,43481.9,27.64
718,6/16/21 13:40,43796.9,28.02
719,6/16/21 14:00,44008.9,28.42
720,6/16/21 14:20,44121.2,28.79
721,6/16/21 14:40,44036.9,28.83
722,6/16/21 15:00,43947.4,28.72
723,6/16/21 15:20,43941.8,28.58
724,6/16/21 15:40,43531.4,27.98
725,6/16/21 16:00,43008.1,27.35
726,6/16/21 16:20,43067.5,27.15
727,6/16/21 16:40,42868.1,26.95
728,6/16/21 17:00,42723.5,26.69
729,6/16/21 17:20,42712.8,26.68
730,6/16/21 17:40,42670.1,26.88
731,6/16/21 18:00,42889.6,26.9
732,6/16/21 18:20,42686.1,26.89
733,6/16/21 18:40,42505.4,26.92
734,6/16/21 19:00,42563.7,26.88
735,6/16/21 19:20,42595.6,26.72
736,6/16/21 19:40,42798.4,26.69
737,6/16/21 20:00,42696.8,26.59
738,6/16/21 20:20,42611.5,26.5
739,6/16/21 20:40,42273.3,26.48
740,6/16/21 21:00,42542.5,26.57
741,6/16/21 21:20,42680.8,27.06
742,6/16/21 21:40,42803.7,27.52
743,6/16/21 22:00,43317.6,27.82
744,6/16/21 22:20,43769.1,28.49
745,6/16/21 22:40,43897.1,28.72
746,6/16/21 23:00,43746.9,28.78
747,6/16/21 23:20,43317.6,27.9
748,6/16/21 23:40,42478.9,27.42
749,6/17/21 0:00,42500.1,27.06
750,6/17/21 0:20,42357.5,26.83
751,6/17/21 0:40,41882.5,26.68
752,6/17/21 1:00,42241.8,26.82
753,6/17/21 1:20,41986.1,26.78
754,6/17/21 1:40,41923.9,26.62
755,6/17/21 2:00,42032.9,26.51
756,6/17/21 2:20,41980.9,26.38
757,6/17/21 2:40,41908.4,26.3
758,6/17/21 3:00,41918.7,26.22
759,6/17/21 3:20,41908.4,26.13
760,6/17/21 3:40,41722.7,25.89
761,6/17/21 4:00,40799.2,25.77
762,6/17/21 4:20,41038.2,25.69
763,6/17/21 4:40,41769,25.89
764,6/17/21 5:00,42079.8,26.47
765,6/17/21 5:20,42336.4,26.92
766,6/17/21 5:40,42803.7,27.52
767,6/17/21 6:00,42696.8,28.06
768,6/17/21 6:20,42959.5,28.23
769,6/17/21 6:40,42179,28.38
770,6/17/21 7:00,43514.9,28.59
771,6/17/21 7:20,43317.6,28.49
772,6/17/21 7:40,42452.5,27.9
773,6/17/21 8:00,42236.6,27.47
774,6/17/21 8:20,41970.6,27.22
775,6/17/21 8:40,42069.4,27.14
776,6/17/21 9:00,41923.9,26.94
777,6/17/21 9:20,41836,26.83
778,6/17/21 9:40,41784.4,26.66
779,6/17/21 10:00,41717.5,26.55
780,6/17/21 10:20,41640.6,26.4
781,6/17/21 10:40,41517.9,26.29
782,6/17/21 11:00,41533.2,26.25
783,6/17/21 11:20,41528.1,26.18
784,6/17/21 11:40,41426.3,26.08
785,6/17/21 12:00,41385.7,25.89
786,6/17/21 12:20,41203.8,25.69
787,6/17/21 12:40,41264.3,25.83
788,6/17/21 13:00,41789.6,26.55
789,6/17/21 13:20,42574.3,27.42
790,6/17/21 13:40,42163.3,27.41
791,6/17/21 14:00,42452.5,27.48
792,6/17/21 14:20,42473.6,27.48
793,6/17/21 14:40,42173.8,27.56
794,6/17/21 15:00,42090.2,27.7
795,6/17/21 15:20,42723.5,27.84
796,6/17/21 15:40,42111.1,27.47
797,6/17/21 16:00,41908.4,27.24
798,6/17/21 16:20,41451.7,26.93
799,6/17/21 16:40,41615,26.79
800,6/17/21 17:00,41666.2,26.67
801,6/17/21 17:20,41620.1,26.59
802,6/17/21 17:40,41717.5,26.55
803,6/17/21 18:00,41758.7,26.82
804,6/17/21 18:20,41743.2,26.78
805,6/17/21 18:40,41774.1,26.59
806,6/17/21 19:00,41691.8,26.38
807,6/17/21 19:20,41528.1,26.16
808,6/17/21 19:40,41375.6,25.88
809,6/17/21 20:00,41436.5,25.93
810,6/17/21 20:20,40853.8,25.89
811,6/17/21 20:40,41630.3,26.61
812,6/17/21 21:00,42215.6,27.04
813,6/17/21 21:20,42579.7,27.56
814,6/17/21 21:40,42728.8,27.86
815,6/17/21 22:00,43051.3,28.17
816,6/17/21 22:20,43902.7,28.38
817,6/17/21 22:40,43547.9,28.2
818,6/17/21 23:00,43312.1,28.07
819,6/17/21 23:20,43062.1,28.05
820,6/17/21 23:40,42954.2,27.8
821,6/18/21 0:00,42675.5,27.61
822,6/18/21 0:20,42760.9,27.48
823,6/18/21 0:40,42702.1,27.29
824,6/18/21 1:00,42558.4,27.03
825,6/18/21 1:20,42420.8,26.85
826,6/18/21 1:40,42463,26.82
827,6/18/21 2:00,42463,26.83
828,6/18/21 2:20,42410.2,26.71
829,6/18/21 2:40,42085,26.34
830,6/18/21 3:00,41918.7,26.2
831,6/18/21 3:20,41810.2,25.98
832,6/18/21 3:40,41712.4,25.83
833,6/18/21 4:00,41676.5,25.71
834,6/18/21 4:20,41558.7,25.87
835,6/18/21 4:40,42121.5,26.37
836,6/18/21 5:00,42997.3,27.22
837,6/18/21 5:20,42895,27.24
838,6/18/21 5:40,43100,27.72
839,6/18/21 6:00,42895,27.78
840,6/18/21 6:20,42793,27.45
841,6/18/21 6:40,42686.1,27.17
842,6/18/21 7:00,42537.2,27.03
843,6/18/21 7:20,42420.8,26.85
844,6/18/21 7:40,41702.1,26.67
845,6/18/21 8:00,41319.9,26.47
846,6/18/21 8:20,41284.5,26.25
847,6/18/21 8:40,41173.6,26.19
848,6/18/21 9:00,41048.2,25.99
849,6/18/21 9:20,41163.5,26
850,6/18/21 9:40,41395.8,26.16
851,6/18/21 10:00,41492.4,26.3
852,6/18/21 10:20,41661.1,26.29
853,6/18/21 10:40,41345.2,26.14
854,6/18/21 11:00,41355.3,25.88
855,6/18/21 11:20,41193.7,25.64
856,6/18/21 11:40,40988.2,25.52
857,6/18/21 12:00,41023.2,25.41
858,6/18/21 12:20,40953.3,25.2
859,6/18/21 12:40,41003.2,25.5
860,6/18/21 13:00,41183.6,25.98
861,6/18/21 13:20,41203.8,26.4
862,6/18/21 13:40,41467,26.75
863,6/18/21 14:00,42320.6,27.2
864,6/18/21 14:20,42231.4,27.41
865,6/18/21 14:40,42463,27.62
866,6/18/21 15:00,42547.8,27.72
867,6/18/21 15:20,42852,27.77
868,6/18/21 15:40,42147.6,27.57
869,6/18/21 16:00,42426,27.48
870,6/18/21 16:20,42336.4,27.35
871,6/18/21 16:40,42494.8,27.24
872,6/18/21 17:00,42341.7,27.14
873,6/18/21 17:20,42147.6,27.17
874,6/18/21 17:40,42184.2,27.09
875,6/18/21 18:00,42420.8,27.06
876,6/18/21 18:20,42452.5,27.05
877,6/18/21 18:40,42194.7,26.94
878,6/18/21 19:00,42220.9,26.88
879,6/18/21 19:20,42210.4,26.75
880,6/18/21 19:40,42006.9,26.64
881,6/18/21 20:00,41882.5,26.58
882,6/18/21 20:20,41635.4,26.48
883,6/18/21 20:40,42304.9,26.78
884,6/18/21 21:00,42142.4,26.87
885,6/18/21 21:20,42526.6,27.15
886,6/18/21 21:40,42325.9,27.37
887,6/18/21 22:00,42547.8,27.65
888,6/18/21 22:20,42362.7,27.8
889,6/18/21 22:40,42766.2,28.07
890,6/18/21 23:00,42707.5,28.11
891,6/18/21 23:20,42622.2,28.02
892,6/18/21 23:40,42252.3,27.75
893,6/19/21 0:00,42147.6,27.64
894,6/19/21 0:20,41882.5,27.58
895,6/19/21 0:40,41763.8,27.54
896,6/19/21 1:00,41805,27.45
897,6/19/21 1:20,41774.1,27.37
898,6/19/21 1:40,41620.1,27.31
899,6/19/21 2:00,41400.9,27.2
900,6/19/21 2:20,41173.6,27.16
901,6/19/21 2:40,41193.7,27.03
902,6/19/21 3:00,41304.7,26.98
903,6/19/21 3:20,41294.6,26.99
904,6/19/21 3:40,41178.6,26.94
905,6/19/21 4:00,41304.7,26.93
906,6/19/21 4:20,41203.8,26.89
907,6/19/21 4:40,40988.2,27.06
908,6/19/21 5:00,41681.6,27.38
909,6/19/21 5:20,41630.3,27.51
910,6/19/21 5:40,41512.8,27.58
911,6/19/21 6:00,41661.1,27.74
912,6/19/21 6:20,41691.8,28
913,6/19/21 6:40,41784.4,28.28
914,6/19/21 7:00,41625.2,28.31
915,6/19/21 7:20,41558.7,28.31
916,6/19/21 7:40,41113.3,28.06
917,6/19/21 8:00,41088.2,27.91
918,6/19/21 8:20,40611.7,27.75
919,6/19/21 8:40,40779.4,27.64
920,6/19/21 9:00,40411,27.47
921,6/19/21 9:20,40557.7,27.31
922,6/19/21 9:40,40323.4,27.14
923,6/19/21 10:00,40144.3,27.03
924,6/19/21 10:20,40435.4,27
925,6/19/21 10:40,40372,26.89
926,6/19/21 11:00,40352.6,26.82
927,6/19/21 11:20,40274.9,26.77
928,6/19/21 11:40,40192.6,26.64
929,6/19/21 12:00,40182.9,26.51
930,6/19/21 12:20,40105.8,26.48
931,6/19/21 12:40,40154,26.5
932,6/19/21 13:00,40091.3,26.61
933,6/19/21 13:20,40202.2,27.05
934,6/19/21 13:40,40547.9,27.54
935,6/19/21 14:00,40572.4,27.63
936,6/19/21 14:20,40115.4,28.05
937,6/19/21 14:40,40769.5,28.33
938,6/19/21 15:00,40656,28.21
939,6/19/21 15:20,40557.7,28.06
940,6/19/21 15:40,40274.9,27.84
941,6/19/21 16:00,39990.5,27.67
942,6/19/21 16:20,40067.3,27.49
943,6/19/21 16:40,39914,27.41
944,6/19/21 17:00,39971.4,27.4
945,6/19/21 17:20,39450.5,27.29
946,6/19/21 17:40,39652.8,27.22
947,6/19/21 18:00,39610.3,27.15
948,6/19/21 18:20,39403.8,27.06
949,6/19/21 18:40,39832.9,26.94
950,6/19/21 19:00,39766.4,26.82
951,6/19/21 19:20,39643.3,26.56
952,6/19/21 19:40,39600.9,26.47
953,6/19/21 20:00,39530.3,26.38
954,6/19/21 20:20,39162,26.36
955,6/19/21 20:40,39638.6,26.48
956,6/19/21 21:00,39980.9,27.03
957,6/19/21 21:20,39909.2,27.49
958,6/19/21 21:40,39624.4,27.89
959,6/19/21 22:00,39600.9,28.21
960,6/19/21 22:20,41319.9,28.28
961,6/19/21 22:40,43377.7,28.33
962,6/19/21 23:00,44211.3,28.44
963,6/19/21 23:20,44563.2,28.32
964,6/19/21 23:40,44284.7,28.1
965,6/20/21 0:00,44313,27.95
966,6/20/21 0:20,44177.5,27.82
967,6/20/21 0:40,44205.6,27.7
968,6/20/21 1:00,44121.2,27.64
969,6/20/21 1:20,44042.5,27.49
970,6/20/21 1:40,44081.8,27.37
971,6/20/21 2:00,43891.6,27.19
972,6/20/21 2:20,43802.5,27.01
973,6/20/21 2:40,43697.1,26.79
974,6/20/21 3:00,43547.9,26.66
975,6/20/21 3:20,43503.9,26.57
976,6/20/21 3:40,43361.3,26.47
977,6/20/21 4:00,43186.8,26.34
978,6/20/21 4:20,43056.7,26.15
979,6/20/21 4:40,43170.5,26.22
980,6/20/21 5:00,43503.9,26.79
981,6/20/21 5:20,43570,27.19
982,6/20/21 5:40,44121.2,27.67
983,6/20/21 6:00,44205.6,27.82
984,6/20/21 6:20,44014.5,27.65
985,6/20/21 6:40,43719.2,27.61
986,6/20/21 7:00,43089.2,27.46
987,6/20/21 7:20,43252.1,27.36
988,6/20/21 7:40,43100,27.15
989,6/20/21 8:00,43159.7,27.03
990,6/20/21 8:20,43056.7,26.9
991,6/20/21 8:40,42760.9,26.92
992,6/20/21 9:00,42441.9,26.62
993,6/20/21 9:20,42622.2,26.71
994,6/20/21 9:40,42468.3,26.69
995,6/20/21 10:00,42441.9,26.59
996,6/20/21 10:20,42563.7,26.5
997,6/20/21 10:40,42553.1,26.4
998,6/20/21 11:00,42468.3,26.26
999,6/20/21 11:20,42368,26.14
1000,6/20/21 11:40,42868.1,26.5
1001,6/20/21 12:00,42712.8,26.38
1002,6/20/21 12:20,42702.1,26.45
1003,6/20/21 12:40,41882.5,26.3
1004,6/20/21 13:00,42484.2,26.36
1005,6/20/21 13:20,42819.8,26.58
1006,6/20/21 13:40,42750.2,26.59
1007,6/20/21 14:00,43083.8,26.75
1008,6/20/21 14:20,43089.2,26.75
1009,6/20/21 14:40,42798.4,26.82
1010,6/20/21 15:00,42970.3,26.9
1011,6/20/21 15:20,42627.5,26.48
1012,6/20/21 15:40,42569,26.36
1013,6/20/21 16:00,42278.6,26.11
1014,6/20/21 16:20,42310.1,26.09
1015,6/20/21 16:40,42163.3,26.06
1016,6/20/21 17:00,42215.6,26
1017,6/20/21 17:20,42268.1,25.9
1018,6/20/21 17:40,42090.2,25.87
1019,6/20/21 18:00,42210.4,25.99
1020,6/20/21 18:20,42373.3,25.82
1021,6/20/21 18:40,42310.1,25.71
1022,6/20/21 19:00,41970.6,25.58
1023,6/20/21 19:20,42038.1,25.47
1024,6/20/21 19:40,41991.3,25.56
1025,6/20/21 20:00,42241.8,25.62
1026,6/20/21 20:20,42336.4,25.81
1027,6/20/21 20:40,42304.9,25.92
1028,6/20/21 21:00,42563.7,26.31
1029,6/20/21 21:20,42378.6,26.29
1030,6/20/21 21:40,42310.1,26.32
1031,6/20/21 22:00,43143.4,27.1
1032,6/20/21 22:20,43913.9,27.46
1033,6/20/21 22:40,43919.5,27.3
1034,6/20/21 23:00,43919.5,27.26
1035,6/20/21 23:20,43802.5,27.12
1036,6/20/21 23:40,43503.9,26.92
1037,6/21/21 0:00,43241.2,26.63
1038,6/21/21 0:20,43230.4,26.45
1039,6/21/21 0:40,43214,26.32
1040,6/21/21 1:00,43018.9,26.15
1041,6/21/21 1:20,42997.3,26.13
1042,6/21/21 1:40,42981.1,26.01
1043,6/21/21 2:00,42981.1,25.95
1044,6/21/21 2:20,42889.6,25.85
1045,6/21/21 2:40,42793,25.81
1046,6/21/21 3:00,42814.4,25.77
1047,6/21/21 3:20,42798.4,25.69
1048,6/21/21 3:40,42728.8,25.57
1049,6/21/21 4:00,42622.2,25.41
1050,6/21/21 4:20,42463,25.2
1051,6/21/21 4:40,42516,25.27
1052,6/21/21 5:00,42734.2,25.73
1053,6/21/21 5:20,43427,26.46
1054,6/21/21 5:40,43796.9,26.87
1055,6/21/21 6:00,43986.5,27.33
1056,6/21/21 6:20,44109.9,27.68
1057,6/21/21 6:40,44138,27.78
1058,6/21/21 7:00,44171.8,27.93
1059,6/21/21 7:20,43925,27.78
1060,6/21/21 7:40,42595.6,27.57
1061,6/21/21 8:00,43438,27.64
1062,6/21/21 8:20,43614.1,27.64
1063,6/21/21 8:40,43891.6,27.7
1064,6/21/21 9:00,43964.2,27.7
1065,6/21/21 9:20,43663.8,27.37
1066,6/21/21 9:40,43636.2,27.26
1067,6/21/21 10:00,43769.1,27.31
1068,6/21/21 10:20,43808,27.3
1069,6/21/21 10:40,43780.2,27.27
1070,6/21/21 11:00,43536.9,26.88
1071,6/21/21 11:20,43416.1,26.89
1072,6/21/21 11:40,43443.5,26.73
1073,6/21/21 12:00,43008.1,26.35
1074,6/21/21 12:20,43208.6,26.46
1075,6/21/21 12:40,43029.7,26.66
1076,6/21/21 13:00,43040.5,27.08
1077,6/21/21 13:20,43969.7,27.67
1078,6/21/21 13:40,44014.5,27.49
1079,6/21/21 14:00,43824.7,27.63
1080,6/21/21 14:20,44352.7,28.02
1081,6/21/21 14:40,43958.6,28.27
1082,6/21/21 15:00,43121.7,28.49
1083,6/21/21 15:20,41183.6,27.36
1084,6/21/21 15:40,43214,27.73
1085,6/21/21 16:00,43498.4,27.58
1086,6/21/21 16:20,43619.6,27.56
1087,6/21/21 16:40,43663.8,27.4
1088,6/21/21 17:00,43647.3,27.42
1089,6/21/21 17:20,43663.8,27.26
1090,6/21/21 17:40,43525.9,27.25
1091,6/21/21 18:00,43586.5,27.16
1092,6/21/21 18:20,43487.4,26.99
1093,6/21/21 18:40,43421.6,26.87
1094,6/21/21 19:00,43257.6,26.71
1095,6/21/21 19:20,43056.7,26.64
1096,6/21/21 19:40,42884.2,26.45
1097,6/21/21 20:00,42415.5,26.37
1098,6/21/21 20:20,43013.5,26.48
1099,6/21/21 20:40,43350.4,26.69
1100,6/21/21 21:00,43830.3,27.12
1101,6/21/21 21:20,43647.3,27.03
1102,6/21/21 21:40,43427,26.82
1103,6/21/21 22:00,43432.5,26.71
1104,6/21/21 22:20,43132.6,26.68
1105,6/21/21 22:40,43181.4,26.71
1106,6/21/21 23:00,42814.4,26.61
1107,6/21/21 23:20,41712.4,26.42
1108,6/21/21 23:40,42199.9,26.31
1109,6/22/21 0:00,41882.5,25.99
1110,6/22/21 0:20,41769,25.93
1111,6/22/21 0:40,41903.2,25.9
1112,6/22/21 1:00,41661.1,25.74
1113,6/22/21 1:20,41949.8,25.83
1114,6/22/21 1:40,42079.8,25.83
1115,6/22/21 2:00,42336.4,25.99
1116,6/22/21 2:20,42473.6,26.11
1117,6/22/21 2:40,42346.9,25.99
1118,6/22/21 3:00,42252.3,25.78
1119,6/22/21 3:20,42105.9,25.63
1120,6/22/21 3:40,41934.3,25.44
1121,6/22/21 4:00,41018.2,24.88
1122,6/22/21 4:20,41446.6,25.14
1123,6/22/21 4:40,41650.8,25.5
1124,6/22/21 5:00,42315.4,26.25
1125,6/22/21 5:20,42569,26.59
1126,6/22/21 5:40,42857.4,26.94
1127,6/22/21 6:00,42627.5,27.14
1128,6/22/21 6:20,42595.6,27.43
1129,6/22/21 6:40,43350.4,27.88
1130,6/22/21 7:00,42991.9,27.95
1131,6/22/21 7:20,43078.4,27.93
1132,6/22/21 7:40,42505.4,27.8
1133,6/22/21 8:00,42038.1,27.4
1134,6/22/21 8:20,42012.1,27.27
1135,6/22/21 8:40,41903.2,27.1
1136,6/22/21 9:00,41779.3,26.98
1137,6/22/21 9:20,41851.5,26.96
1138,6/22/21 9:40,42038.1,27.14
1139,6/22/21 10:00,42111.1,27.1
1140,6/22/21 10:20,41975.8,27.03
1141,6/22/21 10:40,41918.7,26.85
1142,6/22/21 11:00,41655.9,26.55
1143,6/22/21 11:20,41538.3,26.35
1144,6/22/21 11:40,41380.6,26.13
1145,6/22/21 12:00,41274.4,25.84
1146,6/22/21 12:20,41123.3,25.55
1147,6/22/21 12:40,40670.8,25.64
1148,6/22/21 13:00,40888.6,26.11
1149,6/22/21 13:20,41732.9,27.04
1150,6/22/21 13:40,42184.2,27.3
1151,6/22/21 14:00,41887.7,27.64
1152,6/22/21 14:20,41929.1,27.73
1153,6/22/21 14:40,42012.1,27.73
1154,6/22/21 15:00,41856.6,27.88
1155,6/22/21 15:20,41882.5,27.91
1156,6/22/21 15:40,41360.4,27.82
1157,6/22/21 16:00,41451.7,27.58
1158,6/22/21 16:20,41375.6,27.49
1159,6/22/21 16:40,41431.4,27.33
1160,6/22/21 17:00,41553.6,27.29
1161,6/22/21 17:20,41365.4,27.19
1162,6/22/21 17:40,41487.3,27.08
1163,6/22/21 18:00,41416.1,27.11
1164,6/22/21 18:20,41395.8,26.95
1165,6/22/21 18:40,41183.6,26.77
1166,6/22/21 19:00,41163.5,26.61
1167,6/22/21 19:20,41073.2,26.4
1168,6/22/21 19:40,41043.2,26.11
1169,6/22/21 20:00,40406.1,25.89
1170,6/22/21 20:20,40494,25.84
1171,6/22/21 20:40,41163.5,26.43
1172,6/22/21 21:00,41846.3,26.99
1173,6/22/21 21:20,42173.8,27.31
1174,6/22/21 21:40,42173.8,27.32
1175,6/22/21 22:00,42194.7,27.48
1176,6/22/21 22:20,42368,27.78
1177,6/22/21 22:40,42268.1,27.85
1178,6/22/21 23:00,42268.1,27.98
1179,6/22/21 23:20,42079.8,27.91
1180,6/22/21 23:40,41543.4,27.49
1181,6/23/21 0:00,41058.2,26.88
1182,6/23/21 0:20,40494,26.57
1183,6/23/21 0:40,40391.5,26.36
1184,6/23/21 1:00,40459.8,26.36
1185,6/23/21 1:20,40425.6,26.29
1186,6/23/21 1:40,40508.7,26.26
1187,6/23/21 2:00,40474.5,26.15
1188,6/23/21 2:20,40498.9,26.14
1189,6/23/21 2:40,40503.8,26.09
1190,6/23/21 3:00,40484.2,26.04
1191,6/23/21 3:20,40391.5,25.85
1192,6/23/21 3:40,40318.5,25.73
1193,6/23/21 4:00,40052.9,25.45
1194,6/23/21 4:20,39203.7,25.46
1195,6/23/21 4:40,39723.7,25.63
1196,6/23/21 5:00,40908.5,26.53
1197,6/23/21 5:20,41083.2,26.87
1198,6/23/21 5:40,41108.3,27.08
1199,6/23/21 6:00,41193.7,27.15
1200,6/23/21 6:20,40898.5,27.35
1201,6/23/21 6:40,40562.6,27.41
1202,6/23/21 7:00,40274.9,27.53
1203,6/23/21 7:20,40445.1,27.42
1204,6/23/21 7:40,40154,27.21
1205,6/23/21 8:00,40411,27.19
1206,6/23/21 8:20,40943.3,27
1207,6/23/21 8:40,41003.2,26.85
1208,6/23/21 9:00,40943.3,26.77
1209,6/23/21 9:20,40749.8,26.72
1210,6/23/21 9:40,41003.2,26.98
1211,6/23/21 10:00,41148.4,27.01
1212,6/23/21 10:20,41123.3,26.93
1213,6/23/21 10:40,41028.2,26.82
1214,6/23/21 11:00,41098.3,26.75
1215,6/23/21 11:20,40983.2,26.66
1216,6/23/21 11:40,40963.3,26.57
1217,6/23/21 12:00,40943.3,26.47
1218,6/23/21 12:20,40848.8,26.47
1219,6/23/21 12:40,40819.1,26.45
1220,6/23/21 13:00,41178.6,26.83
1221,6/23/21 13:20,41078.2,26.79
1222,6/23/21 13:40,40764.6,26.75
1223,6/23/21 14:00,40357.4,27.12
1224,6/23/21 14:20,40725,27.36
1225,6/23/21 14:40,41923.9,27.61
1226,6/23/21 15:00,41411.1,27.51
1227,6/23/21 15:20,41360.4,27.46
1228,6/23/21 15:40,41193.7,27.38
1229,6/23/21 16:00,41048.2,27.26
1230,6/23/21 16:20,41018.2,27.12
1231,6/23/21 16:40,40988.2,27.03
1232,6/23/21 17:00,40973.2,26.93
1233,6/23/21 17:20,40948.3,26.84
1234,6/23/21 17:40,40958.3,26.85
1235,6/23/21 18:00,41008.2,26.79
1236,6/23/21 18:20,41028.2,26.79
1237,6/23/21 18:40,40993.2,26.72
1238,6/23/21 19:00,40963.3,26.62
1239,6/23/21 19:20,40893.5,26.48
1240,6/23/21 19:40,40734.9,26.35
1241,6/23/21 20:00,40577.3,26.21
1242,6/23/21 20:20,40685.6,26.18
1243,6/23/21 20:40,40764.6,26.3
1244,6/23/21 21:00,40784.4,26.3
1245,6/23/21 21:20,40616.6,26.31
1246,6/23/21 21:40,40695.4,26.48
1247,6/23/21 22:00,40888.6,27.04
1248,6/23/21 22:20,41584.3,27.74
1249,6/23/21 22:40,41661.1,28.04
1250,6/23/21 23:00,41635.4,28.28
1251,6/23/21 23:20,41528.1,28.09
1252,6/23/21 23:40,41223.9,27.9
1253,6/24/21 0:00,41103.3,27.7
1254,6/24/21 0:20,41153.5,27.64
1255,6/24/21 0:40,41078.2,27.58
1256,6/24/21 1:00,41103.3,27.45
1257,6/24/21 1:20,41088.2,27.29
1258,6/24/21 1:40,41088.2,27.2
1259,6/24/21 2:00,40998.2,27.11
1260,6/24/21 2:20,41088.2,27.04
1261,6/24/21 2:40,41118.3,27.03
1262,6/24/21 3:00,41043.2,26.89
1263,6/24/21 3:20,40953.3,26.84
1264,6/24/21 3:40,40873.7,26.63
1265,6/24/21 4:00,40943.3,26.56
1266,6/24/21 4:20,40893.5,26.64
1267,6/24/21 4:40,40799.2,26.67
1268,6/24/21 5:00,41088.2,27.05
1269,6/24/21 5:20,40973.2,27.37
1270,6/24/21 5:40,41579.2,27.68
1271,6/24/21 6:00,41543.4,27.94
1272,6/24/21 6:20,41867,28.28
1273,6/24/21 6:40,42012.1,28.42
1274,6/24/21 7:00,42043.3,28.46
1275,6/24/21 7:20,41138.4,28.1
1276,6/24/21 7:40,40993.2,27.89
1277,6/24/21 8:00,41198.7,27.84
1278,6/24/21 8:20,41264.3,27.73
1279,6/24/21 8:40,41138.4,27.54
1280,6/24/21 9:00,41173.6,27.52
1281,6/24/21 9:20,41178.6,27.46
1282,6/24/21 9:40,41118.3,27.33
1283,6/24/21 10:00,41183.6,27.19
1284,6/24/21 10:20,41148.4,27.1
1285,6/24/21 10:40,41078.2,27.08
1286,6/24/21 11:00,40978.2,26.99
1287,6/24/21 11:20,40903.5,26.85
1288,6/24/21 11:40,40863.7,26.77
1289,6/24/21 12:00,40769.5,26.72
1290,6/24/21 12:20,41068.2,26.68
1291,6/24/21 12:40,41158.5,26.79
1292,6/24/21 13:00,41477.2,27.32
1293,6/24/21 13:20,41794.7,27.61
1294,6/24/21 13:40,41846.3,27.43
1295,6/24/21 14:00,41908.4,27.51
1296,6/24/21 14:20,41748.4,27.53
1297,6/24/21 14:40,41456.8,27.68
1298,6/24/21 15:00,41738.1,27.62
1299,6/24/21 15:20,43154.3,27.4
1300,6/24/21 15:40,42766.2,27.14
1301,6/24/21 16:00,42436.6,26.94
1302,6/24/21 16:20,42336.4,26.84
1303,6/24/21 16:40,42085,26.64
1304,6/24/21 17:00,41965.4,26.56
1305,6/24/21 17:20,41867,26.53
1306,6/24/21 17:40,42022.5,26.67
1307,6/24/21 18:00,42038.1,26.69
1308,6/24/21 18:20,42131.9,26.64
1309,6/24/21 18:40,42362.7,26.74
1310,6/24/21 19:00,42022.5,26.56
1311,6/24/21 19:20,42194.7,26.57
1312,6/24/21 19:40,41758.7,26.26
1313,6/24/21 20:00,41861.8,26.2
1314,6/24/21 20:20,41949.8,26.2
1315,6/24/21 20:40,42236.6,26.37
1316,6/24/21 21:00,42199.9,26.56
1317,6/24/21 21:20,42494.8,26.92
1318,6/24/21 21:40,42798.4,27.48
1319,6/24/21 22:00,43181.4,27.47
1320,6/24/21 22:20,43203.2,27.62
1321,6/24/21 22:40,43235.8,27.52
1322,6/24/21 23:00,42991.9,27.31
1323,6/24/21 23:20,42205.2,27.7
1324,6/24/21 23:40,42441.9,27.31
1325,6/25/21 0:00,42378.6,27.11
1326,6/25/21 0:20,42299.6,26.9
1327,6/25/21 0:40,42226.1,26.68
1328,6/25/21 1:00,42111.1,26.47
1329,6/25/21 1:20,41980.9,26.3
1330,6/25/21 1:40,41934.3,26.16
1331,6/25/21 2:00,41872.2,25.97
1332,6/25/21 2:20,41794.7,25.79
1333,6/25/21 2:40,41635.4,25.55
1334,6/25/21 3:00,41365.4,25.25
1335,6/25/21 3:20,41284.5,25.23
1336,6/25/21 3:40,41395.8,25.42
1337,6/25/21 4:00,41375.6,25.24
1338,6/25/21 4:20,41304.7,25.07
1339,6/25/21 4:40,41615,25.14
1340,6/25/21 5:00,41609.8,25.57
1341,6/25/21 5:20,42278.6,26.42
1342,6/25/21 5:40,42964.9,27.42
1343,6/25/21 6:00,42468.3,28.1
1344,6/25/21 6:20,42707.5,28.89
1345,6/25/21 6:40,42760.9,29.15
1346,6/25/21 7:00,43525.9,29.01
1347,6/25/21 7:20,43465.5,28.88
1348,6/25/21 7:40,43219.5,28.38
1349,6/25/21 8:00,42959.5,28.05
1350,6/25/21 8:20,42943.4,27.69
1351,6/25/21 8:40,42760.9,27.33
1352,6/25/21 9:00,42659.5,27.2
1353,6/25/21 9:20,42616.9,27.01
1354,6/25/21 9:40,42404.9,26.71
1355,6/25/21 10:00,42368,26.66
1356,6/25/21 10:20,42531.9,26.68
1357,6/25/21 10:40,42526.6,26.58
1358,6/25/21 11:00,42410.2,26.42
1359,6/25/21 11:20,42468.3,26.34
1360,6/25/21 11:40,42325.9,26.24
1361,6/25/21 12:00,42346.9,26.13
1362,6/25/21 12:20,42473.6,26.31
1363,6/25/21 12:40,42590.3,26.47
1364,6/25/21 13:00,42611.5,26.59
1365,6/25/21 13:20,42766.2,26.68
1366,6/25/21 13:40,42696.8,26.57
1367,6/25/21 14:00,42696.8,26.58
1368,6/25/21 14:20,42718.1,26.72
1369,6/25/21 14:40,42654.1,26.94
1370,6/25/21 15:00,42819.8,26.99
1371,6/25/21 15:20,42616.9,26.85
1372,6/25/21 15:40,42210.4,26.59
1373,6/25/21 16:00,42278.6,26.48
1374,6/25/21 16:20,42163.3,26.34
1375,6/25/21 16:40,42116.3,26.29
1376,6/25/21 17:00,42158.1,26.24
1377,6/25/21 17:20,42058.9,26.21
1378,6/25/21 17:40,42147.6,26.25
1379,6/25/21 18:00,42142.4,26.22
1380,6/25/21 18:20,41970.6,26.04
1381,6/25/21 18:40,41939.4,25.95
1382,6/25/21 19:00,41955,25.9
1383,6/25/21 19:20,41949.8,25.82
1384,6/25/21 19:40,41882.5,25.72
1385,6/25/21 20:00,41758.7,25.63
1386,6/25/21 20:20,41934.3,25.69
1387,6/25/21 20:40,41861.8,25.78
1388,6/25/21 21:00,42152.8,26.09
1389,6/25/21 21:20,42415.5,26.37
1390,6/25/21 21:40,42473.6,26.58
1391,6/25/21 22:00,42569,26.85
1392,6/25/21 22:20,42622.2,27.1
1393,6/25/21 22:40,42712.8,27.36
1394,6/25/21 23:00,42766.2,27.48
1395,6/25/21 23:20,42537.2,27.38
1396,6/25/21 23:40,41970.6,26.84
1397,6/26/21 0:00,41743.2,26.63
1398,6/26/21 0:20,41635.4,26.46
1399,6/26/21 0:40,41523,26.35
1400,6/26/21 1:00,41594.5,26.36
1401,6/26/21 1:20,41681.6,26.41
1402,6/26/21 1:40,41732.9,26.4
1403,6/26/21 2:00,41903.2,26.72
1404,6/26/21 2:20,41975.8,26.78
1405,6/26/21 2:40,41996.5,26.74
1406,6/26/21 3:00,41913.5,26.68
1407,6/26/21 3:20,41882.5,26.62
1408,6/26/21 3:40,41908.4,26.58
1409,6/26/21 4:00,41887.7,26.56
1410,6/26/21 4:20,41965.4,26.58
1411,6/26/21 4:40,42048.5,26.63
1412,6/26/21 5:00,42262.8,26.8
1413,6/26/21 5:20,42236.6,26.93
1414,6/26/21 5:40,41996.5,26.93
1415,6/26/21 6:00,42241.8,27.33
1416,6/26/21 6:20,42415.5,27.62
1417,6/26/21 6:40,42022.5,27.67
1418,6/26/21 7:00,42173.8,27.67
1419,6/26/21 7:20,41949.8,27.68
1420,6/26/21 7:40,41856.6,27.48
1421,6/26/21 8:00,41774.1,27.38
1422,6/26/21 8:20,41671.3,27.27
1423,6/26/21 8:40,41686.7,27.2
1424,6/26/21 9:00,41625.2,27.1
1425,6/26/21 9:20,41558.7,27.01
1426,6/26/21 9:40,41523,26.95
1427,6/26/21 10:00,41630.3,26.94
1428,6/26/21 10:20,41620.1,26.85
1429,6/26/21 10:40,41528.1,26.79
1430,6/26/21 11:00,41487.3,26.71
1431,6/26/21 11:20,41497.5,26.64
1432,6/26/21 11:40,41411.1,26.55
1433,6/26/21 12:00,41375.6,26.46
1434,6/26/21 12:20,41400.9,26.47
1435,6/26/21 12:40,41574.1,26.63
1436,6/26/21 13:00,41882.5,26.93
1437,6/26/21 13:20,41758.7,27.11
1438,6/26/21 13:40,42262.8,27.38
1439,6/26/21 14:00,42069.4,27.63
1440,6/26/21 14:20,42383.8,27.93
1441,6/26/21 14:40,41923.9,28.07
1442,6/26/21 15:00,41707.3,28.14
1443,6/26/21 15:20,40923.4,28.07
1444,6/26/21 15:40,40903.5,28.07
1445,6/26/21 16:00,41173.6,27.93
1446,6/26/21 16:20,41088.2,27.75
1447,6/26/21 16:40,41269.3,27.63
1448,6/26/21 17:00,41436.5,27.54
1449,6/26/21 17:20,41472.1,27.48
1450,6/26/21 17:40,41568.9,27.43
1451,6/26/21 18:00,41482.2,27.35
1452,6/26/21 18:20,41507.7,27.25
1453,6/26/21 18:40,41538.3,27.16
1454,6/26/21 19:00,41426.3,27.09
1455,6/26/21 19:20,41426.3,27.05
1456,6/26/21 19:40,41426.3,27.04
1457,6/26/21 20:00,41365.4,26.99
1458,6/26/21 20:20,41400.9,26.99
1459,6/26/21 20:40,41426.3,27.06
1460,6/26/21 21:00,41523,27.31
1461,6/26/21 21:20,41697,27.53
1462,6/26/21 21:40,41482.2,27.85
1463,6/26/21 22:00,41934.3,28.2
1464,6/26/21 22:20,41722.7,28.44
1465,6/26/21 22:40,41697,28.69
1466,6/26/21 23:00,41872.2,28.78
1467,6/26/21 23:20,41841.2,28.54
1468,6/26/21 23:40,41441.5,28.27
1469,6/27/21 0:00,41451.7,28.15
1470,6/27/21 0:20,41340.1,28.09
1471,6/27/21 0:40,41213.8,27.9
1472,6/27/21 1:00,41188.7,27.7
1473,6/27/21 1:20,41143.4,27.65
1474,6/27/21 1:40,41083.2,27.53
1475,6/27/21 2:00,40883.6,27.41
1476,6/27/21 2:20,40913.4,27.38
1477,6/27/21 2:40,40953.3,27.35
1478,6/27/21 3:00,40833.9,27.26
1479,6/27/21 3:20,40784.4,27.17
1480,6/27/21 3:40,40819.1,27.12
1481,6/27/21 4:00,40843.9,27.08
1482,6/27/21 4:20,40670.8,27.04
1483,6/27/21 4:40,40764.6,27.19
1484,6/27/21 5:00,40888.6,27.36
1485,6/27/21 5:20,41153.5,27.78
1486,6/27/21 5:40,41178.6,28.1
1487,6/27/21 6:00,42121.5,28.41
1488,6/27/21 6:20,42299.6,28.52
1489,6/27/21 6:40,42680.8,28.84
1490,6/27/21 7:00,42500.1,28.68
1491,6/27/21 7:20,42299.6,28.62
1492,6/27/21 7:40,41960.2,28.44
1493,6/27/21 8:00,42074.6,28.41
1494,6/27/21 8:20,42043.3,28.2
1495,6/27/21 8:40,41955,27.96
1496,6/27/21 9:00,41965.4,27.85
1497,6/27/21 9:20,41939.4,27.75
1498,6/27/21 9:40,41867,27.61
1499,6/27/21 10:00,40983.2,27.49
1500,6/27/21 10:20,42095.4,27.36
1501,6/27/21 10:40,42111.1,27.27
1502,6/27/21 11:00,42100.6,27.22
1503,6/27/21 11:20,42064.2,27.15
1504,6/27/21 11:40,42032.9,27.06
1505,6/27/21 12:00,41975.8,27.03
1506,6/27/21 12:20,41934.3,27.06
1507,6/27/21 12:40,42137.2,27.16
1508,6/27/21 13:00,42415.5,27.33
1509,6/27/21 13:20,42622.2,27.47
1510,6/27/21 13:40,42585,27.57
1511,6/27/21 14:00,43913.9,27.78
1512,6/27/21 14:20,44160.6,28.01
1513,6/27/21 14:40,44245.1,28.25
1514,6/27/21 15:00,44245.1,28.46
1515,6/27/21 15:20,44267.8,28.49
1516,6/27/21 15:40,43835.8,28.22
1517,6/27/21 16:00,43531.4,28.11
1518,6/27/21 16:20,43405.1,27.98
1519,6/27/21 16:40,42932.6,27.77
1520,6/27/21 17:00,42975.7,27.63
1521,6/27/21 17:20,43067.5,27.54
1522,6/27/21 17:40,43002.7,27.37
1523,6/27/21 18:00,43045.9,27.32
1524,6/27/21 18:20,43013.5,27.27
1525,6/27/21 18:40,42981.1,27.17
1526,6/27/21 19:00,42835.9,27.06
1527,6/27/21 19:20,42825.2,26.9
1528,6/27/21 19:40,42760.9,26.77
1529,6/27/21 20:00,42505.4,26.56
1530,6/27/21 20:20,42262.8,26.38
1531,6/27/21 20:40,42547.8,26.53
1532,6/27/21 21:00,42830.5,26.96
1533,6/27/21 21:20,43148.8,27.27
1534,6/27/21 21:40,43295.8,27.59
1535,6/27/21 22:00,43405.1,27.69
1536,6/27/21 22:20,43421.6,27.95
1537,6/27/21 22:40,43029.7,28
1538,6/27/21 23:00,43317.6,28.21
1539,6/27/21 23:20,42750.2,27.91
1540,6/27/21 23:40,43105.4,27.78
1541,6/28/21 0:00,42814.4,27.69
1542,6/28/21 0:20,42739.5,27.56
1543,6/28/21 0:40,42728.8,27.45
1544,6/28/21 1:00,42579.7,27.36
1545,6/28/21 1:20,42611.5,27.27
1546,6/28/21 1:40,42793,27.22
1547,6/28/21 2:00,42659.5,27.12
1548,6/28/21 2:20,42718.1,27.08
1549,6/28/21 2:40,42718.1,27.01
1550,6/28/21 3:00,42595.6,26.89
1551,6/28/21 3:20,42500.1,26.75
1552,6/28/21 3:40,42394.4,26.66
1553,6/28/21 4:00,42352.2,26.58
1554,6/28/21 4:20,42468.3,26.53
1555,6/28/21 4:40,42441.9,26.64
1556,6/28/21 5:00,42787.7,27
1557,6/28/21 5:20,42830.5,27.3
1558,6/28/21 5:40,43008.1,27.65
1559,6/28/21 6:00,42975.7,27.83
1560,6/28/21 6:20,42728.8,27.53
1561,6/28/21 6:40,42959.5,27.59
1562,6/28/21 7:00,42895,27.77
1563,6/28/21 7:20,42670.1,27.72
1564,6/28/21 7:40,42368,27.62
1565,6/28/21 8:00,42262.8,27.54
1566,6/28/21 8:20,42283.8,27.42
1567,6/28/21 8:40,42310.1,27.35
1568,6/28/21 9:00,42331.2,27.22
1569,6/28/21 9:20,42878.8,27.14
1570,6/28/21 9:40,42884.2,27.09
1571,6/28/21 10:00,42991.9,27.11
1572,6/28/21 10:20,42938,27.05
1573,6/28/21 10:40,42723.5,26.93
1574,6/28/21 11:00,42712.8,26.75
1575,6/28/21 11:20,42611.5,26.64
1576,6/28/21 11:40,42595.6,26.52
1577,6/28/21 12:00,42526.6,26.42
1578,6/28/21 12:20,42441.9,26.29
1579,6/28/21 12:40,42404.9,26.14
1580,6/28/21 13:00,42632.8,26.45
1581,6/28/21 13:20,42723.5,26.83
1582,6/28/21 13:40,43002.7,27.2
1583,6/28/21 14:00,43427,27.59
1584,6/28/21 14:20,43224.9,27.67
1585,6/28/21 14:40,43366.8,28.01
1586,6/28/21 15:00,43383.2,28.25
1587,6/28/21 15:20,43024.3,27.96
1588,6/28/21 15:40,42868.1,27.9
1589,6/28/21 16:00,42782.3,27.79
1590,6/28/21 16:20,42814.4,27.67
1591,6/28/21 16:40,42776.9,27.47
1592,6/28/21 17:00,42948.8,27.49
1593,6/28/21 17:20,42606.2,27.37
1594,6/28/21 17:40,42680.8,27.31
1595,6/28/21 18:00,42755.5,27.2
1596,6/28/21 18:20,42793,27.14
1597,6/28/21 18:40,42670.1,26.98
1598,6/28/21 19:00,42585,26.9
1599,6/28/21 19:20,42563.7,26.85
1600,6/28/21 19:40,42526.6,26.77
1601,6/28/21 20:00,42426,26.71
1602,6/28/21 20:20,42399.7,26.63
1603,6/28/21 20:40,42457.8,26.73
1604,6/28/21 21:00,42803.7,27.1
1605,6/28/21 21:20,43089.2,27.42
1606,6/28/21 21:40,43361.3,27.77
1607,6/28/21 22:00,43531.4,28.02
1608,6/28/21 22:20,43224.9,28.05
1609,6/28/21 22:40,43148.8,28.41
1610,6/28/21 23:00,43094.6,28.52
1611,6/28/21 23:20,42622.2,28.33
1612,6/28/21 23:40,42436.6,28.1
1613,6/29/21 0:00,42547.8,27.95
1614,6/29/21 0:20,42787.7,27.86
1615,6/29/21 0:40,42857.4,27.59
1616,6/29/21 1:00,42825.2,27.45
1617,6/29/21 1:20,42664.8,27.32
1618,6/29/21 1:40,42659.5,27.17
1619,6/29/21 2:00,42505.4,27.14
1620,6/29/21 2:20,42362.7,27.06
1621,6/29/21 2:40,42494.8,27
1622,6/29/21 3:00,42447.2,26.93
1623,6/29/21 3:20,42436.6,26.9
1624,6/29/21 3:40,42247.1,26.84
1625,6/29/21 4:00,42368,26.8
1626,6/29/21 4:20,42331.2,26.79
1627,6/29/21 4:40,42184.2,26.82
1628,6/29/21 5:00,42032.9,26.82
1629,6/29/21 5:20,41986.1,26.93
1630,6/29/21 5:40,42085,27.24
1631,6/29/21 6:00,42116.3,27.32
1632,6/29/21 6:20,42105.9,27.57
1633,6/29/21 6:40,42069.4,27.93
1634,6/29/21 7:00,42304.9,28
1635,6/29/21 7:20,42199.9,27.95
1636,6/29/21 7:40,41986.1,27.83
1637,6/29/21 8:00,41732.9,27.67
1638,6/29/21 8:20,41599.6,27.53
1639,6/29/21 8:40,41078.2,27.45
1640,6/29/21 9:00,41239,27.36
1641,6/29/21 9:20,40933.4,27.21
1642,6/29/21 9:40,40898.5,27.19
1643,6/29/21 10:00,40396.4,27.11
1644,6/29/21 10:20,40973.2,27
1645,6/29/21 10:40,40973.2,26.94
1646,6/29/21 11:00,41676.5,26.95
1647,6/29/21 11:20,41625.2,26.83
1648,6/29/21 11:40,41553.6,26.77
1649,6/29/21 12:00,40231.3,26.72
1650,6/29/21 12:20,40508.7,26.68
1651,6/29/21 12:40,40547.9,26.79
1652,6/29/21 13:00,40503.8,27.12
1653,6/29/21 13:20,40695.4,27.36
1654,6/29/21 13:40,40675.7,27.78
1655,6/29/21 14:00,40858.8,28.02
1656,6/29/21 14:20,41178.6,28.37
1657,6/29/21 14:40,40853.8,28.59
1658,6/29/21 15:00,41691.8,28.68
1659,6/29/21 15:20,41960.2,28.73
1660,6/29/21 15:40,42179,28.53
1661,6/29/21 16:00,43824.7,28.46
1662,6/29/21 16:20,43089.2,28.19
1663,6/29/21 16:40,43449,28.04
1664,6/29/21 17:00,44506.2,27.77
1665,6/29/21 17:20,44454.9,27.7
1666,6/29/21 17:40,44347,27.59
1667,6/29/21 18:00,44132.4,27.49
1668,6/29/21 18:20,43930.6,27.21
1669,6/29/21 18:40,43636.2,26.96
1670,6/29/21 19:00,43399.6,26.62
1671,6/29/21 19:20,43263,26.57
1672,6/29/21 19:40,43121.7,26.38
1673,6/29/21 20:00,43018.9,26.36
1674,6/29/21 20:20,43290.3,26.32
1675,6/29/21 20:40,43388.7,26.42
1676,6/29/21 21:00,43586.5,26.8
1677,6/29/21 21:20,44126.8,27.47
1678,6/29/21 21:40,46967.7,33.89
1679,6/29/21 22:00,965.1,27.99