date,DO_mg_L,Temperature
2022-03-20T19:02:00Z,6.922,28.994
2022-03-20T19:04:00Z,6.688,28.926
2022-03-20T19:06:00Z,6.943,28.96
2022-03-20T19:08:00Z,7.318,29.046
2022-03-20T19:10:00Z,6.825,28.96
2022-03-20T19:12:00Z,7.2,29.072
2022-03-20T19:14:00Z,7.08,29.029
2022-03-20T19:16:00Z,6.884,28.917
2022-03-20T19:18:00Z,6.979,28.909
2022-03-20T19:20:00Z,6.83,28.917
2022-03-20T19:22:00Z,6.784,28.84
2022-03-20T19:24:00Z,7.097,28.883
2022-03-20T19:26:00Z,6.819,28.866
2022-03-20T19:28:00Z,7.175,28.874
2022-03-20T19:30:00Z,6.92,28.874
2022-03-20T19:32:00Z,6.992,28.84
2022-03-20T19:34:00Z,6.68,28.84
2022-03-20T19:36:00Z,6.647,28.746
2022-03-20T19:38:00Z,6.76,28.789
2022-03-20T19:40:00Z,6.666,28.729
2022-03-20T19:42:00Z,6.847,28.729
2022-03-20T19:44:00Z,6.694,28.72
2022-03-20T19:46:00Z,6.982,28.797
2022-03-20T19:48:00Z,6.74,28.729
2022-03-20T19:50:00Z,6.733,28.738
2022-03-20T19:52:00Z,6.554,28.695
2022-03-20T19:54:00Z,6.672,28.678
2022-03-20T19:56:00Z,6.731,28.669
2022-03-20T19:58:00Z,6.776,28.661
2022-03-20T20:00:00Z,6.475,28.618
2022-03-20T20:02:00Z,6.639,28.609
2022-03-20T20:04:00Z,6.544,28.643
2022-03-20T20:06:00Z,6.517,28.584
2022-03-20T20:08:00Z,6.518,28.584
2022-03-20T20:10:00Z,6.748,28.584
2022-03-20T20:12:00Z,6.286,28.532
2022-03-20T20:14:00Z,6.625,28.601
2022-03-20T20:16:00Z,6.662,28.601
2022-03-20T20:18:00Z,6.704,28.601
2022-03-20T20:20:00Z,6.494,28.584
2022-03-20T20:22:00Z,6.365,28.532
2022-03-20T20:24:00Z,6.63,28.575
2022-03-20T20:26:00Z,6.477,28.558
2022-03-20T20:28:00Z,6.491,28.515
2022-03-20T20:30:00Z,6.646,28.541
2022-03-20T20:32:00Z,6.599,28.524
2022-03-20T20:34:00Z,6.466,28.549
2022-03-20T20:36:00Z,6.086,28.455
2022-03-20T20:38:00Z,6.357,28.43
2022-03-20T20:40:00Z,6.488,28.472
2022-03-20T20:42:00Z,6.242,28.396
2022-03-20T20:44:00Z,6.097,28.413
2022-03-20T20:46:00Z,6.142,28.379
2022-03-20T20:48:00Z,6.099,28.361
2022-03-20T20:50:00Z,6.157,28.421
2022-03-20T20:52:00Z,6.178,28.413
2022-03-20T20:54:00Z,6.325,28.421
2022-03-20T20:56:00Z,5.912,28.31
2022-03-20T20:58:00Z,6.433,28.387
2022-03-20T21:00:00Z,6.183,28.404
2022-03-20T21:02:00Z,6.211,28.379
2022-03-20T21:04:00Z,6.549,28.464
2022-03-20T21:06:00Z,6.05,28.336
2022-03-20T21:08:00Z,6.045,28.327
2022-03-20T21:10:00Z,6.056,28.37
2022-03-20T21:12:00Z,6.383,28.438
2022-03-20T21:14:00Z,6.183,28.413
2022-03-20T21:16:00Z,6.085,28.327
2022-03-20T21:18:00Z,6.355,28.404
2022-03-20T21:20:00Z,6.671,28.472
2022-03-20T21:22:00Z,6.089,28.361
2022-03-20T21:24:00Z,6.329,28.421
2022-03-20T21:26:00Z,6.158,28.379
2022-03-20T21:28:00Z,6.191,28.353
2022-03-20T21:30:00Z,6.598,28.447
2022-03-20T21:32:00Z,6.071,28.336
2022-03-20T21:34:00Z,5.937,28.285
2022-03-20T21:36:00Z,5.781,28.259
2022-03-20T21:38:00Z,5.908,28.276
2022-03-20T21:40:00Z,5.815,28.208
2022-03-20T21:42:00Z,5.889,28.191
2022-03-20T21:44:00Z,6.355,28.31
2022-03-20T21:46:00Z,5.863,28.268
2022-03-20T21:48:00Z,6.595,28.396
2022-03-20T21:50:00Z,5.859,28.285
2022-03-20T21:52:00Z,6.001,28.285
2022-03-20T21:54:00Z,6.222,28.37
2022-03-20T21:56:00Z,6.715,28.541
2022-03-20T21:58:00Z,6.26,28.464
2022-03-20T22:00:00Z,5.987,28.327
2022-03-20T22:02:00Z,6.519,28.447
2022-03-20T22:04:00Z,6.124,28.379
2022-03-20T22:06:00Z,5.952,28.285
2022-03-20T22:08:00Z,6.334,28.387
2022-03-20T22:10:00Z,6.049,28.302
2022-03-20T22:12:00Z,6.178,28.396
2022-03-20T22:14:00Z,6.24,28.361
2022-03-20T22:16:00Z,6.549,28.37
2022-03-20T22:18:00Z,6.468,28.336
2022-03-20T22:20:00Z,6.518,28.464
2022-03-20T22:22:00Z,6.16,28.327
2022-03-20T22:24:00Z,6.278,28.319
2022-03-20T22:26:00Z,6.297,28.43
2022-03-20T22:28:00Z,6.095,28.344
2022-03-20T22:30:00Z,6.272,28.302
2022-03-20T22:32:00Z,5.973,28.25
2022-03-20T22:34:00Z,6.187,28.25
2022-03-20T22:36:00Z,6.055,28.208
2022-03-20T22:38:00Z,6.563,28.353
2022-03-20T22:40:00Z,6.451,28.396
2022-03-20T22:42:00Z,6.116,28.285
2022-03-20T22:44:00Z,6.584,28.413
2022-03-20T22:46:00Z,6.545,28.481
2022-03-20T22:48:00Z,6.174,28.379
2022-03-20T22:50:00Z,6.651,28.379
2022-03-20T22:52:00Z,5.939,28.285
2022-03-20T22:54:00Z,6.621,28.302
2022-03-20T22:56:00Z,6.672,28.353
2022-03-20T22:58:00Z,6.573,28.379
2022-03-20T23:00:00Z,6.537,28.344
2022-03-20T23:02:00Z,6.718,28.421
2022-03-20T23:04:00Z,6.598,28.464
2022-03-20T23:06:00Z,6.491,28.43
2022-03-20T23:08:00Z,6.681,28.447
2022-03-20T23:10:00Z,6.702,28.43
2022-03-20T23:12:00Z,6.733,28.447
2022-03-20T23:14:00Z,6.695,28.481
2022-03-20T23:16:00Z,6.615,28.472
2022-03-20T23:18:00Z,6.676,28.455
2022-03-20T23:20:00Z,6.691,28.43
2022-03-20T23:22:00Z,6.684,28.404
2022-03-20T23:24:00Z,6.662,28.387
2022-03-20T23:26:00Z,6.709,28.404
2022-03-20T23:28:00Z,6.71,28.447
2022-03-20T23:30:00Z,6.71,28.481
2022-03-20T23:32:00Z,6.705,28.515
2022-03-20T23:34:00Z,6.722,28.498
2022-03-20T23:36:00Z,6.689,28.515
2022-03-20T23:38:00Z,6.654,28.481
2022-03-20T23:40:00Z,6.66,28.455
2022-03-20T23:42:00Z,6.658,28.464
2022-03-20T23:44:00Z,6.655,28.481
2022-03-20T23:46:00Z,6.677,28.447
2022-03-20T23:48:00Z,6.685,28.472
2022-03-20T23:50:00Z,6.676,28.507
2022-03-20T23:52:00Z,6.672,28.481
2022-03-20T23:54:00Z,6.672,28.472
2022-03-20T23:56:00Z,6.697,28.447
2022-03-20T23:58:00Z,6.705,28.549
2022-03-21T00:00:00Z,6.689,28.558
2022-03-21T00:02:00Z,6.691,28.498
2022-03-21T00:04:00Z,6.683,28.498
2022-03-21T00:06:00Z,6.669,28.507
2022-03-21T00:08:00Z,6.687,28.498
2022-03-21T00:10:00Z,6.675,28.498
2022-03-21T00:12:00Z,6.675,28.524
2022-03-21T00:14:00Z,6.651,28.532
2022-03-21T00:16:00Z,6.652,28.507
2022-03-21T00:18:00Z,6.652,28.541
2022-03-21T00:20:00Z,6.631,28.515
2022-03-21T00:22:00Z,6.612,28.507
2022-03-21T00:24:00Z,6.602,28.524
2022-03-21T00:26:00Z,6.638,28.464
2022-03-21T00:28:00Z,6.64,28.447
2022-03-21T00:30:00Z,6.624,28.43
2022-03-21T00:32:00Z,6.574,28.472
2022-03-21T00:34:00Z,6.564,28.49
2022-03-21T00:36:00Z,6.588,28.455
2022-03-21T00:38:00Z,6.567,28.447
2022-03-21T00:40:00Z,6.543,28.455
2022-03-21T00:42:00Z,6.521,28.472
2022-03-21T00:44:00Z,6.53,28.49
2022-03-21T00:46:00Z,6.519,28.455
2022-03-21T00:48:00Z,6.569,28.421
2022-03-21T00:50:00Z,6.517,28.455
2022-03-21T00:52:00Z,6.531,28.421
2022-03-21T00:54:00Z,6.501,28.43
2022-03-21T00:56:00Z,6.476,28.464
2022-03-21T00:58:00Z,6.48,28.455
2022-03-21T01:00:00Z,6.481,28.43
2022-03-21T01:02:00Z,6.48,28.396
2022-03-21T01:04:00Z,6.5,28.37
2022-03-21T01:06:00Z,6.445,28.404
2022-03-21T01:08:00Z,6.463,28.396
2022-03-21T01:10:00Z,6.457,28.387
2022-03-21T01:12:00Z,6.474,28.344
2022-03-21T01:14:00Z,6.496,28.336
2022-03-21T01:16:00Z,6.421,28.361
2022-03-21T01:18:00Z,6.453,28.353
2022-03-21T01:20:00Z,6.393,28.379
2022-03-21T01:22:00Z,6.357,28.421
2022-03-21T01:24:00Z,6.357,28.421
2022-03-21T01:26:00Z,6.357,28.396
2022-03-21T01:28:00Z,6.353,28.404
2022-03-21T01:30:00Z,6.4,28.353
2022-03-21T01:32:00Z,6.391,28.344
2022-03-21T01:34:00Z,6.335,28.37
2022-03-21T01:36:00Z,6.311,28.379
2022-03-21T01:38:00Z,6.3,28.387
2022-03-21T01:40:00Z,6.311,28.37
2022-03-21T01:42:00Z,6.265,28.379
2022-03-21T01:44:00Z,6.266,28.379
2022-03-21T01:46:00Z,6.287,28.361
2022-03-21T01:48:00Z,6.291,28.344
2022-03-21T01:50:00Z,6.302,28.336
2022-03-21T01:52:00Z,6.343,28.302
2022-03-21T01:54:00Z,6.303,28.319
2022-03-21T01:56:00Z,6.256,28.336
2022-03-21T01:58:00Z,6.227,28.353
2022-03-21T02:00:00Z,6.191,28.353
2022-03-21T02:02:00Z,6.168,28.379
2022-03-21T02:04:00Z,6.179,28.37
2022-03-21T02:06:00Z,6.161,28.37
2022-03-21T02:08:00Z,6.145,28.37
2022-03-21T02:10:00Z,6.152,28.379
2022-03-21T02:12:00Z,6.138,28.353
2022-03-21T02:14:00Z,6.171,28.327
2022-03-21T02:16:00Z,6.13,28.327
2022-03-21T02:18:00Z,6.145,28.327
2022-03-21T02:20:00Z,6.176,28.302
2022-03-21T02:22:00Z,6.152,28.293
2022-03-21T02:24:00Z,6.14,28.31
2022-03-21T02:26:00Z,6.127,28.31
2022-03-21T02:28:00Z,6.103,28.319
2022-03-21T02:30:00Z,6.191,28.276
2022-03-21T02:32:00Z,6.134,28.259
2022-03-21T02:34:00Z,6.136,28.268
2022-03-21T02:36:00Z,6.112,28.259
2022-03-21T02:38:00Z,6.094,28.268
2022-03-21T02:40:00Z,6.081,28.268
2022-03-21T02:42:00Z,6.107,28.268
2022-03-21T02:44:00Z,6.085,28.268
2022-03-21T02:46:00Z,6.101,28.259
2022-03-21T02:48:00Z,6.094,28.242
2022-03-21T02:50:00Z,6.068,28.25
2022-03-21T02:52:00Z,6.07,28.259
2022-03-21T02:54:00Z,6.041,28.285
2022-03-21T02:56:00Z,6.098,28.233
2022-03-21T02:58:00Z,6.058,28.259
2022-03-21T03:00:00Z,5.989,28.259
2022-03-21T03:02:00Z,5.956,28.276
2022-03-21T03:04:00Z,5.966,28.293
2022-03-21T03:06:00Z,5.959,28.302
2022-03-21T03:08:00Z,5.997,28.276
2022-03-21T03:10:00Z,5.97,28.268
2022-03-21T03:12:00Z,5.958,28.268
2022-03-21T03:14:00Z,5.957,28.276
2022-03-21T03:16:00Z,5.956,28.268
2022-03-21T03:18:00Z,5.925,28.285
2022-03-21T03:20:00Z,5.926,28.285
2022-03-21T03:22:00Z,5.954,28.242
2022-03-21T03:24:00Z,5.98,28.225
2022-03-21T03:26:00Z,5.937,28.191
2022-03-21T03:28:00Z,5.979,28.199
2022-03-21T03:30:00Z,5.915,28.191
2022-03-21T03:32:00Z,5.926,28.199
2022-03-21T03:34:00Z,5.875,28.233
2022-03-21T03:36:00Z,5.835,28.208
2022-03-21T03:38:00Z,5.779,28.225
2022-03-21T03:40:00Z,5.823,28.233
2022-03-21T03:42:00Z,5.713,28.216
2022-03-21T03:44:00Z,5.676,28.208
2022-03-21T03:46:00Z,5.866,28.182
2022-03-21T03:48:00Z,5.618,28.174
2022-03-21T03:50:00Z,5.683,28.165
2022-03-21T03:52:00Z,5.828,28.14
2022-03-21T03:54:00Z,5.809,28.157
2022-03-21T03:56:00Z,5.849,28.131
2022-03-21T03:58:00Z,5.784,28.123
2022-03-21T04:00:00Z,5.753,28.123
2022-03-21T04:02:00Z,5.7,28.14
2022-03-21T04:04:00Z,5.804,28.14
2022-03-21T04:06:00Z,5.603,28.131
2022-03-21T04:08:00Z,5.784,28.14
2022-03-21T04:10:00Z,5.627,28.131
2022-03-21T04:12:00Z,5.719,28.131
2022-03-21T04:14:00Z,5.766,28.131
2022-03-21T04:16:00Z,5.753,28.148
2022-03-21T04:18:00Z,5.753,28.148
2022-03-21T04:20:00Z,5.496,28.14
2022-03-21T04:22:00Z,5.601,28.157
2022-03-21T04:24:00Z,5.577,28.14
2022-03-21T04:26:00Z,5.328,28.148
2022-03-21T04:28:00Z,5.644,28.114
2022-03-21T04:30:00Z,5.393,28.105
2022-03-21T04:32:00Z,5.624,28.105
2022-03-21T04:34:00Z,5.422,28.114
2022-03-21T04:36:00Z,5.41,28.105
2022-03-21T04:38:00Z,5.599,28.08
2022-03-21T04:40:00Z,5.552,28.071
2022-03-21T04:42:00Z,5.473,28.054
2022-03-21T04:44:00Z,5.579,28.046
2022-03-21T04:46:00Z,5.57,28.054
2022-03-21T04:48:00Z,5.478,28.046
2022-03-21T04:50:00Z,5.611,28.037
2022-03-21T04:52:00Z,5.52,28.02
2022-03-21T04:54:00Z,5.557,28.003
2022-03-21T04:56:00Z,5.567,27.986
2022-03-21T04:58:00Z,5.514,28.012
2022-03-21T05:00:00Z,5.591,28.003
2022-03-21T05:02:00Z,5.374,28.012
2022-03-21T05:04:00Z,5.43,27.995
2022-03-21T05:06:00Z,5.532,28.054
2022-03-21T05:08:00Z,5.293,28.046
2022-03-21T05:10:00Z,5.466,28.02
2022-03-21T05:12:00Z,5.455,28.029
2022-03-21T05:14:00Z,5.363,28.037
2022-03-21T05:16:00Z,5.384,28.012
2022-03-21T05:18:00Z,5.465,28.02
2022-03-21T05:20:00Z,5.309,28.012
2022-03-21T05:22:00Z,5.314,28.003
2022-03-21T05:24:00Z,5.399,28.003
2022-03-21T05:26:00Z,5.314,27.995
2022-03-21T05:28:00Z,5.304,27.952
2022-03-21T05:30:00Z,5.381,27.961
2022-03-21T05:32:00Z,5.283,27.961
2022-03-21T05:34:00Z,5.26,27.944
2022-03-21T05:36:00Z,5.282,27.952
2022-03-21T05:38:00Z,5.354,27.969
2022-03-21T05:40:00Z,5.358,27.935
2022-03-21T05:42:00Z,5.335,27.901
2022-03-21T05:44:00Z,5.278,27.927
2022-03-21T05:46:00Z,5.305,27.884
2022-03-21T05:48:00Z,5.26,27.892
2022-03-21T05:50:00Z,5.255,27.875
2022-03-21T05:52:00Z,5.232,27.875
2022-03-21T05:54:00Z,5.329,27.867
2022-03-21T05:56:00Z,5.183,27.841
2022-03-21T05:58:00Z,5.124,27.85
2022-03-21T06:00:00Z,5.192,27.841
2022-03-21T06:02:00Z,5.135,27.824
2022-03-21T06:04:00Z,5.126,27.841
2022-03-21T06:06:00Z,4.934,27.816
2022-03-21T06:08:00Z,4.894,27.773
2022-03-21T06:10:00Z,5.05,27.756
2022-03-21T06:12:00Z,4.982,27.739
2022-03-21T06:14:00Z,4.819,27.748
2022-03-21T06:16:00Z,4.836,27.722
2022-03-21T06:18:00Z,4.779,27.697
2022-03-21T06:20:00Z,4.877,27.739
2022-03-21T06:22:00Z,4.732,27.731
2022-03-21T06:24:00Z,4.616,27.688
2022-03-21T06:26:00Z,4.647,27.697
2022-03-21T06:28:00Z,4.688,27.663
2022-03-21T06:30:00Z,4.662,27.688
2022-03-21T06:32:00Z,4.524,27.646
2022-03-21T06:34:00Z,4.642,27.629
2022-03-21T06:36:00Z,4.515,27.586
2022-03-21T06:38:00Z,4.329,27.561
2022-03-21T06:40:00Z,4.409,27.552
2022-03-21T06:42:00Z,4.604,27.561
2022-03-21T06:44:00Z,4.524,27.586
2022-03-21T06:46:00Z,4.653,27.544
2022-03-21T06:48:00Z,4.419,27.552
2022-03-21T06:50:00Z,4.395,27.552
2022-03-21T06:52:00Z,4.474,27.561
2022-03-21T06:54:00Z,4.552,27.629
2022-03-21T06:56:00Z,4.575,27.586
2022-03-21T06:58:00Z,4.573,27.552
2022-03-21T07:00:00Z,4.48,27.544
2022-03-21T07:02:00Z,4.368,27.493
2022-03-21T07:04:00Z,4.522,27.501
2022-03-21T07:06:00Z,4.671,27.51
2022-03-21T07:08:00Z,4.418,27.45
2022-03-21T07:10:00Z,4.412,27.433
2022-03-21T07:12:00Z,4.604,27.51
2022-03-21T07:14:00Z,4.676,27.493
2022-03-21T07:16:00Z,4.681,27.484
2022-03-21T07:18:00Z,4.638,27.527
2022-03-21T07:20:00Z,4.538,27.535
2022-03-21T07:22:00Z,4.527,27.527
2022-03-21T07:24:00Z,4.515,27.45
2022-03-21T07:26:00Z,4.605,27.442
2022-03-21T07:28:00Z,4.632,27.527
2022-03-21T07:30:00Z,4.646,27.518
2022-03-21T07:32:00Z,4.751,27.569
2022-03-21T07:34:00Z,4.584,27.518
2022-03-21T07:36:00Z,4.586,27.467
2022-03-21T07:38:00Z,4.395,27.467
2022-03-21T07:40:00Z,4.699,27.484
2022-03-21T07:42:00Z,4.764,27.501
2022-03-21T07:44:00Z,4.707,27.561
2022-03-21T07:46:00Z,4.822,27.595
2022-03-21T07:48:00Z,4.897,27.578
2022-03-21T07:50:00Z,5.056,27.629
2022-03-21T07:52:00Z,4.745,27.569
2022-03-21T07:54:00Z,4.811,27.552
2022-03-21T07:56:00Z,4.836,27.527
2022-03-21T07:58:00Z,5.108,27.637
2022-03-21T08:00:00Z,4.772,27.569
2022-03-21T08:02:00Z,4.872,27.578
2022-03-21T08:04:00Z,5.089,27.654
2022-03-21T08:06:00Z,5.075,27.68
2022-03-21T08:08:00Z,5.038,27.705
2022-03-21T08:10:00Z,5.369,27.756
2022-03-21T08:12:00Z,5.293,27.773
2022-03-21T08:14:00Z,4.914,27.705
2022-03-21T08:16:00Z,5.319,27.773
2022-03-21T08:18:00Z,5.427,27.816
2022-03-21T08:20:00Z,5.285,27.765
2022-03-21T08:22:00Z,5.628,27.833
2022-03-21T08:24:00Z,5.29,27.748
2022-03-21T08:26:00Z,5.068,27.739
2022-03-21T08:28:00Z,5.353,27.85
2022-03-21T08:30:00Z,5.249,27.833
2022-03-21T08:32:00Z,5.437,27.841
2022-03-21T08:34:00Z,5.366,27.867
2022-03-21T08:36:00Z,5.303,27.909
2022-03-21T08:38:00Z,5.436,27.884
2022-03-21T08:40:00Z,5.581,27.927
2022-03-21T08:42:00Z,5.514,27.927
2022-03-21T08:44:00Z,5.906,28.029
2022-03-21T08:46:00Z,5.54,28.046
2022-03-21T08:48:00Z,5.443,28.02
2022-03-21T08:50:00Z,5.838,28.114
2022-03-21T08:52:00Z,5.608,28.063
2022-03-21T08:54:00Z,5.868,28.088
2022-03-21T08:56:00Z,5.716,28.063
2022-03-21T08:58:00Z,5.863,28.148
2022-03-21T09:00:00Z,5.973,28.182
2022-03-21T09:02:00Z,6.096,28.233
2022-03-21T09:04:00Z,5.665,28.174
2022-03-21T09:06:00Z,5.757,28.174
2022-03-21T09:08:00Z,6.192,28.233
2022-03-21T09:10:00Z,6.185,28.276
2022-03-21T09:12:00Z,5.861,28.174
2022-03-21T09:14:00Z,5.758,28.199
2022-03-21T09:16:00Z,5.911,28.208
2022-03-21T09:18:00Z,6.343,28.293
2022-03-21T09:20:00Z,6.272,28.336
2022-03-21T09:22:00Z,6.351,28.31
2022-03-21T09:24:00Z,6.158,28.37
2022-03-21T09:26:00Z,6.142,28.353
2022-03-21T09:28:00Z,6.354,28.438
2022-03-21T09:30:00Z,6.004,28.396
2022-03-21T09:32:00Z,6.523,28.481
2022-03-21T09:34:00Z,6.229,28.379
2022-03-21T09:36:00Z,6.579,28.618
2022-03-21T09:38:00Z,6.321,28.541
2022-03-21T09:40:00Z,6.386,28.541
2022-03-21T09:42:00Z,6.428,28.566
2022-03-21T09:44:00Z,6.543,28.575
2022-03-21T09:46:00Z,6.741,28.652
2022-03-21T09:48:00Z,6.878,28.661
2022-03-21T09:50:00Z,6.368,28.626
2022-03-21T09:52:00Z,6.968,28.738
2022-03-21T09:54:00Z,6.561,28.703
2022-03-21T09:56:00Z,7.073,28.857
2022-03-21T09:58:00Z,6.649,28.832
2022-03-21T10:00:00Z,6.872,28.772
2022-03-21T10:02:00Z,6.758,28.815
2022-03-21T10:04:00Z,6.784,28.883
2022-03-21T10:06:00Z,6.624,28.823
2022-03-21T10:08:00Z,7.203,28.909
2022-03-21T10:10:00Z,7.492,29.089
2022-03-21T10:12:00Z,6.646,28.943
2022-03-21T10:14:00Z,7.179,29.072
2022-03-21T10:16:00Z,7.623,29.26
2022-03-21T10:18:00Z,7.526,29.295
2022-03-21T10:20:00Z,7.219,29.243
2022-03-21T10:22:00Z,7.785,29.329
2022-03-21T10:24:00Z,7.709,29.509
2022-03-21T10:26:00Z,6.872,29.2
2022-03-21T10:28:00Z,7.226,29.243
2022-03-21T10:30:00Z,7.021,29.123
2022-03-21T10:32:00Z,7.594,29.243
2022-03-21T10:34:00Z,7.026,29.149
2022-03-21T10:36:00Z,7.592,29.183
2022-03-21T10:38:00Z,7.32,29.243
2022-03-21T10:40:00Z,7.213,29.174
2022-03-21T10:42:00Z,8.117,29.338
2022-03-21T10:44:00Z,7.024,29.243
2022-03-21T10:46:00Z,7.427,29.277
2022-03-21T10:48:00Z,7.723,29.432
2022-03-21T10:50:00Z,7.679,29.389
2022-03-21T10:52:00Z,7.713,29.509
2022-03-21T10:54:00Z,8.185,29.466
2022-03-21T10:56:00Z,7.924,29.449
2022-03-21T10:58:00Z,8.352,29.561
2022-03-21T11:00:00Z,8.382,29.604
2022-03-21T11:02:00Z,7.972,29.432
2022-03-21T11:04:00Z,8.157,29.501
2022-03-21T11:06:00Z,8.31,29.509
2022-03-21T11:08:00Z,8.313,29.578
2022-03-21T11:10:00Z,8.576,29.716
2022-03-21T11:12:00Z,8.48,29.724
2022-03-21T11:14:00Z,8.163,29.63
2022-03-21T11:16:00Z,8.388,29.681
2022-03-21T11:18:00Z,8.487,29.716
2022-03-21T11:20:00Z,8.473,29.75
2022-03-21T11:22:00Z,8.5,29.75
2022-03-21T11:24:00Z,8.544,29.742
2022-03-21T11:26:00Z,8.524,29.767
2022-03-21T11:28:00Z,8.505,29.733
2022-03-21T11:30:00Z,8.449,29.69
2022-03-21T11:32:00Z,8.512,29.673
2022-03-21T11:34:00Z,8.566,29.664
2022-03-21T11:36:00Z,8.614,29.716
2022-03-21T11:38:00Z,8.588,29.724
2022-03-21T11:40:00Z,8.6,29.699
2022-03-21T11:42:00Z,8.52,29.664
2022-03-21T11:44:00Z,8.541,29.656
2022-03-21T11:46:00Z,8.526,29.638
2022-03-21T11:48:00Z,8.573,29.638
2022-03-21T11:50:00Z,8.547,29.621
2022-03-21T11:52:00Z,8.539,29.613
2022-03-21T11:54:00Z,8.53,29.587
2022-03-21T11:56:00Z,8.564,29.595
2022-03-21T11:58:00Z,8.599,29.587
2022-03-21T12:00:00Z,8.601,29.578
2022-03-21T12:02:00Z,8.56,29.578
2022-03-21T12:04:00Z,8.548,29.561
2022-03-21T12:06:00Z,8.488,29.544
2022-03-21T12:08:00Z,8.518,29.535
2022-03-21T12:10:00Z,8.546,29.535
2022-03-21T12:12:00Z,8.538,29.527
2022-03-21T12:14:00Z,8.512,29.535
2022-03-21T12:16:00Z,8.54,29.509
2022-03-21T12:18:00Z,8.563,29.509
2022-03-21T12:20:00Z,8.528,29.501
2022-03-21T12:22:00Z,8.538,29.501
2022-03-21T12:24:00Z,8.547,29.509
2022-03-21T12:26:00Z,8.541,29.501
2022-03-21T12:28:00Z,8.499,29.484
2022-03-21T12:30:00Z,8.492,29.458
2022-03-21T12:32:00Z,8.49,29.449
2022-03-21T12:34:00Z,8.518,29.449
2022-03-21T12:36:00Z,8.54,29.466
2022-03-21T12:38:00Z,8.529,29.466
2022-03-21T12:40:00Z,8.519,29.449
2022-03-21T12:42:00Z,8.512,29.441
2022-03-21T12:44:00Z,8.501,29.432
2022-03-21T12:46:00Z,8.517,29.432
2022-03-21T12:48:00Z,8.512,29.449
2022-03-21T12:50:00Z,8.471,29.432
2022-03-21T12:52:00Z,8.455,29.415
2022-03-21T12:54:00Z,8.439,29.389
2022-03-21T12:56:00Z,8.435,29.389
2022-03-21T12:58:00Z,8.422,29.389
2022-03-21T13:00:00Z,8.423,29.38
2022-03-21T13:02:00Z,8.398,29.372
2022-03-21T13:04:00Z,8.391,29.355
2022-03-21T13:06:00Z,8.397,29.346
2022-03-21T13:08:00Z,8.412,29.38
2022-03-21T13:10:00Z,8.402,29.363
2022-03-21T13:12:00Z,8.401,29.363
2022-03-21T13:14:00Z,8.366,29.372
2022-03-21T13:16:00Z,8.377,29.38
2022-03-21T13:18:00Z,8.401,29.389
2022-03-21T13:20:00Z,8.427,29.389
2022-03-21T13:22:00Z,8.415,29.398
2022-03-21T13:24:00Z,8.445,29.406
2022-03-21T13:26:00Z,8.497,29.432
2022-03-21T13:28:00Z,8.493,29.415
2022-03-21T13:30:00Z,8.481,29.441
2022-03-21T13:32:00Z,8.538,29.458
2022-03-21T13:34:00Z,8.584,29.449
2022-03-21T13:36:00Z,8.637,29.441
2022-03-21T13:38:00Z,8.62,29.449
2022-03-21T13:40:00Z,8.581,29.449
2022-03-21T13:42:00Z,8.705,29.423
2022-03-21T13:44:00Z,8.702,29.441
2022-03-21T13:46:00Z,8.624,29.449
2022-03-21T13:48:00Z,8.686,29.441
2022-03-21T13:50:00Z,8.738,29.432
2022-03-21T13:52:00Z,8.718,29.441
2022-03-21T13:54:00Z,8.709,29.458
2022-03-21T13:56:00Z,8.756,29.441
2022-03-21T13:58:00Z,8.779,29.423
2022-03-21T14:00:00Z,8.76,29.415
2022-03-21T14:02:00Z,8.787,29.441
2022-03-21T14:04:00Z,8.853,29.441
2022-03-21T14:06:00Z,8.796,29.441
2022-03-21T14:08:00Z,8.793,29.432
2022-03-21T14:10:00Z,8.829,29.432
2022-03-21T14:12:00Z,8.799,29.415
2022-03-21T14:14:00Z,8.776,29.432
2022-03-21T14:16:00Z,8.749,29.432
2022-03-21T14:18:00Z,8.791,29.406
2022-03-21T14:20:00Z,8.77,29.406
2022-03-21T14:22:00Z,8.751,29.406
2022-03-21T14:24:00Z,8.757,29.415
2022-03-21T14:26:00Z,8.739,29.415
2022-03-21T14:28:00Z,8.787,29.406
2022-03-21T14:30:00Z,8.76,29.406
2022-03-21T14:32:00Z,8.753,29.423
2022-03-21T14:34:00Z,8.782,29.423
2022-03-21T14:36:00Z,8.777,29.415
2022-03-21T14:38:00Z,8.823,29.432
2022-03-21T14:40:00Z,8.79,29.432
2022-03-21T14:42:00Z,8.857,29.423
2022-03-21T14:44:00Z,8.869,29.423
2022-03-21T14:46:00Z,8.872,29.423
2022-03-21T14:48:00Z,8.858,29.432
2022-03-21T14:50:00Z,8.933,29.432
2022-03-21T14:52:00Z,8.935,29.423
2022-03-21T14:54:00Z,8.875,29.449
2022-03-21T14:56:00Z,8.937,29.432
2022-03-21T14:58:00Z,8.935,29.423
2022-03-21T15:00:00Z,9.012,29.449
2022-03-21T15:02:00Z,8.994,29.449
2022-03-21T15:04:00Z,8.935,29.441
2022-03-21T15:06:00Z,9.038,29.449
2022-03-21T15:08:00Z,9.064,29.449
2022-03-21T15:10:00Z,8.893,29.423
2022-03-21T15:12:00Z,9.098,29.458
2022-03-21T15:14:00Z,9.11,29.449
2022-03-21T15:16:00Z,9.123,29.458
2022-03-21T15:18:00Z,9.157,29.466
2022-03-21T15:20:00Z,9.143,29.449
2022-03-21T15:22:00Z,9.049,29.458
2022-03-21T15:24:00Z,9.135,29.458
2022-03-21T15:26:00Z,9.128,29.449
2022-03-21T15:28:00Z,9.116,29.458
2022-03-21T15:30:00Z,9.138,29.449
2022-03-21T15:32:00Z,9.121,29.458
2022-03-21T15:34:00Z,9.11,29.458
2022-03-21T15:36:00Z,9.128,29.458
2022-03-21T15:38:00Z,9.187,29.475
2022-03-21T15:40:00Z,9.112,29.475
2022-03-21T15:42:00Z,9.056,29.449
2022-03-21T15:44:00Z,8.946,29.466
2022-03-21T15:46:00Z,9.057,29.441
2022-03-21T15:48:00Z,8.966,29.466
2022-03-21T15:50:00Z,9.205,29.458
2022-03-21T15:52:00Z,9.185,29.449
2022-03-21T15:54:00Z,9.155,29.449
2022-03-21T15:56:00Z,9.085,29.441
2022-03-21T15:58:00Z,8.895,29.432
2022-03-21T16:00:00Z,9.13,29.441
2022-03-21T16:02:00Z,8.969,29.432
2022-03-21T16:04:00Z,8.922,29.423
2022-03-21T16:06:00Z,8.983,29.415
2022-03-21T16:08:00Z,9.105,29.432
2022-03-21T16:10:00Z,8.952,29.406
2022-03-21T16:12:00Z,8.872,29.406
2022-03-21T16:14:00Z,9.013,29.406
2022-03-21T16:16:00Z,8.843,29.389
2022-03-21T16:18:00Z,8.954,29.38
2022-03-21T16:20:00Z,9.01,29.398
2022-03-21T16:22:00Z,8.471,29.329
2022-03-21T16:24:00Z,9.118,29.398
2022-03-21T16:26:00Z,9.14,29.398
2022-03-21T16:28:00Z,8.801,29.38
2022-03-21T16:30:00Z,8.525,29.295
2022-03-21T16:32:00Z,8.947,29.346
2022-03-21T16:34:00Z,8.471,29.286
2022-03-21T16:36:00Z,8.809,29.286
2022-03-21T16:38:00Z,8.548,29.277
2022-03-21T16:40:00Z,8.513,29.209
2022-03-21T16:42:00Z,8.524,29.217
2022-03-21T16:44:00Z,8.835,29.295
2022-03-21T16:46:00Z,8.888,29.277
2022-03-21T16:48:00Z,8.428,29.217
2022-03-21T16:50:00Z,8.619,29.2
2022-03-21T16:52:00Z,8.609,29.192
2022-03-21T16:54:00Z,8.663,29.174
2022-03-21T16:56:00Z,8.504,29.192
2022-03-21T16:58:00Z,8.079,29.072
2022-03-21T17:00:00Z,8.067,29.046
2022-03-21T17:02:00Z,7.992,29.029
2022-03-21T17:04:00Z,8.009,28.986
2022-03-21T17:06:00Z,8.434,29.046
2022-03-21T17:08:00Z,8.009,28.994
2022-03-21T17:10:00Z,7.905,28.934
2022-03-21T17:12:00Z,8.453,28.994
2022-03-21T17:14:00Z,8.026,28.994
2022-03-21T17:16:00Z,7.795,28.909
2022-03-21T17:18:00Z,7.824,28.866
2022-03-21T17:20:00Z,7.982,28.917
2022-03-21T17:22:00Z,7.957,28.9
2022-03-21T17:24:00Z,7.629,28.823
2022-03-21T17:26:00Z,7.66,28.815
2022-03-21T17:28:00Z,7.922,28.832
2022-03-21T17:30:00Z,7.671,28.806
2022-03-21T17:32:00Z,7.648,28.78
2022-03-21T17:34:00Z,7.877,28.815
2022-03-21T17:36:00Z,7.651,28.78
2022-03-21T17:38:00Z,7.571,28.738
2022-03-21T17:40:00Z,7.54,28.746
2022-03-21T17:42:00Z,7.343,28.712
2022-03-21T17:44:00Z,7.405,28.678
2022-03-21T17:46:00Z,7.446,28.695
2022-03-21T17:48:00Z,7.184,28.626
2022-03-21T17:50:00Z,7.452,28.686
2022-03-21T17:52:00Z,7.074,28.626
2022-03-21T17:54:00Z,7.146,28.601
2022-03-21T17:56:00Z,6.901,28.549
2022-03-21T17:58:00Z,7.128,28.549
2022-03-21T18:00:00Z,6.961,28.575
2022-03-21T18:02:00Z,6.777,28.481
2022-03-21T18:04:00Z,6.9,28.498
2022-03-21T18:06:00Z,6.637,28.447
2022-03-21T18:08:00Z,6.619,28.404
2022-03-21T18:10:00Z,6.707,28.447
2022-03-21T18:12:00Z,6.607,28.413
2022-03-21T18:14:00Z,6.576,28.413
2022-03-21T18:16:00Z,6.595,28.379
2022-03-21T18:18:00Z,6.412,28.344
2022-03-21T18:20:00Z,6.574,28.344
2022-03-21T18:22:00Z,6.583,28.336
2022-03-21T18:24:00Z,6.417,28.285
2022-03-21T18:26:00Z,6.339,28.25
2022-03-21T18:28:00Z,6.055,28.174
2022-03-21T18:30:00Z,6.044,28.14
2022-03-21T18:32:00Z,6.207,28.114
2022-03-21T18:34:00Z,6.363,28.123
2022-03-21T18:36:00Z,6.077,28.08
2022-03-21T18:38:00Z,6.054,28.114
2022-03-21T18:40:00Z,6.659,28.225
2022-03-21T18:42:00Z,6.28,28.114
2022-03-21T18:44:00Z,6.152,28.097
2022-03-21T18:46:00Z,6.058,28.054
2022-03-21T18:48:00Z,6.643,28.182
2022-03-21T18:50:00Z,6.15,28.08
2022-03-21T18:52:00Z,6.372,28.131
2022-03-21T18:54:00Z,6.215,28.08
2022-03-21T18:56:00Z,6.528,28.148
2022-03-21T18:58:00Z,6.359,28.123
2022-03-21T19:00:00Z,6.4,28.148
2022-03-21T19:02:00Z,6.129,28.063
2022-03-21T19:04:00Z,6.05,28.063
2022-03-21T19:06:00Z,5.984,28.029
2022-03-21T19:08:00Z,6.094,28.046
2022-03-21T19:10:00Z,6.139,28.029
2022-03-21T19:12:00Z,6.324,28.097
2022-03-21T19:14:00Z,6.057,28.02
2022-03-21T19:16:00Z,5.939,27.978
2022-03-21T19:18:00Z,5.96,27.969
2022-03-21T19:20:00Z,5.87,27.961
2022-03-21T19:22:00Z,5.911,27.995
2022-03-21T19:24:00Z,5.828,27.927
2022-03-21T19:26:00Z,5.878,27.927
2022-03-21T19:28:00Z,5.852,27.918
2022-03-21T19:30:00Z,5.74,27.901
2022-03-21T19:32:00Z,5.996,27.944
2022-03-21T19:34:00Z,5.816,27.875
2022-03-21T19:36:00Z,6.028,27.909
2022-03-21T19:38:00Z,6.159,27.978
2022-03-21T19:40:00Z,5.938,27.944
2022-03-21T19:42:00Z,6.256,28.02
2022-03-21T19:44:00Z,6.088,27.995
2022-03-21T19:46:00Z,5.877,27.935
2022-03-21T19:48:00Z,5.902,27.978
2022-03-21T19:50:00Z,5.925,27.986
2022-03-21T19:52:00Z,5.953,27.978
2022-03-21T19:54:00Z,6.088,28.02
2022-03-21T19:56:00Z,5.202,27.773
2022-03-21T19:58:00Z,5.983,27.892
2022-03-21T20:00:00Z,5.738,27.918
2022-03-21T20:02:00Z,5.865,27.892
2022-03-21T20:04:00Z,6.351,28.02
2022-03-21T20:06:00Z,5.564,27.884
2022-03-21T20:08:00Z,6.203,28.029
2022-03-21T20:10:00Z,5.715,27.892
2022-03-21T20:12:00Z,5.989,27.952
2022-03-21T20:14:00Z,5.699,27.884
2022-03-21T20:16:00Z,5.503,27.816
2022-03-21T20:18:00Z,5.869,27.952
2022-03-21T20:20:00Z,5.75,27.841
2022-03-21T20:22:00Z,5.461,27.807
2022-03-21T20:24:00Z,6.082,27.986
2022-03-21T20:26:00Z,5.735,27.927
2022-03-21T20:28:00Z,6.295,28.003
2022-03-21T20:30:00Z,5.815,27.944
2022-03-21T20:32:00Z,5.526,27.85
2022-03-21T20:34:00Z,5.615,27.875
2022-03-21T20:36:00Z,5.607,27.944
2022-03-21T20:38:00Z,6.025,27.995
2022-03-21T20:40:00Z,5.675,27.927
2022-03-21T20:42:00Z,5.727,27.918
2022-03-21T20:44:00Z,5.471,27.858
2022-03-21T20:46:00Z,5.369,27.79
2022-03-21T20:48:00Z,5.231,27.756
2022-03-21T20:50:00Z,5.709,27.858
2022-03-21T20:52:00Z,5.333,27.799
2022-03-21T20:54:00Z,5.454,27.833
2022-03-21T20:56:00Z,5.747,27.884
2022-03-21T20:58:00Z,5.375,27.807
2022-03-21T21:00:00Z,5.558,27.875
2022-03-21T21:02:00Z,5.393,27.816
2022-03-21T21:04:00Z,5.567,27.816
2022-03-21T21:06:00Z,5.449,27.833
2022-03-21T21:08:00Z,5.782,27.944
2022-03-21T21:10:00Z,5.825,27.918
2022-03-21T21:12:00Z,5.524,27.875
2022-03-21T21:14:00Z,5.747,27.892
2022-03-21T21:16:00Z,5.262,27.867
2022-03-21T21:18:00Z,5.912,27.927
2022-03-21T21:20:00Z,6.269,28.071
2022-03-21T21:22:00Z,5.598,27.927
2022-03-21T21:24:00Z,5.73,27.961
2022-03-21T21:26:00Z,5.88,28.029
2022-03-21T21:28:00Z,5.779,27.969
2022-03-21T21:30:00Z,5.753,27.995
2022-03-21T21:32:00Z,6.265,28.037
2022-03-21T21:34:00Z,5.906,28.037
2022-03-21T21:36:00Z,5.736,27.986
2022-03-21T21:38:00Z,5.93,28.029
2022-03-21T21:40:00Z,5.616,27.944
2022-03-21T21:42:00Z,5.499,27.944
2022-03-21T21:44:00Z,5.46,27.909
2022-03-21T21:46:00Z,5.758,27.935
2022-03-21T21:48:00Z,5.821,27.935
2022-03-21T21:50:00Z,5.764,28.003
2022-03-21T21:52:00Z,5.88,27.995
2022-03-21T21:54:00Z,5.548,27.935
2022-03-21T21:56:00Z,5.704,27.927
2022-03-21T21:58:00Z,5.954,28.029
2022-03-21T22:00:00Z,5.635,27.944
2022-03-21T22:02:00Z,5.678,27.909
2022-03-21T22:04:00Z,5.754,27.969
2022-03-21T22:06:00Z,5.764,27.944
2022-03-21T22:08:00Z,5.809,27.952
2022-03-21T22:10:00Z,5.954,27.995
2022-03-21T22:12:00Z,5.55,27.935
2022-03-21T22:14:00Z,5.941,27.969
2022-03-21T22:16:00Z,5.696,27.978
2022-03-21T22:18:00Z,5.823,27.969
2022-03-21T22:20:00Z,6.001,27.978
2022-03-21T22:22:00Z,5.913,28.046
2022-03-21T22:24:00Z,6.018,28.029
2022-03-21T22:26:00Z,5.753,28.003
2022-03-21T22:28:00Z,5.722,27.961
2022-03-21T22:30:00Z,5.886,27.995
2022-03-21T22:32:00Z,6.022,27.995
2022-03-21T22:34:00Z,6.057,28.114
2022-03-21T22:36:00Z,6.127,28.063
2022-03-21T22:38:00Z,5.571,27.944
2022-03-21T22:40:00Z,5.824,28.029
2022-03-21T22:42:00Z,5.854,28.037
2022-03-21T22:44:00Z,5.794,27.961
2022-03-21T22:46:00Z,6.208,28.071
2022-03-21T22:48:00Z,6.021,28.003
2022-03-21T22:50:00Z,5.724,27.995
2022-03-21T22:52:00Z,5.882,28.012
2022-03-21T22:54:00Z,6.065,28.003
2022-03-21T22:56:00Z,6.067,27.986
2022-03-21T22:58:00Z,6.127,28.063
2022-03-21T23:00:00Z,5.762,27.986
2022-03-21T23:02:00Z,6.121,27.978
2022-03-21T23:04:00Z,5.875,28.037
2022-03-21T23:06:00Z,5.929,27.961
2022-03-21T23:08:00Z,5.755,28.012
2022-03-21T23:10:00Z,6.018,27.961
2022-03-21T23:12:00Z,5.852,27.978
2022-03-21T23:14:00Z,5.526,27.824
2022-03-21T23:16:00Z,6.022,27.884
2022-03-21T23:18:00Z,5.923,27.901
2022-03-21T23:20:00Z,5.823,27.858
2022-03-21T23:22:00Z,5.913,28.046
2022-03-21T23:24:00Z,5.844,27.978
2022-03-21T23:26:00Z,6.302,28.123
2022-03-21T23:28:00Z,6.211,28.165
2022-03-21T23:30:00Z,5.607,27.995
2022-03-21T23:32:00Z,6.338,28.14
2022-03-21T23:34:00Z,5.753,28.003
2022-03-21T23:36:00Z,5.193,27.739
2022-03-21T23:38:00Z,5.896,28.02
2022-03-21T23:40:00Z,6.05,28.046
2022-03-21T23:42:00Z,5.97,28.02
2022-03-21T23:44:00Z,6.146,28.054
2022-03-21T23:46:00Z,5.831,27.909
2022-03-21T23:48:00Z,5.903,27.884
2022-03-21T23:50:00Z,5.989,27.909
2022-03-21T23:52:00Z,5.925,27.858
2022-03-21T23:54:00Z,5.779,27.884
2022-03-21T23:56:00Z,5.993,27.867
2022-03-21T23:58:00Z,6.364,28.037
2022-03-22T00:00:00Z,6.127,28.08
2022-03-22T00:02:00Z,6.211,28.037
2022-03-22T00:04:00Z,6.421,28.105
2022-03-22T00:06:00Z,6.35,28.114
2022-03-22T00:08:00Z,6.424,28.157
2022-03-22T00:10:00Z,6.35,28.182
2022-03-22T00:12:00Z,6.313,28.182
2022-03-22T00:14:00Z,6.38,28.191
2022-03-22T00:16:00Z,6.386,28.174
2022-03-22T00:18:00Z,6.381,28.208
2022-03-22T00:20:00Z,6.336,28.199
2022-03-22T00:22:00Z,6.383,28.174
2022-03-22T00:24:00Z,6.352,28.199
2022-03-22T00:26:00Z,6.336,28.25
2022-03-22T00:28:00Z,6.315,28.268
2022-03-22T00:30:00Z,6.33,28.268
2022-03-22T00:32:00Z,6.315,28.242
2022-03-22T00:34:00Z,6.292,28.25
2022-03-22T00:36:00Z,6.338,28.225
2022-03-22T00:38:00Z,6.342,28.191
2022-03-22T00:40:00Z,6.325,28.208
2022-03-22T00:42:00Z,6.352,28.199
2022-03-22T00:44:00Z,6.312,28.233
2022-03-22T00:46:00Z,6.297,28.233
2022-03-22T00:48:00Z,6.312,28.225
2022-03-22T00:50:00Z,6.296,28.233
2022-03-22T00:52:00Z,6.29,28.25
2022-03-22T00:54:00Z,6.299,28.233
2022-03-22T00:56:00Z,6.286,28.233
2022-03-22T00:58:00Z,6.277,28.25
2022-03-22T01:00:00Z,6.288,28.242
2022-03-22T01:02:00Z,6.289,28.242
2022-03-22T01:04:00Z,6.284,28.242
2022-03-22T01:06:00Z,6.272,28.225
2022-03-22T01:08:00Z,6.263,28.225
2022-03-22T01:10:00Z,6.282,28.208
2022-03-22T01:12:00Z,6.267,28.208
2022-03-22T01:14:00Z,6.272,28.199
2022-03-22T01:16:00Z,6.265,28.199
2022-03-22T01:18:00Z,6.261,28.225
2022-03-22T01:20:00Z,6.236,28.25
2022-03-22T01:22:00Z,6.264,28.225
2022-03-22T01:24:00Z,6.244,28.216
2022-03-22T01:26:00Z,6.272,28.199
2022-03-22T01:28:00Z,6.307,28.165
2022-03-22T01:30:00Z,6.277,28.182
2022-03-22T01:32:00Z,6.252,28.199
2022-03-22T01:34:00Z,6.216,28.216
2022-03-22T01:36:00Z,6.261,28.216
2022-03-22T01:38:00Z,6.202,28.225
2022-03-22T01:40:00Z,6.2,28.233
2022-03-22T01:42:00Z,6.264,28.199
2022-03-22T01:44:00Z,6.249,28.174
2022-03-22T01:46:00Z,6.22,28.191
2022-03-22T01:48:00Z,6.206,28.208
2022-03-22T01:50:00Z,6.177,28.216
2022-03-22T01:52:00Z,6.221,28.208
2022-03-22T01:54:00Z,6.238,28.157
2022-03-22T01:56:00Z,6.213,28.174
2022-03-22T01:58:00Z,6.248,28.157
2022-03-22T02:00:00Z,6.202,28.182
2022-03-22T02:02:00Z,6.175,28.182
2022-03-22T02:04:00Z,6.193,28.182
2022-03-22T02:06:00Z,6.213,28.157
2022-03-22T02:08:00Z,6.192,28.165
2022-03-22T02:10:00Z,6.138,28.199
2022-03-22T02:12:00Z,6.19,28.182
2022-03-22T02:14:00Z,6.175,28.165
2022-03-22T02:16:00Z,6.171,28.148
2022-03-22T02:18:00Z,6.169,28.165
2022-03-22T02:20:00Z,6.104,28.191
2022-03-22T02:22:00Z,6.12,28.174
2022-03-22T02:24:00Z,6.138,28.174
2022-03-22T02:26:00Z,6.123,28.174
2022-03-22T02:28:00Z,6.115,28.174
2022-03-22T02:30:00Z,6.131,28.157
2022-03-22T02:32:00Z,6.135,28.148
2022-03-22T02:34:00Z,6.14,28.131
2022-03-22T02:36:00Z,6.044,28.182
2022-03-22T02:38:00Z,6.163,28.148
2022-03-22T02:40:00Z,6.144,28.123
2022-03-22T02:42:00Z,6.178,28.114
2022-03-22T02:44:00Z,6.108,28.123
2022-03-22T02:46:00Z,6.08,28.14
2022-03-22T02:48:00Z,6.047,28.148
2022-03-22T02:50:00Z,6.073,28.14
2022-03-22T02:52:00Z,6.101,28.114
2022-03-22T02:54:00Z,6.058,28.114
2022-03-22T02:56:00Z,6.023,28.114
2022-03-22T02:58:00Z,6.017,28.148
2022-03-22T03:00:00Z,6.08,28.114
2022-03-22T03:02:00Z,6.048,28.097
2022-03-22T03:04:00Z,6.067,28.08
2022-03-22T03:06:00Z,6.033,28.088
2022-03-22T03:08:00Z,5.991,28.114
2022-03-22T03:10:00Z,6.002,28.097
2022-03-22T03:12:00Z,6.087,28.071
2022-03-22T03:14:00Z,6.06,28.054
2022-03-22T03:16:00Z,6.071,28.046
2022-03-22T03:18:00Z,6.078,28.054
2022-03-22T03:20:00Z,5.972,28.088
2022-03-22T03:22:00Z,5.911,28.088
2022-03-22T03:24:00Z,5.991,28.088
2022-03-22T03:26:00Z,5.929,28.114
2022-03-22T03:28:00Z,5.917,28.123
2022-03-22T03:30:00Z,5.933,28.123
2022-03-22T03:32:00Z,5.94,28.114
2022-03-22T03:34:00Z,5.936,28.105
2022-03-22T03:36:00Z,5.942,28.105
2022-03-22T03:38:00Z,5.953,28.071
2022-03-22T03:40:00Z,5.963,28.071
2022-03-22T03:42:00Z,5.915,28.114
2022-03-22T03:44:00Z,5.958,28.097
2022-03-22T03:46:00Z,5.99,28.071
2022-03-22T03:48:00Z,5.929,28.08
2022-03-22T03:50:00Z,5.914,28.071
2022-03-22T03:52:00Z,5.95,28.088
2022-03-22T03:54:00Z,5.995,28.063
2022-03-22T03:56:00Z,6.016,28.046
2022-03-22T03:58:00Z,6.027,28.029
2022-03-22T04:00:00Z,5.899,28.012
2022-03-22T04:02:00Z,6.01,28.003
2022-03-22T04:04:00Z,5.795,28.003
2022-03-22T04:06:00Z,6.067,27.986
2022-03-22T04:08:00Z,6.044,27.995
2022-03-22T04:10:00Z,6.039,28.02
2022-03-22T04:12:00Z,5.923,27.995
2022-03-22T04:14:00Z,6.031,28.02
2022-03-22T04:16:00Z,6.012,28.037
2022-03-22T04:18:00Z,5.951,28.046
2022-03-22T04:20:00Z,6,28.046
2022-03-22T04:22:00Z,5.813,28.037
2022-03-22T04:24:00Z,5.999,28.003
2022-03-22T04:26:00Z,6.041,28.003
2022-03-22T04:28:00Z,5.977,27.952
2022-03-22T04:30:00Z,6.075,27.952
2022-03-22T04:32:00Z,5.737,27.978
2022-03-22T04:34:00Z,5.989,27.978
2022-03-22T04:36:00Z,6.058,27.995
2022-03-22T04:38:00Z,5.919,28.02
2022-03-22T04:40:00Z,6.036,27.995
2022-03-22T04:42:00Z,5.84,27.986
2022-03-22T04:44:00Z,5.847,27.978
2022-03-22T04:46:00Z,5.543,27.978
2022-03-22T04:48:00Z,5.639,27.969
2022-03-22T04:50:00Z,5.559,27.961
2022-03-22T04:52:00Z,5.747,27.961
2022-03-22T04:54:00Z,5.439,27.935
2022-03-22T04:56:00Z,5.522,27.918
2022-03-22T04:58:00Z,5.8,27.944
2022-03-22T05:00:00Z,5.813,27.952
2022-03-22T05:02:00Z,5.7,27.909
2022-03-22T05:04:00Z,5.885,27.918
2022-03-22T05:06:00Z,5.254,27.901
2022-03-22T05:08:00Z,5.742,27.867
2022-03-22T05:10:00Z,5.664,27.875
2022-03-22T05:12:00Z,5.553,27.858
2022-03-22T05:14:00Z,5.754,27.884
2022-03-22T05:16:00Z,5.605,27.875
2022-03-22T05:18:00Z,5.443,27.858
2022-03-22T05:20:00Z,5.62,27.841
2022-03-22T05:22:00Z,5.731,27.833
2022-03-22T05:24:00Z,5.88,27.875
2022-03-22T05:26:00Z,5.408,27.867
2022-03-22T05:28:00Z,5.221,27.807
2022-03-22T05:30:00Z,5.714,27.841
2022-03-22T05:32:00Z,5.334,27.807
2022-03-22T05:34:00Z,5.326,27.799
2022-03-22T05:36:00Z,5.581,27.79
2022-03-22T05:38:00Z,5.64,27.799
2022-03-22T05:40:00Z,5.648,27.782
2022-03-22T05:42:00Z,5.483,27.782
2022-03-22T05:44:00Z,5.477,27.756
2022-03-22T05:46:00Z,5.356,27.748
2022-03-22T05:48:00Z,5.659,27.756
2022-03-22T05:50:00Z,5.225,27.705
2022-03-22T05:52:00Z,5.647,27.748
2022-03-22T05:54:00Z,5.381,27.705
2022-03-22T05:56:00Z,5.39,27.722
2022-03-22T05:58:00Z,5.507,27.705
2022-03-22T06:00:00Z,5.377,27.671
2022-03-22T06:02:00Z,5.207,27.637
2022-03-22T06:04:00Z,5.157,27.629
2022-03-22T06:06:00Z,5.283,27.62
2022-03-22T06:08:00Z,5.325,27.62
2022-03-22T06:10:00Z,5.35,27.663
2022-03-22T06:12:00Z,5.468,27.697
2022-03-22T06:14:00Z,5.055,27.637
2022-03-22T06:16:00Z,5.308,27.654
2022-03-22T06:18:00Z,5.236,27.663
2022-03-22T06:20:00Z,5.294,27.629
2022-03-22T06:22:00Z,5.309,27.637
2022-03-22T06:24:00Z,4.897,27.552
2022-03-22T06:26:00Z,4.851,27.484
2022-03-22T06:28:00Z,4.86,27.459
2022-03-22T06:30:00Z,5,27.493
2022-03-22T06:32:00Z,4.811,27.476
2022-03-22T06:34:00Z,4.907,27.467
2022-03-22T06:36:00Z,4.475,27.399
2022-03-22T06:38:00Z,4.411,27.391
2022-03-22T06:40:00Z,4.367,27.391
2022-03-22T06:42:00Z,4.61,27.425
2022-03-22T06:44:00Z,4.407,27.399
2022-03-22T06:46:00Z,4.193,27.348
2022-03-22T06:48:00Z,3.971,27.289
2022-03-22T06:50:00Z,4.197,27.306
2022-03-22T06:52:00Z,4.067,27.289
2022-03-22T06:54:00Z,4.161,27.289
2022-03-22T06:56:00Z,4.234,27.323
2022-03-22T06:58:00Z,3.96,27.263
2022-03-22T07:00:00Z,3.548,27.153
2022-03-22T07:02:00Z,3.841,27.178
2022-03-22T07:04:00Z,3.944,27.153
2022-03-22T07:06:00Z,4.089,27.204
2022-03-22T07:08:00Z,3.591,27.136
2022-03-22T07:10:00Z,3.532,27.094
2022-03-22T07:12:00Z,3.724,27.136
2022-03-22T07:14:00Z,3.25,27
2022-03-22T07:16:00Z,3.857,27.068
2022-03-22T07:18:00Z,3.39,27.026
2022-03-22T07:20:00Z,4.092,27.136
2022-03-22T07:22:00Z,3.53,27.136
2022-03-22T07:24:00Z,3.53,27.017
2022-03-22T07:26:00Z,4.187,27.119
2022-03-22T07:28:00Z,4.211,27.17
2022-03-22T07:30:00Z,3.983,27.17
2022-03-22T07:32:00Z,4.259,27.204
2022-03-22T07:34:00Z,3.648,27.051
2022-03-22T07:36:00Z,4.279,27.161
2022-03-22T07:38:00Z,4.138,27.17
2022-03-22T07:40:00Z,4.036,27.102
2022-03-22T07:42:00Z,4.034,27.051
2022-03-22T07:44:00Z,4.39,27.128
2022-03-22T07:46:00Z,3.966,27.051
2022-03-22T07:48:00Z,4.424,27.212
2022-03-22T07:50:00Z,3.96,27.085
2022-03-22T07:52:00Z,4.159,27.153
2022-03-22T07:54:00Z,4.513,27.229
2022-03-22T07:56:00Z,4.35,27.187
2022-03-22T07:58:00Z,3.833,27.051
2022-03-22T08:00:00Z,4.198,27.144
2022-03-22T08:02:00Z,4.44,27.136
2022-03-22T08:04:00Z,4.25,27.161
2022-03-22T08:06:00Z,4.576,27.212
2022-03-22T08:08:00Z,4.112,27.161
2022-03-22T08:10:00Z,4.518,27.238
2022-03-22T08:12:00Z,4.41,27.195
2022-03-22T08:14:00Z,4.293,27.178
2022-03-22T08:16:00Z,4.313,27.221
2022-03-22T08:18:00Z,4.737,27.28
2022-03-22T08:20:00Z,4.749,27.331
2022-03-22T08:22:00Z,4.753,27.34
2022-03-22T08:24:00Z,4.784,27.297
2022-03-22T08:26:00Z,4.687,27.314
2022-03-22T08:28:00Z,4.753,27.391
2022-03-22T08:30:00Z,4.62,27.331
2022-03-22T08:32:00Z,5.162,27.442
2022-03-22T08:34:00Z,4.562,27.357
2022-03-22T08:36:00Z,5.109,27.476
2022-03-22T08:38:00Z,4.95,27.45
2022-03-22T08:40:00Z,4.991,27.442
2022-03-22T08:42:00Z,4.41,27.357
2022-03-22T08:44:00Z,5.292,27.527
2022-03-22T08:46:00Z,4.999,27.476
2022-03-22T08:48:00Z,4.782,27.459
2022-03-22T08:50:00Z,5.483,27.586
2022-03-22T08:52:00Z,4.928,27.467
2022-03-22T08:54:00Z,5.244,27.569
2022-03-22T08:56:00Z,4.853,27.51
2022-03-22T08:58:00Z,5.256,27.561
2022-03-22T09:00:00Z,5.436,27.561
2022-03-22T09:02:00Z,5.784,27.714
2022-03-22T09:04:00Z,5.28,27.646
2022-03-22T09:06:00Z,5.53,27.637
2022-03-22T09:08:00Z,5.309,27.62
2022-03-22T09:10:00Z,5.838,27.782
2022-03-22T09:12:00Z,5.416,27.705
2022-03-22T09:14:00Z,5.573,27.705
2022-03-22T09:16:00Z,5.539,27.705
2022-03-22T09:18:00Z,5.492,27.739
2022-03-22T09:20:00Z,5.56,27.773
2022-03-22T09:22:00Z,5.458,27.765
2022-03-22T09:24:00Z,5.194,27.85
2022-03-22T09:26:00Z,5.437,27.773
2022-03-22T09:28:00Z,4.569,27.612
2022-03-22T09:30:00Z,5.71,27.909
2022-03-22T09:32:00Z,5.279,27.833
2022-03-22T09:34:00Z,5.899,27.986
2022-03-22T09:36:00Z,5.777,28.003
2022-03-22T09:38:00Z,5.728,27.969
2022-03-22T09:40:00Z,4.744,27.85
2022-03-22T09:42:00Z,5.764,28.012
2022-03-22T09:44:00Z,4.545,27.867
2022-03-22T09:46:00Z,4.106,27.858
2022-03-22T09:48:00Z,4.281,27.646
2022-03-22T09:50:00Z,5.212,27.807
2022-03-22T09:52:00Z,4.88,27.858
2022-03-22T09:54:00Z,5.34,27.935
2022-03-22T09:56:00Z,4.309,27.782
2022-03-22T09:58:00Z,4.718,27.884
2022-03-22T10:00:00Z,5.996,28.029
2022-03-22T10:02:00Z,5.143,28.148
2022-03-22T10:04:00Z,3.311,27.807
2022-03-22T10:06:00Z,3.213,27.688
2022-03-22T10:08:00Z,3.878,27.807
2022-03-22T10:10:00Z,4.345,27.969
2022-03-22T10:12:00Z,4.716,27.765
2022-03-22T10:14:00Z,4.681,27.688
2022-03-22T10:16:00Z,5.115,27.816
2022-03-22T10:18:00Z,4.725,27.756
2022-03-22T10:20:00Z,5.138,27.79
2022-03-22T10:22:00Z,5.368,27.969
2022-03-22T10:24:00Z,4.989,27.85
2022-03-22T10:26:00Z,6.242,28.105
2022-03-22T10:28:00Z,5.441,28.029
2022-03-22T10:30:00Z,6.14,28.174
2022-03-22T10:32:00Z,5.547,28.105
2022-03-22T10:34:00Z,5.483,28.012
2022-03-22T10:36:00Z,5.743,28.123
2022-03-22T10:38:00Z,5.972,28.233
2022-03-22T10:40:00Z,4.913,27.986
2022-03-22T10:42:00Z,5.721,28.259
2022-03-22T10:44:00Z,5.784,28.199
2022-03-22T10:46:00Z,6.339,28.379
2022-03-22T10:48:00Z,5.778,28.285
2022-03-22T10:50:00Z,7.591,28.789
2022-03-22T10:52:00Z,7.203,28.695
2022-03-22T10:54:00Z,6.999,28.712
2022-03-22T10:56:00Z,7.078,28.712
2022-03-22T10:58:00Z,7.557,28.866
2022-03-22T11:00:00Z,7.474,28.84
2022-03-22T11:02:00Z,6.647,28.643
2022-03-22T11:04:00Z,7.472,28.703
2022-03-22T11:06:00Z,7.012,28.575
2022-03-22T11:08:00Z,7.584,28.635
2022-03-22T11:10:00Z,6.73,28.609
2022-03-22T11:12:00Z,6.832,28.592
2022-03-22T11:14:00Z,7.538,28.84
2022-03-22T11:16:00Z,7.868,28.832
2022-03-22T11:18:00Z,7.842,28.926
2022-03-22T11:20:00Z,7.835,28.977
2022-03-22T11:22:00Z,7.859,29.063
2022-03-22T11:24:00Z,7.834,29.106
2022-03-22T11:26:00Z,8.047,29.063
2022-03-22T11:28:00Z,7.789,29.037
2022-03-22T11:30:00Z,8.089,29.072
2022-03-22T11:32:00Z,7.977,29.029
2022-03-22T11:34:00Z,7.996,29.046
2022-03-22T11:36:00Z,8.176,29.14
2022-03-22T11:38:00Z,8.162,29.097
